ISO-10303-21;
HEADER;
/* Generated by software containing ST-Developer
 * from STEP Tools, Inc. (www.steptools.com) 
 */
/* OPTION: using custom renumber hook */

FILE_DESCRIPTION(
/* description */ ('STEP AP242 Edition 2',
'CAx-IF Rec.Pracs.---Representation and Presentation of Product Manufa
cturing Information (PMI)---4.0---2014-10-13',
'CAx-IF Rec.Pracs.---3D Tessellated Geometry---0.4---2014-09-14','2;1',
'CAx-IF Rec.Pracs.---User Defined Attributes---1.5---2016-08-15'),
/* implementation_level */ '2;1');

FILE_NAME(
/* name */ 'Avionics Bay - Avionics Bay',
/* time_stamp */ '2026-08-27T17:39:05Z',
/* author */ (''),
/* organization */ (''),
/* preprocessor_version */ 'ST-DEVELOPER v20',
/* originating_system */ 'ONSHAPE BY PTC INC, 1.219',
/* authorisation */ '  ');

FILE_SCHEMA (('AP242_MANAGED_MODEL_BASED_3D_ENGINEERING_MIM_LF { 1 0 10303 442 3 1 4 }'));
ENDSEC;

DATA;
#10=SHAPE_REPRESENTATION_RELATIONSHIP('','',#5433,#11);
#11=ADVANCED_BREP_SHAPE_REPRESENTATION('',(#5431),#9691);
#12=TOROIDAL_SURFACE('',#5570,0.0366735795103144,0.00122642048968553);
#13=TOROIDAL_SURFACE('',#5572,0.0366735795103144,0.00122642048968553);
#14=TOROIDAL_SURFACE('',#5573,0.0366735795103144,0.00122642048968553);
#15=TOROIDAL_SURFACE('',#5595,0.0018396307345283,0.000919815367264149);
#16=TOROIDAL_SURFACE('',#5597,0.0018396307345283,0.000919815367264149);
#17=TOROIDAL_SURFACE('',#5599,0.0018396307345283,0.000919815367264149);
#18=TOROIDAL_SURFACE('',#5613,0.0018396307345283,0.000919815367264149);
#19=TOROIDAL_SURFACE('',#5615,0.0018396307345283,0.000919815367264149);
#20=TOROIDAL_SURFACE('',#5617,0.0018396307345283,0.000919815367264149);
#21=TOROIDAL_SURFACE('',#5625,0.0018396307345283,0.000919815367264149);
#22=TOROIDAL_SURFACE('',#5627,0.0018396307345283,0.000919815367264149);
#23=TOROIDAL_SURFACE('',#5647,0.0018396204,0.0009198102);
#24=TOROIDAL_SURFACE('',#5650,0.0018396204,0.0009198102);
#25=TOROIDAL_SURFACE('',#5667,0.0018396204,0.0009198102);
#26=TOROIDAL_SURFACE('',#5669,0.0018396204,0.0009198102);
#27=TOROIDAL_SURFACE('',#5671,0.0018396204,0.0009198102);
#28=TOROIDAL_SURFACE('',#5673,0.0018396204,0.0009198102);
#29=TOROIDAL_SURFACE('',#5683,0.0018396204,0.0009198102);
#30=TOROIDAL_SURFACE('',#5685,0.0018396204,0.0009198102);
#31=TOROIDAL_SURFACE('',#5732,0.0018396204,0.0009198102);
#32=TOROIDAL_SURFACE('',#5735,0.0018396204,0.0009198102);
#33=TOROIDAL_SURFACE('',#5752,0.0018396204,0.0009198102);
#34=TOROIDAL_SURFACE('',#5754,0.0018396204,0.0009198102);
#35=TOROIDAL_SURFACE('',#5756,0.0018396204,0.0009198102);
#36=TOROIDAL_SURFACE('',#5758,0.0018396204,0.0009198102);
#37=TOROIDAL_SURFACE('',#5768,0.0018396204,0.0009198102);
#38=TOROIDAL_SURFACE('',#5770,0.0018396204,0.0009198102);
#39=TOROIDAL_SURFACE('',#5776,0.0018396204,0.0009198102);
#40=TOROIDAL_SURFACE('',#5779,0.0018396204,0.0009198102);
#41=TOROIDAL_SURFACE('',#5796,0.0018396204,0.0009198102);
#42=TOROIDAL_SURFACE('',#5798,0.0018396204,0.0009198102);
#43=TOROIDAL_SURFACE('',#5800,0.0018396204,0.0009198102);
#44=TOROIDAL_SURFACE('',#5802,0.0018396204,0.0009198102);
#45=TOROIDAL_SURFACE('',#5812,0.0018396204,0.0009198102);
#46=TOROIDAL_SURFACE('',#5814,0.0018396204,0.0009198102);
#47=TOROIDAL_SURFACE('',#5820,0.0018396204,0.0009198102);
#48=TOROIDAL_SURFACE('',#5823,0.0018396204,0.0009198102);
#49=TOROIDAL_SURFACE('',#5840,0.0018396204,0.0009198102);
#50=TOROIDAL_SURFACE('',#5842,0.0018396204,0.0009198102);
#51=TOROIDAL_SURFACE('',#5844,0.0018396204,0.0009198102);
#52=TOROIDAL_SURFACE('',#5846,0.0018396204,0.0009198102);
#53=TOROIDAL_SURFACE('',#5856,0.0018396204,0.0009198102);
#54=TOROIDAL_SURFACE('',#5858,0.0018396204,0.0009198102);
#55=TOROIDAL_SURFACE('',#5864,0.0018396204,0.0009198102);
#56=TOROIDAL_SURFACE('',#5867,0.0018396204,0.0009198102);
#57=TOROIDAL_SURFACE('',#5884,0.0018396204,0.0009198102);
#58=TOROIDAL_SURFACE('',#5886,0.0018396204,0.0009198102);
#59=TOROIDAL_SURFACE('',#5888,0.0018396204,0.0009198102);
#60=TOROIDAL_SURFACE('',#5890,0.0018396204,0.0009198102);
#61=TOROIDAL_SURFACE('',#5900,0.0018396204,0.0009198102);
#62=TOROIDAL_SURFACE('',#5902,0.0018396204,0.0009198102);
#63=TOROIDAL_SURFACE('',#5908,0.0018396204,0.0009198102);
#64=TOROIDAL_SURFACE('',#5911,0.0018396204,0.0009198102);
#65=TOROIDAL_SURFACE('',#5928,0.0018396204,0.0009198102);
#66=TOROIDAL_SURFACE('',#5930,0.0018396204,0.0009198102);
#67=TOROIDAL_SURFACE('',#5932,0.0018396204,0.0009198102);
#68=TOROIDAL_SURFACE('',#5934,0.0018396204,0.0009198102);
#69=TOROIDAL_SURFACE('',#5944,0.0018396204,0.0009198102);
#70=TOROIDAL_SURFACE('',#5946,0.0018396204,0.0009198102);
#71=TOROIDAL_SURFACE('',#5952,0.0018396204,0.0009198102);
#72=TOROIDAL_SURFACE('',#5955,0.0018396204,0.0009198102);
#73=TOROIDAL_SURFACE('',#5972,0.0018396204,0.0009198102);
#74=TOROIDAL_SURFACE('',#5974,0.0018396204,0.0009198102);
#75=TOROIDAL_SURFACE('',#5976,0.0018396204,0.0009198102);
#76=TOROIDAL_SURFACE('',#5978,0.0018396204,0.0009198102);
#77=TOROIDAL_SURFACE('',#5988,0.0018396204,0.0009198102);
#78=TOROIDAL_SURFACE('',#5990,0.0018396204,0.0009198102);
#79=TOROIDAL_SURFACE('',#5996,0.0018396204,0.0009198102);
#80=TOROIDAL_SURFACE('',#5999,0.0018396204,0.0009198102);
#81=TOROIDAL_SURFACE('',#6016,0.0018396204,0.0009198102);
#82=TOROIDAL_SURFACE('',#6018,0.0018396204,0.0009198102);
#83=TOROIDAL_SURFACE('',#6020,0.0018396204,0.0009198102);
#84=TOROIDAL_SURFACE('',#6022,0.0018396204,0.0009198102);
#85=TOROIDAL_SURFACE('',#6032,0.0018396204,0.0009198102);
#86=TOROIDAL_SURFACE('',#6034,0.0018396204,0.0009198102);
#87=TOROIDAL_SURFACE('',#6040,0.0018396204,0.0009198102);
#88=TOROIDAL_SURFACE('',#6043,0.0018396204,0.0009198102);
#89=TOROIDAL_SURFACE('',#6060,0.0018396204,0.0009198102);
#90=TOROIDAL_SURFACE('',#6062,0.0018396204,0.0009198102);
#91=TOROIDAL_SURFACE('',#6064,0.0018396204,0.0009198102);
#92=TOROIDAL_SURFACE('',#6066,0.0018396204,0.0009198102);
#93=TOROIDAL_SURFACE('',#6076,0.0018396204,0.0009198102);
#94=TOROIDAL_SURFACE('',#6078,0.0018396204,0.0009198102);
#95=TOROIDAL_SURFACE('',#6084,0.0018396204,0.0009198102);
#96=TOROIDAL_SURFACE('',#6087,0.0018396204,0.0009198102);
#97=TOROIDAL_SURFACE('',#6104,0.0018396204,0.0009198102);
#98=TOROIDAL_SURFACE('',#6106,0.0018396204,0.0009198102);
#99=TOROIDAL_SURFACE('',#6108,0.0018396204,0.0009198102);
#100=TOROIDAL_SURFACE('',#6110,0.0018396204,0.0009198102);
#101=TOROIDAL_SURFACE('',#6120,0.0018396204,0.0009198102);
#102=TOROIDAL_SURFACE('',#6122,0.0018396204,0.0009198102);
#103=TOROIDAL_SURFACE('',#6128,0.0018396204,0.0009198102);
#104=TOROIDAL_SURFACE('',#6131,0.0018396204,0.0009198102);
#105=TOROIDAL_SURFACE('',#6148,0.0018396204,0.0009198102);
#106=TOROIDAL_SURFACE('',#6150,0.0018396204,0.0009198102);
#107=TOROIDAL_SURFACE('',#6152,0.0018396204,0.0009198102);
#108=TOROIDAL_SURFACE('',#6154,0.0018396204,0.0009198102);
#109=TOROIDAL_SURFACE('',#6164,0.0018396204,0.0009198102);
#110=TOROIDAL_SURFACE('',#6166,0.0018396204,0.0009198102);
#111=B_SPLINE_CURVE_WITH_KNOTS('',3,(#8587,#8588,#8589,#8590,#8591,#8592,
#8593,#8594,#8595,#8596,#8597),.UNSPECIFIED.,.F.,.F.,(4,1,1,1,1,1,1,1,4),
(0.,0.00199595952245428,0.00399191904490856,0.00598787856736284,0.00798383808981712,
0.0099797976122714,0.0119757571347257,0.01397171665718,0.0159676761796342),
 .UNSPECIFIED.);
#112=B_SPLINE_CURVE_WITH_KNOTS('',3,(#8603,#8604,#8605,#8606,#8607,#8608,
#8609,#8610,#8611,#8612,#8613),.UNSPECIFIED.,.F.,.F.,(4,1,1,1,1,1,1,1,4),
(0.,0.00199595952245428,0.00399191904490856,0.00598787856736284,0.00798383808981713,
0.00997979761227141,0.0119757571347257,0.01397171665718,0.0159676761796343),
 .UNSPECIFIED.);
#113=B_SPLINE_CURVE_WITH_KNOTS('',3,(#8618,#8619,#8620,#8621,#8622),
 .UNSPECIFIED.,.F.,.F.,(4,1,4),(0.,0.000958646468408185,0.00191729293681637),
 .UNSPECIFIED.);
#114=B_SPLINE_CURVE_WITH_KNOTS('',3,(#8623,#8624,#8625,#8626,#8627),
 .UNSPECIFIED.,.F.,.F.,(4,1,4),(0.,0.000958646468408185,0.00191729293681637),
 .UNSPECIFIED.);
#115=B_SPLINE_CURVE_WITH_KNOTS('',3,(#8629,#8630,#8631,#8632),
 .UNSPECIFIED.,.F.,.F.,(4,4),(0.000220470629612272,0.00176961168889192),
 .UNSPECIFIED.);
#116=B_SPLINE_CURVE_WITH_KNOTS('',3,(#8633,#8634,#8635,#8636,#8637),
 .UNSPECIFIED.,.F.,.F.,(4,1,4),(0.,0.000958646468408185,0.00191729293681637),
 .UNSPECIFIED.);
#117=B_SPLINE_CURVE_WITH_KNOTS('',3,(#8639,#8640,#8641,#8642),
 .UNSPECIFIED.,.F.,.F.,(4,4),(0.000220470629612272,0.00176961168889192),
 .UNSPECIFIED.);
#118=B_SPLINE_CURVE_WITH_KNOTS('',3,(#8643,#8644,#8645,#8646,#8647),
 .UNSPECIFIED.,.F.,.F.,(4,1,4),(0.,0.000958646468408185,0.00191729293681637),
 .UNSPECIFIED.);
#119=B_SPLINE_CURVE_WITH_KNOTS('',3,(#8686,#8687,#8688,#8689,#8690),
 .UNSPECIFIED.,.F.,.F.,(4,1,4),(0.,0.000941653905545851,0.0018833078110917),
 .UNSPECIFIED.);
#120=B_SPLINE_CURVE_WITH_KNOTS('',3,(#8698,#8699,#8700,#8701,#8702),
 .UNSPECIFIED.,.F.,.F.,(4,1,4),(0.,0.000941653905545851,0.0018833078110917),
 .UNSPECIFIED.);
#121=B_SPLINE_CURVE_WITH_KNOTS('',3,(#8852,#8853,#8854,#8855,#8856,#8857,
#8858,#8859,#8860,#8861,#8862,#8863,#8864,#8865,#8866,#8867,#8868,#8869,
#8870,#8871,#8872,#8873,#8874,#8875,#8876,#8877,#8878,#8879,#8880,#8881,
#8882,#8883,#8884,#8885,#8886),.UNSPECIFIED.,.T.,.F.,(1,1,1,1,1,1,1,1,1,
1,1,1,1,1,1,1,1,1,1,1,1,1,1,1,1,1,1,1,1,1,1,1,1,1,1,1,1,1,1),(-0.00285491907945557,
-0.00190327938630372,-0.000951639693151859,3.75154366963281E-19,0.000951639693151858,
0.00190327938630372,0.00285491907945557,0.00380655877260743,0.00475819846575929,
0.00570983815891115,0.00666147785206301,0.00761311754521486,0.00856475723836672,
0.00951639693151858,0.0104680366246704,0.0114196763178223,0.0123713160109742,
0.013322955704126,0.0142745953972779,0.0152262350904297,0.0161778747835816,
0.0171295144767334,0.0180811541698853,0.0190327938630372,0.019984433556189,
0.0209360732493409,0.0218877129424927,0.0228393526356446,0.0237909923287965,
0.0247426320219483,0.0256942717151002,0.026645911408252,0.0275975511014039,
0.0285491907945557,0.0295008304877076,0.0304524701808595,0.0314041098740113,
0.0323557495671632,0.033307389260315),.UNSPECIFIED.);
#122=CYLINDRICAL_SURFACE('',#5554,0.0379);
#123=CYLINDRICAL_SURFACE('',#5564,0.0379);
#124=CYLINDRICAL_SURFACE('',#5567,0.0379);
#125=CYLINDRICAL_SURFACE('',#5571,0.00122642048968553);
#126=CYLINDRICAL_SURFACE('',#5574,0.00122642048968553);
#127=CYLINDRICAL_SURFACE('',#5589,0.000919815367264149);
#128=CYLINDRICAL_SURFACE('',#5592,0.000919815367264149);
#129=CYLINDRICAL_SURFACE('',#5602,0.000919815367264149);
#130=CYLINDRICAL_SURFACE('',#5604,0.000919815367264149);
#131=CYLINDRICAL_SURFACE('',#5606,0.000919815367264149);
#132=CYLINDRICAL_SURFACE('',#5608,0.000919815367264149);
#133=CYLINDRICAL_SURFACE('',#5610,0.000919815367264149);
#134=CYLINDRICAL_SURFACE('',#5619,0.000919815367264149);
#135=CYLINDRICAL_SURFACE('',#5621,0.000919815367264149);
#136=CYLINDRICAL_SURFACE('',#5623,0.000919815367264149);
#137=CYLINDRICAL_SURFACE('',#5629,0.000919815367264149);
#138=CYLINDRICAL_SURFACE('',#5644,0.0009198102);
#139=CYLINDRICAL_SURFACE('',#5653,0.0009198102);
#140=CYLINDRICAL_SURFACE('',#5655,0.0009198102);
#141=CYLINDRICAL_SURFACE('',#5657,0.0009198102);
#142=CYLINDRICAL_SURFACE('',#5660,0.0009198102);
#143=CYLINDRICAL_SURFACE('',#5662,0.0009198102);
#144=CYLINDRICAL_SURFACE('',#5664,0.0009198102);
#145=CYLINDRICAL_SURFACE('',#5675,0.0009198102);
#146=CYLINDRICAL_SURFACE('',#5677,0.0009198102);
#147=CYLINDRICAL_SURFACE('',#5679,0.0009198102);
#148=CYLINDRICAL_SURFACE('',#5681,0.0009198102);
#149=CYLINDRICAL_SURFACE('',#5687,0.0009198102);
#150=CYLINDRICAL_SURFACE('',#5688,0.0028);
#151=CYLINDRICAL_SURFACE('',#5729,0.0009198102);
#152=CYLINDRICAL_SURFACE('',#5738,0.0009198102);
#153=CYLINDRICAL_SURFACE('',#5740,0.0009198102);
#154=CYLINDRICAL_SURFACE('',#5742,0.0009198102);
#155=CYLINDRICAL_SURFACE('',#5745,0.0009198102);
#156=CYLINDRICAL_SURFACE('',#5747,0.0009198102);
#157=CYLINDRICAL_SURFACE('',#5749,0.0009198102);
#158=CYLINDRICAL_SURFACE('',#5760,0.0009198102);
#159=CYLINDRICAL_SURFACE('',#5762,0.0009198102);
#160=CYLINDRICAL_SURFACE('',#5764,0.0009198102);
#161=CYLINDRICAL_SURFACE('',#5766,0.0009198102);
#162=CYLINDRICAL_SURFACE('',#5772,0.0009198102);
#163=CYLINDRICAL_SURFACE('',#5773,0.0009198102);
#164=CYLINDRICAL_SURFACE('',#5782,0.0009198102);
#165=CYLINDRICAL_SURFACE('',#5784,0.0009198102);
#166=CYLINDRICAL_SURFACE('',#5786,0.0009198102);
#167=CYLINDRICAL_SURFACE('',#5789,0.0009198102);
#168=CYLINDRICAL_SURFACE('',#5791,0.0009198102);
#169=CYLINDRICAL_SURFACE('',#5793,0.0009198102);
#170=CYLINDRICAL_SURFACE('',#5804,0.0009198102);
#171=CYLINDRICAL_SURFACE('',#5806,0.0009198102);
#172=CYLINDRICAL_SURFACE('',#5808,0.0009198102);
#173=CYLINDRICAL_SURFACE('',#5810,0.0009198102);
#174=CYLINDRICAL_SURFACE('',#5816,0.0009198102);
#175=CYLINDRICAL_SURFACE('',#5817,0.0009198102);
#176=CYLINDRICAL_SURFACE('',#5826,0.0009198102);
#177=CYLINDRICAL_SURFACE('',#5828,0.0009198102);
#178=CYLINDRICAL_SURFACE('',#5830,0.0009198102);
#179=CYLINDRICAL_SURFACE('',#5833,0.0009198102);
#180=CYLINDRICAL_SURFACE('',#5835,0.0009198102);
#181=CYLINDRICAL_SURFACE('',#5837,0.0009198102);
#182=CYLINDRICAL_SURFACE('',#5848,0.0009198102);
#183=CYLINDRICAL_SURFACE('',#5850,0.0009198102);
#184=CYLINDRICAL_SURFACE('',#5852,0.0009198102);
#185=CYLINDRICAL_SURFACE('',#5854,0.0009198102);
#186=CYLINDRICAL_SURFACE('',#5860,0.0009198102);
#187=CYLINDRICAL_SURFACE('',#5861,0.0009198102);
#188=CYLINDRICAL_SURFACE('',#5870,0.0009198102);
#189=CYLINDRICAL_SURFACE('',#5872,0.0009198102);
#190=CYLINDRICAL_SURFACE('',#5874,0.0009198102);
#191=CYLINDRICAL_SURFACE('',#5877,0.0009198102);
#192=CYLINDRICAL_SURFACE('',#5879,0.0009198102);
#193=CYLINDRICAL_SURFACE('',#5881,0.0009198102);
#194=CYLINDRICAL_SURFACE('',#5892,0.0009198102);
#195=CYLINDRICAL_SURFACE('',#5894,0.0009198102);
#196=CYLINDRICAL_SURFACE('',#5896,0.0009198102);
#197=CYLINDRICAL_SURFACE('',#5898,0.0009198102);
#198=CYLINDRICAL_SURFACE('',#5904,0.0009198102);
#199=CYLINDRICAL_SURFACE('',#5905,0.0009198102);
#200=CYLINDRICAL_SURFACE('',#5914,0.0009198102);
#201=CYLINDRICAL_SURFACE('',#5916,0.0009198102);
#202=CYLINDRICAL_SURFACE('',#5918,0.0009198102);
#203=CYLINDRICAL_SURFACE('',#5921,0.0009198102);
#204=CYLINDRICAL_SURFACE('',#5923,0.0009198102);
#205=CYLINDRICAL_SURFACE('',#5925,0.0009198102);
#206=CYLINDRICAL_SURFACE('',#5936,0.0009198102);
#207=CYLINDRICAL_SURFACE('',#5938,0.0009198102);
#208=CYLINDRICAL_SURFACE('',#5940,0.0009198102);
#209=CYLINDRICAL_SURFACE('',#5942,0.0009198102);
#210=CYLINDRICAL_SURFACE('',#5948,0.0009198102);
#211=CYLINDRICAL_SURFACE('',#5949,0.0009198102);
#212=CYLINDRICAL_SURFACE('',#5958,0.0009198102);
#213=CYLINDRICAL_SURFACE('',#5960,0.0009198102);
#214=CYLINDRICAL_SURFACE('',#5962,0.0009198102);
#215=CYLINDRICAL_SURFACE('',#5965,0.0009198102);
#216=CYLINDRICAL_SURFACE('',#5967,0.0009198102);
#217=CYLINDRICAL_SURFACE('',#5969,0.0009198102);
#218=CYLINDRICAL_SURFACE('',#5980,0.0009198102);
#219=CYLINDRICAL_SURFACE('',#5982,0.0009198102);
#220=CYLINDRICAL_SURFACE('',#5984,0.0009198102);
#221=CYLINDRICAL_SURFACE('',#5986,0.0009198102);
#222=CYLINDRICAL_SURFACE('',#5992,0.0009198102);
#223=CYLINDRICAL_SURFACE('',#5993,0.0009198102);
#224=CYLINDRICAL_SURFACE('',#6002,0.0009198102);
#225=CYLINDRICAL_SURFACE('',#6004,0.0009198102);
#226=CYLINDRICAL_SURFACE('',#6006,0.0009198102);
#227=CYLINDRICAL_SURFACE('',#6009,0.0009198102);
#228=CYLINDRICAL_SURFACE('',#6011,0.0009198102);
#229=CYLINDRICAL_SURFACE('',#6013,0.0009198102);
#230=CYLINDRICAL_SURFACE('',#6024,0.0009198102);
#231=CYLINDRICAL_SURFACE('',#6026,0.0009198102);
#232=CYLINDRICAL_SURFACE('',#6028,0.0009198102);
#233=CYLINDRICAL_SURFACE('',#6030,0.0009198102);
#234=CYLINDRICAL_SURFACE('',#6036,0.0009198102);
#235=CYLINDRICAL_SURFACE('',#6037,0.0009198102);
#236=CYLINDRICAL_SURFACE('',#6046,0.0009198102);
#237=CYLINDRICAL_SURFACE('',#6048,0.0009198102);
#238=CYLINDRICAL_SURFACE('',#6050,0.0009198102);
#239=CYLINDRICAL_SURFACE('',#6053,0.0009198102);
#240=CYLINDRICAL_SURFACE('',#6055,0.0009198102);
#241=CYLINDRICAL_SURFACE('',#6057,0.0009198102);
#242=CYLINDRICAL_SURFACE('',#6068,0.0009198102);
#243=CYLINDRICAL_SURFACE('',#6070,0.0009198102);
#244=CYLINDRICAL_SURFACE('',#6072,0.0009198102);
#245=CYLINDRICAL_SURFACE('',#6074,0.0009198102);
#246=CYLINDRICAL_SURFACE('',#6080,0.0009198102);
#247=CYLINDRICAL_SURFACE('',#6081,0.0009198102);
#248=CYLINDRICAL_SURFACE('',#6090,0.0009198102);
#249=CYLINDRICAL_SURFACE('',#6092,0.0009198102);
#250=CYLINDRICAL_SURFACE('',#6094,0.0009198102);
#251=CYLINDRICAL_SURFACE('',#6097,0.0009198102);
#252=CYLINDRICAL_SURFACE('',#6099,0.0009198102);
#253=CYLINDRICAL_SURFACE('',#6101,0.0009198102);
#254=CYLINDRICAL_SURFACE('',#6112,0.0009198102);
#255=CYLINDRICAL_SURFACE('',#6114,0.0009198102);
#256=CYLINDRICAL_SURFACE('',#6116,0.0009198102);
#257=CYLINDRICAL_SURFACE('',#6118,0.0009198102);
#258=CYLINDRICAL_SURFACE('',#6124,0.0009198102);
#259=CYLINDRICAL_SURFACE('',#6125,0.0009198102);
#260=CYLINDRICAL_SURFACE('',#6134,0.0009198102);
#261=CYLINDRICAL_SURFACE('',#6136,0.0009198102);
#262=CYLINDRICAL_SURFACE('',#6138,0.0009198102);
#263=CYLINDRICAL_SURFACE('',#6141,0.0009198102);
#264=CYLINDRICAL_SURFACE('',#6143,0.0009198102);
#265=CYLINDRICAL_SURFACE('',#6145,0.0009198102);
#266=CYLINDRICAL_SURFACE('',#6156,0.0009198102);
#267=CYLINDRICAL_SURFACE('',#6158,0.0009198102);
#268=CYLINDRICAL_SURFACE('',#6160,0.0009198102);
#269=CYLINDRICAL_SURFACE('',#6162,0.0009198102);
#270=CYLINDRICAL_SURFACE('',#6168,0.0009198102);
#271=CYLINDRICAL_SURFACE('',#6169,0.0028);
#272=CYLINDRICAL_SURFACE('',#6170,0.0028);
#273=LINE('',#8027,#650);
#274=LINE('',#8031,#651);
#275=LINE('',#8035,#652);
#276=LINE('',#8039,#653);
#277=LINE('',#8043,#654);
#278=LINE('',#8047,#655);
#279=LINE('',#8051,#656);
#280=LINE('',#8055,#657);
#281=LINE('',#8059,#658);
#282=LINE('',#8063,#659);
#283=LINE('',#8067,#660);
#284=LINE('',#8071,#661);
#285=LINE('',#8075,#662);
#286=LINE('',#8079,#663);
#287=LINE('',#8083,#664);
#288=LINE('',#8087,#665);
#289=LINE('',#8091,#666);
#290=LINE('',#8095,#667);
#291=LINE('',#8099,#668);
#292=LINE('',#8103,#669);
#293=LINE('',#8107,#670);
#294=LINE('',#8111,#671);
#295=LINE('',#8115,#672);
#296=LINE('',#8119,#673);
#297=LINE('',#8123,#674);
#298=LINE('',#8127,#675);
#299=LINE('',#8131,#676);
#300=LINE('',#8135,#677);
#301=LINE('',#8136,#678);
#302=LINE('',#8139,#679);
#303=LINE('',#8141,#680);
#304=LINE('',#8143,#681);
#305=LINE('',#8144,#682);
#306=LINE('',#8147,#683);
#307=LINE('',#8149,#684);
#308=LINE('',#8151,#685);
#309=LINE('',#8155,#686);
#310=LINE('',#8159,#687);
#311=LINE('',#8163,#688);
#312=LINE('',#8167,#689);
#313=LINE('',#8171,#690);
#314=LINE('',#8175,#691);
#315=LINE('',#8179,#692);
#316=LINE('',#8183,#693);
#317=LINE('',#8187,#694);
#318=LINE('',#8191,#695);
#319=LINE('',#8195,#696);
#320=LINE('',#8199,#697);
#321=LINE('',#8204,#698);
#322=LINE('',#8208,#699);
#323=LINE('',#8212,#700);
#324=LINE('',#8216,#701);
#325=LINE('',#8220,#702);
#326=LINE('',#8224,#703);
#327=LINE('',#8228,#704);
#328=LINE('',#8232,#705);
#329=LINE('',#8236,#706);
#330=LINE('',#8240,#707);
#331=LINE('',#8244,#708);
#332=LINE('',#8248,#709);
#333=LINE('',#8252,#710);
#334=LINE('',#8256,#711);
#335=LINE('',#8260,#712);
#336=LINE('',#8264,#713);
#337=LINE('',#8268,#714);
#338=LINE('',#8272,#715);
#339=LINE('',#8276,#716);
#340=LINE('',#8280,#717);
#341=LINE('',#8284,#718);
#342=LINE('',#8288,#719);
#343=LINE('',#8292,#720);
#344=LINE('',#8296,#721);
#345=LINE('',#8300,#722);
#346=LINE('',#8304,#723);
#347=LINE('',#8308,#724);
#348=LINE('',#8312,#725);
#349=LINE('',#8313,#726);
#350=LINE('',#8316,#727);
#351=LINE('',#8318,#728);
#352=LINE('',#8320,#729);
#353=LINE('',#8321,#730);
#354=LINE('',#8324,#731);
#355=LINE('',#8326,#732);
#356=LINE('',#8328,#733);
#357=LINE('',#8330,#734);
#358=LINE('',#8332,#735);
#359=LINE('',#8334,#736);
#360=LINE('',#8336,#737);
#361=LINE('',#8337,#738);
#362=LINE('',#8340,#739);
#363=LINE('',#8342,#740);
#364=LINE('',#8344,#741);
#365=LINE('',#8345,#742);
#366=LINE('',#8348,#743);
#367=LINE('',#8350,#744);
#368=LINE('',#8352,#745);
#369=LINE('',#8354,#746);
#370=LINE('',#8356,#747);
#371=LINE('',#8358,#748);
#372=LINE('',#8360,#749);
#373=LINE('',#8364,#750);
#374=LINE('',#8368,#751);
#375=LINE('',#8372,#752);
#376=LINE('',#8376,#753);
#377=LINE('',#8380,#754);
#378=LINE('',#8384,#755);
#379=LINE('',#8388,#756);
#380=LINE('',#8392,#757);
#381=LINE('',#8396,#758);
#382=LINE('',#8400,#759);
#383=LINE('',#8404,#760);
#384=LINE('',#8408,#761);
#385=LINE('',#8414,#762);
#386=LINE('',#8418,#763);
#387=LINE('',#8422,#764);
#388=LINE('',#8426,#765);
#389=LINE('',#8428,#766);
#390=LINE('',#8433,#767);
#391=LINE('',#8439,#768);
#392=LINE('',#8443,#769);
#393=LINE('',#8447,#770);
#394=LINE('',#8451,#771);
#395=LINE('',#8453,#772);
#396=LINE('',#8455,#773);
#397=LINE('',#8457,#774);
#398=LINE('',#8459,#775);
#399=LINE('',#8461,#776);
#400=LINE('',#8463,#777);
#401=LINE('',#8465,#778);
#402=LINE('',#8467,#779);
#403=LINE('',#8469,#780);
#404=LINE('',#8471,#781);
#405=LINE('',#8473,#782);
#406=LINE('',#8475,#783);
#407=LINE('',#8476,#784);
#408=LINE('',#8478,#785);
#409=LINE('',#8480,#786);
#410=LINE('',#8482,#787);
#411=LINE('',#8484,#788);
#412=LINE('',#8486,#789);
#413=LINE('',#8488,#790);
#414=LINE('',#8490,#791);
#415=LINE('',#8492,#792);
#416=LINE('',#8494,#793);
#417=LINE('',#8496,#794);
#418=LINE('',#8498,#795);
#419=LINE('',#8500,#796);
#420=LINE('',#8502,#797);
#421=LINE('',#8504,#798);
#422=LINE('',#8506,#799);
#423=LINE('',#8508,#800);
#424=LINE('',#8509,#801);
#425=LINE('',#8511,#802);
#426=LINE('',#8513,#803);
#427=LINE('',#8515,#804);
#428=LINE('',#8517,#805);
#429=LINE('',#8523,#806);
#430=LINE('',#8527,#807);
#431=LINE('',#8531,#808);
#432=LINE('',#8535,#809);
#433=LINE('',#8540,#810);
#434=LINE('',#8544,#811);
#435=LINE('',#8548,#812);
#436=LINE('',#8552,#813);
#437=LINE('',#8559,#814);
#438=LINE('',#8565,#815);
#439=LINE('',#8569,#816);
#440=LINE('',#8571,#817);
#441=LINE('',#8573,#818);
#442=LINE('',#8577,#819);
#443=LINE('',#8579,#820);
#444=LINE('',#8581,#821);
#445=LINE('',#8650,#822);
#446=LINE('',#8652,#823);
#447=LINE('',#8654,#824);
#448=LINE('',#8656,#825);
#449=LINE('',#8659,#826);
#450=LINE('',#8661,#827);
#451=LINE('',#8663,#828);
#452=LINE('',#8665,#829);
#453=LINE('',#8668,#830);
#454=LINE('',#8671,#831);
#455=LINE('',#8673,#832);
#456=LINE('',#8675,#833);
#457=LINE('',#8677,#834);
#458=LINE('',#8680,#835);
#459=LINE('',#8682,#836);
#460=LINE('',#8684,#837);
#461=LINE('',#8692,#838);
#462=LINE('',#8694,#839);
#463=LINE('',#8696,#840);
#464=LINE('',#8704,#841);
#465=LINE('',#8707,#842);
#466=LINE('',#8709,#843);
#467=LINE('',#8711,#844);
#468=LINE('',#8754,#845);
#469=LINE('',#8755,#846);
#470=LINE('',#8757,#847);
#471=LINE('',#8759,#848);
#472=LINE('',#8762,#849);
#473=LINE('',#8765,#850);
#474=LINE('',#8768,#851);
#475=LINE('',#8771,#852);
#476=LINE('',#8773,#853);
#477=LINE('',#8775,#854);
#478=LINE('',#8779,#855);
#479=LINE('',#8782,#856);
#480=LINE('',#8784,#857);
#481=LINE('',#8786,#858);
#482=LINE('',#8788,#859);
#483=LINE('',#8791,#860);
#484=LINE('',#8793,#861);
#485=LINE('',#8795,#862);
#486=LINE('',#8799,#863);
#487=LINE('',#8802,#864);
#488=LINE('',#8804,#865);
#489=LINE('',#8806,#866);
#490=LINE('',#8889,#867);
#491=LINE('',#8892,#868);
#492=LINE('',#8894,#869);
#493=LINE('',#8896,#870);
#494=LINE('',#8898,#871);
#495=LINE('',#8901,#872);
#496=LINE('',#8903,#873);
#497=LINE('',#8905,#874);
#498=LINE('',#8907,#875);
#499=LINE('',#8910,#876);
#500=LINE('',#8912,#877);
#501=LINE('',#8914,#878);
#502=LINE('',#8916,#879);
#503=LINE('',#8919,#880);
#504=LINE('',#8921,#881);
#505=LINE('',#8923,#882);
#506=LINE('',#8925,#883);
#507=LINE('',#8928,#884);
#508=LINE('',#8930,#885);
#509=LINE('',#8932,#886);
#510=LINE('',#8934,#887);
#511=LINE('',#8937,#888);
#512=LINE('',#8939,#889);
#513=LINE('',#8941,#890);
#514=LINE('',#8943,#891);
#515=LINE('',#8946,#892);
#516=LINE('',#8948,#893);
#517=LINE('',#8950,#894);
#518=LINE('',#8952,#895);
#519=LINE('',#8955,#896);
#520=LINE('',#8957,#897);
#521=LINE('',#8959,#898);
#522=LINE('',#8961,#899);
#523=LINE('',#8964,#900);
#524=LINE('',#8966,#901);
#525=LINE('',#8968,#902);
#526=LINE('',#8970,#903);
#527=LINE('',#8973,#904);
#528=LINE('',#8975,#905);
#529=LINE('',#8977,#906);
#530=LINE('',#8979,#907);
#531=LINE('',#8982,#908);
#532=LINE('',#8984,#909);
#533=LINE('',#8986,#910);
#534=LINE('',#8988,#911);
#535=LINE('',#8991,#912);
#536=LINE('',#8993,#913);
#537=LINE('',#8995,#914);
#538=LINE('',#8997,#915);
#539=LINE('',#9000,#916);
#540=LINE('',#9002,#917);
#541=LINE('',#9004,#918);
#542=LINE('',#9006,#919);
#543=LINE('',#9009,#920);
#544=LINE('',#9011,#921);
#545=LINE('',#9013,#922);
#546=LINE('',#9015,#923);
#547=LINE('',#9018,#924);
#548=LINE('',#9020,#925);
#549=LINE('',#9022,#926);
#550=LINE('',#9024,#927);
#551=LINE('',#9027,#928);
#552=LINE('',#9029,#929);
#553=LINE('',#9031,#930);
#554=LINE('',#9033,#931);
#555=LINE('',#9036,#932);
#556=LINE('',#9038,#933);
#557=LINE('',#9040,#934);
#558=LINE('',#9042,#935);
#559=LINE('',#9045,#936);
#560=LINE('',#9047,#937);
#561=LINE('',#9049,#938);
#562=LINE('',#9051,#939);
#563=LINE('',#9054,#940);
#564=LINE('',#9056,#941);
#565=LINE('',#9058,#942);
#566=LINE('',#9060,#943);
#567=LINE('',#9063,#944);
#568=LINE('',#9065,#945);
#569=LINE('',#9067,#946);
#570=LINE('',#9069,#947);
#571=LINE('',#9072,#948);
#572=LINE('',#9074,#949);
#573=LINE('',#9076,#950);
#574=LINE('',#9078,#951);
#575=LINE('',#9081,#952);
#576=LINE('',#9083,#953);
#577=LINE('',#9085,#954);
#578=LINE('',#9087,#955);
#579=LINE('',#9090,#956);
#580=LINE('',#9092,#957);
#581=LINE('',#9094,#958);
#582=LINE('',#9096,#959);
#583=LINE('',#9099,#960);
#584=LINE('',#9101,#961);
#585=LINE('',#9103,#962);
#586=LINE('',#9105,#963);
#587=LINE('',#9108,#964);
#588=LINE('',#9110,#965);
#589=LINE('',#9112,#966);
#590=LINE('',#9114,#967);
#591=LINE('',#9117,#968);
#592=LINE('',#9119,#969);
#593=LINE('',#9121,#970);
#594=LINE('',#9123,#971);
#595=LINE('',#9126,#972);
#596=LINE('',#9128,#973);
#597=LINE('',#9130,#974);
#598=LINE('',#9132,#975);
#599=LINE('',#9135,#976);
#600=LINE('',#9137,#977);
#601=LINE('',#9139,#978);
#602=LINE('',#9141,#979);
#603=LINE('',#9144,#980);
#604=LINE('',#9146,#981);
#605=LINE('',#9148,#982);
#606=LINE('',#9150,#983);
#607=LINE('',#9153,#984);
#608=LINE('',#9155,#985);
#609=LINE('',#9157,#986);
#610=LINE('',#9159,#987);
#611=LINE('',#9162,#988);
#612=LINE('',#9164,#989);
#613=LINE('',#9166,#990);
#614=LINE('',#9168,#991);
#615=LINE('',#9171,#992);
#616=LINE('',#9173,#993);
#617=LINE('',#9175,#994);
#618=LINE('',#9177,#995);
#619=LINE('',#9180,#996);
#620=LINE('',#9182,#997);
#621=LINE('',#9184,#998);
#622=LINE('',#9186,#999);
#623=LINE('',#9189,#1000);
#624=LINE('',#9191,#1001);
#625=LINE('',#9193,#1002);
#626=LINE('',#9195,#1003);
#627=LINE('',#9198,#1004);
#628=LINE('',#9200,#1005);
#629=LINE('',#9202,#1006);
#630=LINE('',#9204,#1007);
#631=LINE('',#9207,#1008);
#632=LINE('',#9209,#1009);
#633=LINE('',#9211,#1010);
#634=LINE('',#9213,#1011);
#635=LINE('',#9216,#1012);
#636=LINE('',#9218,#1013);
#637=LINE('',#9220,#1014);
#638=LINE('',#9222,#1015);
#639=LINE('',#9225,#1016);
#640=LINE('',#9227,#1017);
#641=LINE('',#9229,#1018);
#642=LINE('',#9231,#1019);
#643=LINE('',#9234,#1020);
#644=LINE('',#9236,#1021);
#645=LINE('',#9238,#1022);
#646=LINE('',#9240,#1023);
#647=LINE('',#9243,#1024);
#648=LINE('',#9245,#1025);
#649=LINE('',#9247,#1026);
#650=VECTOR('',#6177,1.);
#651=VECTOR('',#6180,1.);
#652=VECTOR('',#6183,1.);
#653=VECTOR('',#6186,1.);
#654=VECTOR('',#6189,1.);
#655=VECTOR('',#6192,1.);
#656=VECTOR('',#6195,1.);
#657=VECTOR('',#6198,1.);
#658=VECTOR('',#6201,1.);
#659=VECTOR('',#6204,1.);
#660=VECTOR('',#6207,1.);
#661=VECTOR('',#6210,1.);
#662=VECTOR('',#6213,1.);
#663=VECTOR('',#6216,1.);
#664=VECTOR('',#6219,1.);
#665=VECTOR('',#6222,1.);
#666=VECTOR('',#6225,1.);
#667=VECTOR('',#6228,1.);
#668=VECTOR('',#6231,1.);
#669=VECTOR('',#6234,1.);
#670=VECTOR('',#6237,1.);
#671=VECTOR('',#6240,1.);
#672=VECTOR('',#6243,1.);
#673=VECTOR('',#6246,1.);
#674=VECTOR('',#6249,1.);
#675=VECTOR('',#6252,1.);
#676=VECTOR('',#6255,1.);
#677=VECTOR('',#6258,1.);
#678=VECTOR('',#6259,1.);
#679=VECTOR('',#6260,1.);
#680=VECTOR('',#6261,1.);
#681=VECTOR('',#6262,1.);
#682=VECTOR('',#6263,1.);
#683=VECTOR('',#6264,1.);
#684=VECTOR('',#6265,1.);
#685=VECTOR('',#6266,1.);
#686=VECTOR('',#6269,1.);
#687=VECTOR('',#6272,1.);
#688=VECTOR('',#6275,1.);
#689=VECTOR('',#6278,1.);
#690=VECTOR('',#6281,1.);
#691=VECTOR('',#6284,1.);
#692=VECTOR('',#6287,1.);
#693=VECTOR('',#6290,1.);
#694=VECTOR('',#6293,1.);
#695=VECTOR('',#6296,1.);
#696=VECTOR('',#6299,1.);
#697=VECTOR('',#6302,1.);
#698=VECTOR('',#6307,1.);
#699=VECTOR('',#6310,1.);
#700=VECTOR('',#6313,1.);
#701=VECTOR('',#6316,1.);
#702=VECTOR('',#6319,1.);
#703=VECTOR('',#6322,1.);
#704=VECTOR('',#6325,1.);
#705=VECTOR('',#6328,1.);
#706=VECTOR('',#6331,1.);
#707=VECTOR('',#6334,1.);
#708=VECTOR('',#6337,1.);
#709=VECTOR('',#6340,1.);
#710=VECTOR('',#6343,1.);
#711=VECTOR('',#6346,1.);
#712=VECTOR('',#6349,1.);
#713=VECTOR('',#6352,1.);
#714=VECTOR('',#6355,1.);
#715=VECTOR('',#6358,1.);
#716=VECTOR('',#6361,1.);
#717=VECTOR('',#6364,1.);
#718=VECTOR('',#6367,1.);
#719=VECTOR('',#6370,1.);
#720=VECTOR('',#6373,1.);
#721=VECTOR('',#6376,1.);
#722=VECTOR('',#6379,1.);
#723=VECTOR('',#6382,1.);
#724=VECTOR('',#6385,1.);
#725=VECTOR('',#6388,1.);
#726=VECTOR('',#6389,1.);
#727=VECTOR('',#6390,1.);
#728=VECTOR('',#6391,1.);
#729=VECTOR('',#6392,1.);
#730=VECTOR('',#6393,1.);
#731=VECTOR('',#6394,1.);
#732=VECTOR('',#6395,1.);
#733=VECTOR('',#6396,1.);
#734=VECTOR('',#6397,1.);
#735=VECTOR('',#6398,1.);
#736=VECTOR('',#6399,1.);
#737=VECTOR('',#6400,1.);
#738=VECTOR('',#6401,1.);
#739=VECTOR('',#6402,1.);
#740=VECTOR('',#6403,1.);
#741=VECTOR('',#6404,1.);
#742=VECTOR('',#6405,1.);
#743=VECTOR('',#6406,1.);
#744=VECTOR('',#6407,1.);
#745=VECTOR('',#6408,1.);
#746=VECTOR('',#6409,1.);
#747=VECTOR('',#6410,1.);
#748=VECTOR('',#6411,1.);
#749=VECTOR('',#6412,1.);
#750=VECTOR('',#6415,1.);
#751=VECTOR('',#6418,1.);
#752=VECTOR('',#6421,1.);
#753=VECTOR('',#6424,1.);
#754=VECTOR('',#6427,1.);
#755=VECTOR('',#6430,1.);
#756=VECTOR('',#6433,1.);
#757=VECTOR('',#6436,1.);
#758=VECTOR('',#6439,1.);
#759=VECTOR('',#6442,1.);
#760=VECTOR('',#6445,1.);
#761=VECTOR('',#6448,1.);
#762=VECTOR('',#6455,1.);
#763=VECTOR('',#6458,1.);
#764=VECTOR('',#6461,1.);
#765=VECTOR('',#6464,1.);
#766=VECTOR('',#6467,1.);
#767=VECTOR('',#6470,1.);
#768=VECTOR('',#6475,1.);
#769=VECTOR('',#6478,1.);
#770=VECTOR('',#6481,1.);
#771=VECTOR('',#6484,1.);
#772=VECTOR('',#6487,1.);
#773=VECTOR('',#6488,1.);
#774=VECTOR('',#6489,1.);
#775=VECTOR('',#6490,1.);
#776=VECTOR('',#6491,1.);
#777=VECTOR('',#6494,1.);
#778=VECTOR('',#6495,1.);
#779=VECTOR('',#6498,1.);
#780=VECTOR('',#6499,1.);
#781=VECTOR('',#6500,1.);
#782=VECTOR('',#6501,1.);
#783=VECTOR('',#6504,1.);
#784=VECTOR('',#6505,1.);
#785=VECTOR('',#6506,1.);
#786=VECTOR('',#6507,1.);
#787=VECTOR('',#6508,1.);
#788=VECTOR('',#6509,1.);
#789=VECTOR('',#6512,1.);
#790=VECTOR('',#6513,1.);
#791=VECTOR('',#6514,1.);
#792=VECTOR('',#6517,1.);
#793=VECTOR('',#6518,1.);
#794=VECTOR('',#6519,1.);
#795=VECTOR('',#6520,1.);
#796=VECTOR('',#6523,1.);
#797=VECTOR('',#6524,1.);
#798=VECTOR('',#6525,1.);
#799=VECTOR('',#6526,1.);
#800=VECTOR('',#6529,1.);
#801=VECTOR('',#6530,1.);
#802=VECTOR('',#6531,1.);
#803=VECTOR('',#6532,1.);
#804=VECTOR('',#6533,1.);
#805=VECTOR('',#6534,1.);
#806=VECTOR('',#6541,1.);
#807=VECTOR('',#6544,1.);
#808=VECTOR('',#6547,1.);
#809=VECTOR('',#6550,1.);
#810=VECTOR('',#6555,1.);
#811=VECTOR('',#6558,1.);
#812=VECTOR('',#6561,1.);
#813=VECTOR('',#6564,1.);
#814=VECTOR('',#6575,1.);
#815=VECTOR('',#6584,1.);
#816=VECTOR('',#6589,1.);
#817=VECTOR('',#6590,1.);
#818=VECTOR('',#6591,1.);
#819=VECTOR('',#6596,1.);
#820=VECTOR('',#6597,1.);
#821=VECTOR('',#6598,1.);
#822=VECTOR('',#6627,1.);
#823=VECTOR('',#6630,1.);
#824=VECTOR('',#6633,1.);
#825=VECTOR('',#6636,1.);
#826=VECTOR('',#6641,1.);
#827=VECTOR('',#6644,1.);
#828=VECTOR('',#6647,1.);
#829=VECTOR('',#6650,1.);
#830=VECTOR('',#6655,1.);
#831=VECTOR('',#6656,1.);
#832=VECTOR('',#6657,1.);
#833=VECTOR('',#6658,1.);
#834=VECTOR('',#6661,1.);
#835=VECTOR('',#6662,1.);
#836=VECTOR('',#6663,1.);
#837=VECTOR('',#6664,1.);
#838=VECTOR('',#6667,1.);
#839=VECTOR('',#6668,1.);
#840=VECTOR('',#6669,1.);
#841=VECTOR('',#6672,1.);
#842=VECTOR('',#6673,1.);
#843=VECTOR('',#6674,1.);
#844=VECTOR('',#6675,1.);
#845=VECTOR('',#6760,1.);
#846=VECTOR('',#6761,1.);
#847=VECTOR('',#6764,1.);
#848=VECTOR('',#6767,1.);
#849=VECTOR('',#6772,1.);
#850=VECTOR('',#6777,1.);
#851=VECTOR('',#6782,1.);
#852=VECTOR('',#6783,1.);
#853=VECTOR('',#6784,1.);
#854=VECTOR('',#6785,1.);
#855=VECTOR('',#6790,1.);
#856=VECTOR('',#6791,1.);
#857=VECTOR('',#6792,1.);
#858=VECTOR('',#6793,1.);
#859=VECTOR('',#6796,1.);
#860=VECTOR('',#6797,1.);
#861=VECTOR('',#6798,1.);
#862=VECTOR('',#6799,1.);
#863=VECTOR('',#6804,1.);
#864=VECTOR('',#6805,1.);
#865=VECTOR('',#6806,1.);
#866=VECTOR('',#6807,1.);
#867=VECTOR('',#6900,1.);
#868=VECTOR('',#6901,1.);
#869=VECTOR('',#6902,1.);
#870=VECTOR('',#6903,1.);
#871=VECTOR('',#6906,1.);
#872=VECTOR('',#6907,1.);
#873=VECTOR('',#6908,1.);
#874=VECTOR('',#6909,1.);
#875=VECTOR('',#6912,1.);
#876=VECTOR('',#6913,1.);
#877=VECTOR('',#6914,1.);
#878=VECTOR('',#6915,1.);
#879=VECTOR('',#6918,1.);
#880=VECTOR('',#6919,1.);
#881=VECTOR('',#6920,1.);
#882=VECTOR('',#6921,1.);
#883=VECTOR('',#6924,1.);
#884=VECTOR('',#6925,1.);
#885=VECTOR('',#6926,1.);
#886=VECTOR('',#6927,1.);
#887=VECTOR('',#6930,1.);
#888=VECTOR('',#6931,1.);
#889=VECTOR('',#6932,1.);
#890=VECTOR('',#6933,1.);
#891=VECTOR('',#6936,1.);
#892=VECTOR('',#6937,1.);
#893=VECTOR('',#6938,1.);
#894=VECTOR('',#6939,1.);
#895=VECTOR('',#6942,1.);
#896=VECTOR('',#6943,1.);
#897=VECTOR('',#6944,1.);
#898=VECTOR('',#6945,1.);
#899=VECTOR('',#6948,1.);
#900=VECTOR('',#6949,1.);
#901=VECTOR('',#6950,1.);
#902=VECTOR('',#6951,1.);
#903=VECTOR('',#6954,1.);
#904=VECTOR('',#6955,1.);
#905=VECTOR('',#6956,1.);
#906=VECTOR('',#6957,1.);
#907=VECTOR('',#6960,1.);
#908=VECTOR('',#6961,1.);
#909=VECTOR('',#6962,1.);
#910=VECTOR('',#6963,1.);
#911=VECTOR('',#6966,1.);
#912=VECTOR('',#6967,1.);
#913=VECTOR('',#6968,1.);
#914=VECTOR('',#6969,1.);
#915=VECTOR('',#6972,1.);
#916=VECTOR('',#6973,1.);
#917=VECTOR('',#6974,1.);
#918=VECTOR('',#6975,1.);
#919=VECTOR('',#6978,1.);
#920=VECTOR('',#6979,1.);
#921=VECTOR('',#6980,1.);
#922=VECTOR('',#6981,1.);
#923=VECTOR('',#6984,1.);
#924=VECTOR('',#6985,1.);
#925=VECTOR('',#6986,1.);
#926=VECTOR('',#6987,1.);
#927=VECTOR('',#6990,1.);
#928=VECTOR('',#6991,1.);
#929=VECTOR('',#6992,1.);
#930=VECTOR('',#6993,1.);
#931=VECTOR('',#6996,1.);
#932=VECTOR('',#6997,1.);
#933=VECTOR('',#6998,1.);
#934=VECTOR('',#6999,1.);
#935=VECTOR('',#7002,1.);
#936=VECTOR('',#7003,1.);
#937=VECTOR('',#7004,1.);
#938=VECTOR('',#7005,1.);
#939=VECTOR('',#7008,1.);
#940=VECTOR('',#7009,1.);
#941=VECTOR('',#7010,1.);
#942=VECTOR('',#7011,1.);
#943=VECTOR('',#7014,1.);
#944=VECTOR('',#7015,1.);
#945=VECTOR('',#7016,1.);
#946=VECTOR('',#7017,1.);
#947=VECTOR('',#7020,1.);
#948=VECTOR('',#7021,1.);
#949=VECTOR('',#7022,1.);
#950=VECTOR('',#7023,1.);
#951=VECTOR('',#7026,1.);
#952=VECTOR('',#7027,1.);
#953=VECTOR('',#7028,1.);
#954=VECTOR('',#7029,1.);
#955=VECTOR('',#7032,1.);
#956=VECTOR('',#7033,1.);
#957=VECTOR('',#7034,1.);
#958=VECTOR('',#7035,1.);
#959=VECTOR('',#7038,1.);
#960=VECTOR('',#7039,1.);
#961=VECTOR('',#7040,1.);
#962=VECTOR('',#7041,1.);
#963=VECTOR('',#7044,1.);
#964=VECTOR('',#7045,1.);
#965=VECTOR('',#7046,1.);
#966=VECTOR('',#7047,1.);
#967=VECTOR('',#7050,1.);
#968=VECTOR('',#7051,1.);
#969=VECTOR('',#7052,1.);
#970=VECTOR('',#7053,1.);
#971=VECTOR('',#7056,1.);
#972=VECTOR('',#7057,1.);
#973=VECTOR('',#7058,1.);
#974=VECTOR('',#7059,1.);
#975=VECTOR('',#7062,1.);
#976=VECTOR('',#7063,1.);
#977=VECTOR('',#7064,1.);
#978=VECTOR('',#7065,1.);
#979=VECTOR('',#7068,1.);
#980=VECTOR('',#7069,1.);
#981=VECTOR('',#7070,1.);
#982=VECTOR('',#7071,1.);
#983=VECTOR('',#7074,1.);
#984=VECTOR('',#7075,1.);
#985=VECTOR('',#7076,1.);
#986=VECTOR('',#7077,1.);
#987=VECTOR('',#7080,1.);
#988=VECTOR('',#7081,1.);
#989=VECTOR('',#7082,1.);
#990=VECTOR('',#7083,1.);
#991=VECTOR('',#7086,1.);
#992=VECTOR('',#7087,1.);
#993=VECTOR('',#7088,1.);
#994=VECTOR('',#7089,1.);
#995=VECTOR('',#7092,1.);
#996=VECTOR('',#7093,1.);
#997=VECTOR('',#7094,1.);
#998=VECTOR('',#7095,1.);
#999=VECTOR('',#7098,1.);
#1000=VECTOR('',#7099,1.);
#1001=VECTOR('',#7100,1.);
#1002=VECTOR('',#7101,1.);
#1003=VECTOR('',#7104,1.);
#1004=VECTOR('',#7105,1.);
#1005=VECTOR('',#7106,1.);
#1006=VECTOR('',#7107,1.);
#1007=VECTOR('',#7110,1.);
#1008=VECTOR('',#7111,1.);
#1009=VECTOR('',#7112,1.);
#1010=VECTOR('',#7113,1.);
#1011=VECTOR('',#7116,1.);
#1012=VECTOR('',#7117,1.);
#1013=VECTOR('',#7118,1.);
#1014=VECTOR('',#7119,1.);
#1015=VECTOR('',#7122,1.);
#1016=VECTOR('',#7123,1.);
#1017=VECTOR('',#7124,1.);
#1018=VECTOR('',#7125,1.);
#1019=VECTOR('',#7128,1.);
#1020=VECTOR('',#7129,1.);
#1021=VECTOR('',#7130,1.);
#1022=VECTOR('',#7131,1.);
#1023=VECTOR('',#7134,1.);
#1024=VECTOR('',#7135,1.);
#1025=VECTOR('',#7136,1.);
#1026=VECTOR('',#7137,1.);
#1027=ORIENTED_EDGE('',*,*,#2603,.F.);
#1028=ORIENTED_EDGE('',*,*,#2604,.T.);
#1029=ORIENTED_EDGE('',*,*,#2605,.F.);
#1030=ORIENTED_EDGE('',*,*,#2606,.T.);
#1031=ORIENTED_EDGE('',*,*,#2607,.F.);
#1032=ORIENTED_EDGE('',*,*,#2608,.T.);
#1033=ORIENTED_EDGE('',*,*,#2609,.F.);
#1034=ORIENTED_EDGE('',*,*,#2610,.T.);
#1035=ORIENTED_EDGE('',*,*,#2611,.F.);
#1036=ORIENTED_EDGE('',*,*,#2612,.T.);
#1037=ORIENTED_EDGE('',*,*,#2613,.F.);
#1038=ORIENTED_EDGE('',*,*,#2614,.T.);
#1039=ORIENTED_EDGE('',*,*,#2615,.F.);
#1040=ORIENTED_EDGE('',*,*,#2616,.T.);
#1041=ORIENTED_EDGE('',*,*,#2617,.F.);
#1042=ORIENTED_EDGE('',*,*,#2618,.T.);
#1043=ORIENTED_EDGE('',*,*,#2619,.F.);
#1044=ORIENTED_EDGE('',*,*,#2620,.T.);
#1045=ORIENTED_EDGE('',*,*,#2621,.F.);
#1046=ORIENTED_EDGE('',*,*,#2622,.T.);
#1047=ORIENTED_EDGE('',*,*,#2623,.F.);
#1048=ORIENTED_EDGE('',*,*,#2624,.T.);
#1049=ORIENTED_EDGE('',*,*,#2625,.F.);
#1050=ORIENTED_EDGE('',*,*,#2626,.T.);
#1051=ORIENTED_EDGE('',*,*,#2627,.F.);
#1052=ORIENTED_EDGE('',*,*,#2628,.T.);
#1053=ORIENTED_EDGE('',*,*,#2629,.F.);
#1054=ORIENTED_EDGE('',*,*,#2630,.T.);
#1055=ORIENTED_EDGE('',*,*,#2631,.F.);
#1056=ORIENTED_EDGE('',*,*,#2632,.T.);
#1057=ORIENTED_EDGE('',*,*,#2633,.F.);
#1058=ORIENTED_EDGE('',*,*,#2634,.T.);
#1059=ORIENTED_EDGE('',*,*,#2635,.F.);
#1060=ORIENTED_EDGE('',*,*,#2636,.T.);
#1061=ORIENTED_EDGE('',*,*,#2637,.F.);
#1062=ORIENTED_EDGE('',*,*,#2638,.T.);
#1063=ORIENTED_EDGE('',*,*,#2639,.F.);
#1064=ORIENTED_EDGE('',*,*,#2640,.T.);
#1065=ORIENTED_EDGE('',*,*,#2641,.F.);
#1066=ORIENTED_EDGE('',*,*,#2642,.T.);
#1067=ORIENTED_EDGE('',*,*,#2643,.F.);
#1068=ORIENTED_EDGE('',*,*,#2644,.T.);
#1069=ORIENTED_EDGE('',*,*,#2645,.F.);
#1070=ORIENTED_EDGE('',*,*,#2646,.T.);
#1071=ORIENTED_EDGE('',*,*,#2647,.F.);
#1072=ORIENTED_EDGE('',*,*,#2648,.T.);
#1073=ORIENTED_EDGE('',*,*,#2649,.F.);
#1074=ORIENTED_EDGE('',*,*,#2650,.T.);
#1075=ORIENTED_EDGE('',*,*,#2651,.F.);
#1076=ORIENTED_EDGE('',*,*,#2652,.T.);
#1077=ORIENTED_EDGE('',*,*,#2653,.F.);
#1078=ORIENTED_EDGE('',*,*,#2654,.T.);
#1079=ORIENTED_EDGE('',*,*,#2655,.F.);
#1080=ORIENTED_EDGE('',*,*,#2656,.T.);
#1081=ORIENTED_EDGE('',*,*,#2657,.F.);
#1082=ORIENTED_EDGE('',*,*,#2658,.T.);
#1083=ORIENTED_EDGE('',*,*,#2659,.F.);
#1084=ORIENTED_EDGE('',*,*,#2660,.T.);
#1085=ORIENTED_EDGE('',*,*,#2661,.T.);
#1086=ORIENTED_EDGE('',*,*,#2662,.F.);
#1087=ORIENTED_EDGE('',*,*,#2663,.F.);
#1088=ORIENTED_EDGE('',*,*,#2664,.F.);
#1089=ORIENTED_EDGE('',*,*,#2665,.T.);
#1090=ORIENTED_EDGE('',*,*,#2666,.T.);
#1091=ORIENTED_EDGE('',*,*,#2667,.F.);
#1092=ORIENTED_EDGE('',*,*,#2668,.T.);
#1093=ORIENTED_EDGE('',*,*,#2669,.F.);
#1094=ORIENTED_EDGE('',*,*,#2670,.T.);
#1095=ORIENTED_EDGE('',*,*,#2671,.F.);
#1096=ORIENTED_EDGE('',*,*,#2672,.T.);
#1097=ORIENTED_EDGE('',*,*,#2673,.F.);
#1098=ORIENTED_EDGE('',*,*,#2674,.T.);
#1099=ORIENTED_EDGE('',*,*,#2675,.F.);
#1100=ORIENTED_EDGE('',*,*,#2676,.T.);
#1101=ORIENTED_EDGE('',*,*,#2677,.F.);
#1102=ORIENTED_EDGE('',*,*,#2678,.T.);
#1103=ORIENTED_EDGE('',*,*,#2679,.F.);
#1104=ORIENTED_EDGE('',*,*,#2680,.T.);
#1105=ORIENTED_EDGE('',*,*,#2681,.F.);
#1106=ORIENTED_EDGE('',*,*,#2682,.T.);
#1107=ORIENTED_EDGE('',*,*,#2683,.F.);
#1108=ORIENTED_EDGE('',*,*,#2684,.T.);
#1109=ORIENTED_EDGE('',*,*,#2685,.F.);
#1110=ORIENTED_EDGE('',*,*,#2686,.T.);
#1111=ORIENTED_EDGE('',*,*,#2687,.F.);
#1112=ORIENTED_EDGE('',*,*,#2688,.T.);
#1113=ORIENTED_EDGE('',*,*,#2689,.F.);
#1114=ORIENTED_EDGE('',*,*,#2690,.T.);
#1115=ORIENTED_EDGE('',*,*,#2691,.F.);
#1116=ORIENTED_EDGE('',*,*,#2692,.T.);
#1117=ORIENTED_EDGE('',*,*,#2693,.F.);
#1118=ORIENTED_EDGE('',*,*,#2694,.T.);
#1119=ORIENTED_EDGE('',*,*,#2695,.F.);
#1120=ORIENTED_EDGE('',*,*,#2696,.T.);
#1121=ORIENTED_EDGE('',*,*,#2697,.F.);
#1122=ORIENTED_EDGE('',*,*,#2698,.T.);
#1123=ORIENTED_EDGE('',*,*,#2699,.F.);
#1124=ORIENTED_EDGE('',*,*,#2700,.T.);
#1125=ORIENTED_EDGE('',*,*,#2701,.F.);
#1126=ORIENTED_EDGE('',*,*,#2702,.T.);
#1127=ORIENTED_EDGE('',*,*,#2703,.F.);
#1128=ORIENTED_EDGE('',*,*,#2704,.T.);
#1129=ORIENTED_EDGE('',*,*,#2705,.F.);
#1130=ORIENTED_EDGE('',*,*,#2706,.T.);
#1131=ORIENTED_EDGE('',*,*,#2707,.F.);
#1132=ORIENTED_EDGE('',*,*,#2708,.T.);
#1133=ORIENTED_EDGE('',*,*,#2709,.F.);
#1134=ORIENTED_EDGE('',*,*,#2710,.T.);
#1135=ORIENTED_EDGE('',*,*,#2711,.F.);
#1136=ORIENTED_EDGE('',*,*,#2712,.T.);
#1137=ORIENTED_EDGE('',*,*,#2713,.F.);
#1138=ORIENTED_EDGE('',*,*,#2714,.T.);
#1139=ORIENTED_EDGE('',*,*,#2715,.F.);
#1140=ORIENTED_EDGE('',*,*,#2716,.T.);
#1141=ORIENTED_EDGE('',*,*,#2717,.F.);
#1142=ORIENTED_EDGE('',*,*,#2718,.T.);
#1143=ORIENTED_EDGE('',*,*,#2719,.F.);
#1144=ORIENTED_EDGE('',*,*,#2720,.T.);
#1145=ORIENTED_EDGE('',*,*,#2721,.F.);
#1146=ORIENTED_EDGE('',*,*,#2722,.T.);
#1147=ORIENTED_EDGE('',*,*,#2723,.F.);
#1148=ORIENTED_EDGE('',*,*,#2724,.T.);
#1149=ORIENTED_EDGE('',*,*,#2725,.F.);
#1150=ORIENTED_EDGE('',*,*,#2726,.T.);
#1151=ORIENTED_EDGE('',*,*,#2727,.F.);
#1152=ORIENTED_EDGE('',*,*,#2728,.T.);
#1153=ORIENTED_EDGE('',*,*,#2729,.F.);
#1154=ORIENTED_EDGE('',*,*,#2730,.T.);
#1155=ORIENTED_EDGE('',*,*,#2731,.F.);
#1156=ORIENTED_EDGE('',*,*,#2732,.T.);
#1157=ORIENTED_EDGE('',*,*,#2733,.F.);
#1158=ORIENTED_EDGE('',*,*,#2734,.T.);
#1159=ORIENTED_EDGE('',*,*,#2735,.F.);
#1160=ORIENTED_EDGE('',*,*,#2736,.T.);
#1161=ORIENTED_EDGE('',*,*,#2737,.F.);
#1162=ORIENTED_EDGE('',*,*,#2738,.T.);
#1163=ORIENTED_EDGE('',*,*,#2739,.F.);
#1164=ORIENTED_EDGE('',*,*,#2740,.T.);
#1165=ORIENTED_EDGE('',*,*,#2741,.F.);
#1166=ORIENTED_EDGE('',*,*,#2742,.T.);
#1167=ORIENTED_EDGE('',*,*,#2743,.F.);
#1168=ORIENTED_EDGE('',*,*,#2744,.T.);
#1169=ORIENTED_EDGE('',*,*,#2745,.F.);
#1170=ORIENTED_EDGE('',*,*,#2746,.T.);
#1171=ORIENTED_EDGE('',*,*,#2747,.F.);
#1172=ORIENTED_EDGE('',*,*,#2748,.T.);
#1173=ORIENTED_EDGE('',*,*,#2749,.T.);
#1174=ORIENTED_EDGE('',*,*,#2750,.F.);
#1175=ORIENTED_EDGE('',*,*,#2751,.F.);
#1176=ORIENTED_EDGE('',*,*,#2752,.T.);
#1177=ORIENTED_EDGE('',*,*,#2753,.T.);
#1178=ORIENTED_EDGE('',*,*,#2754,.F.);
#1179=ORIENTED_EDGE('',*,*,#2755,.T.);
#1180=ORIENTED_EDGE('',*,*,#2756,.T.);
#1181=ORIENTED_EDGE('',*,*,#2757,.F.);
#1182=ORIENTED_EDGE('',*,*,#2758,.F.);
#1183=ORIENTED_EDGE('',*,*,#2759,.T.);
#1184=ORIENTED_EDGE('',*,*,#2760,.F.);
#1185=ORIENTED_EDGE('',*,*,#2761,.F.);
#1186=ORIENTED_EDGE('',*,*,#2762,.T.);
#1187=ORIENTED_EDGE('',*,*,#2763,.F.);
#1188=ORIENTED_EDGE('',*,*,#2764,.T.);
#1189=ORIENTED_EDGE('',*,*,#2765,.T.);
#1190=ORIENTED_EDGE('',*,*,#2766,.F.);
#1191=ORIENTED_EDGE('',*,*,#2767,.F.);
#1192=ORIENTED_EDGE('',*,*,#2768,.F.);
#1193=ORIENTED_EDGE('',*,*,#2769,.T.);
#1194=ORIENTED_EDGE('',*,*,#2770,.T.);
#1195=ORIENTED_EDGE('',*,*,#2771,.F.);
#1196=ORIENTED_EDGE('',*,*,#2772,.T.);
#1197=ORIENTED_EDGE('',*,*,#2773,.F.);
#1198=ORIENTED_EDGE('',*,*,#2774,.T.);
#1199=ORIENTED_EDGE('',*,*,#2775,.F.);
#1200=ORIENTED_EDGE('',*,*,#2776,.T.);
#1201=ORIENTED_EDGE('',*,*,#2777,.F.);
#1202=ORIENTED_EDGE('',*,*,#2778,.T.);
#1203=ORIENTED_EDGE('',*,*,#2779,.F.);
#1204=ORIENTED_EDGE('',*,*,#2780,.T.);
#1205=ORIENTED_EDGE('',*,*,#2781,.F.);
#1206=ORIENTED_EDGE('',*,*,#2782,.T.);
#1207=ORIENTED_EDGE('',*,*,#2783,.F.);
#1208=ORIENTED_EDGE('',*,*,#2784,.T.);
#1209=ORIENTED_EDGE('',*,*,#2785,.F.);
#1210=ORIENTED_EDGE('',*,*,#2786,.T.);
#1211=ORIENTED_EDGE('',*,*,#2787,.F.);
#1212=ORIENTED_EDGE('',*,*,#2788,.T.);
#1213=ORIENTED_EDGE('',*,*,#2789,.F.);
#1214=ORIENTED_EDGE('',*,*,#2790,.T.);
#1215=ORIENTED_EDGE('',*,*,#2791,.F.);
#1216=ORIENTED_EDGE('',*,*,#2792,.T.);
#1217=ORIENTED_EDGE('',*,*,#2793,.F.);
#1218=ORIENTED_EDGE('',*,*,#2794,.T.);
#1219=ORIENTED_EDGE('',*,*,#2795,.F.);
#1220=ORIENTED_EDGE('',*,*,#2761,.T.);
#1221=ORIENTED_EDGE('',*,*,#2796,.F.);
#1222=ORIENTED_EDGE('',*,*,#2797,.T.);
#1223=ORIENTED_EDGE('',*,*,#2798,.F.);
#1224=ORIENTED_EDGE('',*,*,#2799,.T.);
#1225=ORIENTED_EDGE('',*,*,#2800,.F.);
#1226=ORIENTED_EDGE('',*,*,#2801,.T.);
#1227=ORIENTED_EDGE('',*,*,#2802,.F.);
#1228=ORIENTED_EDGE('',*,*,#2803,.T.);
#1229=ORIENTED_EDGE('',*,*,#2804,.T.);
#1230=ORIENTED_EDGE('',*,*,#2805,.T.);
#1231=ORIENTED_EDGE('',*,*,#2806,.T.);
#1232=ORIENTED_EDGE('',*,*,#2807,.T.);
#1233=ORIENTED_EDGE('',*,*,#2808,.F.);
#1234=ORIENTED_EDGE('',*,*,#2809,.T.);
#1235=ORIENTED_EDGE('',*,*,#2810,.F.);
#1236=ORIENTED_EDGE('',*,*,#2811,.T.);
#1237=ORIENTED_EDGE('',*,*,#2812,.F.);
#1238=ORIENTED_EDGE('',*,*,#2813,.T.);
#1239=ORIENTED_EDGE('',*,*,#2814,.F.);
#1240=ORIENTED_EDGE('',*,*,#2815,.T.);
#1241=ORIENTED_EDGE('',*,*,#2816,.F.);
#1242=ORIENTED_EDGE('',*,*,#2817,.T.);
#1243=ORIENTED_EDGE('',*,*,#2818,.T.);
#1244=ORIENTED_EDGE('',*,*,#2819,.T.);
#1245=ORIENTED_EDGE('',*,*,#2820,.T.);
#1246=ORIENTED_EDGE('',*,*,#2770,.F.);
#1247=ORIENTED_EDGE('',*,*,#2821,.F.);
#1248=ORIENTED_EDGE('',*,*,#2822,.T.);
#1249=ORIENTED_EDGE('',*,*,#2816,.T.);
#1250=ORIENTED_EDGE('',*,*,#2769,.F.);
#1251=ORIENTED_EDGE('',*,*,#2823,.F.);
#1252=ORIENTED_EDGE('',*,*,#2821,.T.);
#1253=ORIENTED_EDGE('',*,*,#2768,.T.);
#1254=ORIENTED_EDGE('',*,*,#2824,.F.);
#1255=ORIENTED_EDGE('',*,*,#2825,.F.);
#1256=ORIENTED_EDGE('',*,*,#2826,.F.);
#1257=ORIENTED_EDGE('',*,*,#2819,.F.);
#1258=ORIENTED_EDGE('',*,*,#2827,.T.);
#1259=ORIENTED_EDGE('',*,*,#2825,.T.);
#1260=ORIENTED_EDGE('',*,*,#2828,.T.);
#1261=ORIENTED_EDGE('',*,*,#2829,.T.);
#1262=ORIENTED_EDGE('',*,*,#2830,.F.);
#1263=ORIENTED_EDGE('',*,*,#2831,.F.);
#1264=ORIENTED_EDGE('',*,*,#2832,.T.);
#1265=ORIENTED_EDGE('',*,*,#2833,.F.);
#1266=ORIENTED_EDGE('',*,*,#2834,.T.);
#1267=ORIENTED_EDGE('',*,*,#2835,.T.);
#1268=ORIENTED_EDGE('',*,*,#2752,.F.);
#1269=ORIENTED_EDGE('',*,*,#2836,.F.);
#1270=ORIENTED_EDGE('',*,*,#2833,.T.);
#1271=ORIENTED_EDGE('',*,*,#2751,.T.);
#1272=ORIENTED_EDGE('',*,*,#2837,.F.);
#1273=ORIENTED_EDGE('',*,*,#2838,.F.);
#1274=ORIENTED_EDGE('',*,*,#2839,.F.);
#1275=ORIENTED_EDGE('',*,*,#2835,.F.);
#1276=ORIENTED_EDGE('',*,*,#2840,.T.);
#1277=ORIENTED_EDGE('',*,*,#2841,.T.);
#1278=ORIENTED_EDGE('',*,*,#2842,.T.);
#1279=ORIENTED_EDGE('',*,*,#2843,.T.);
#1280=ORIENTED_EDGE('',*,*,#2753,.F.);
#1281=ORIENTED_EDGE('',*,*,#2842,.F.);
#1282=ORIENTED_EDGE('',*,*,#2844,.T.);
#1283=ORIENTED_EDGE('',*,*,#2838,.T.);
#1284=ORIENTED_EDGE('',*,*,#2845,.T.);
#1285=ORIENTED_EDGE('',*,*,#2846,.T.);
#1286=ORIENTED_EDGE('',*,*,#2847,.F.);
#1287=ORIENTED_EDGE('',*,*,#2848,.F.);
#1288=ORIENTED_EDGE('',*,*,#2849,.T.);
#1289=ORIENTED_EDGE('',*,*,#2759,.F.);
#1290=ORIENTED_EDGE('',*,*,#2850,.T.);
#1291=ORIENTED_EDGE('',*,*,#2851,.F.);
#1292=ORIENTED_EDGE('',*,*,#2852,.T.);
#1293=ORIENTED_EDGE('',*,*,#2853,.F.);
#1294=ORIENTED_EDGE('',*,*,#2854,.T.);
#1295=ORIENTED_EDGE('',*,*,#2855,.F.);
#1296=ORIENTED_EDGE('',*,*,#2856,.T.);
#1297=ORIENTED_EDGE('',*,*,#2857,.F.);
#1298=ORIENTED_EDGE('',*,*,#2858,.T.);
#1299=ORIENTED_EDGE('',*,*,#2859,.F.);
#1300=ORIENTED_EDGE('',*,*,#2860,.T.);
#1301=ORIENTED_EDGE('',*,*,#2861,.T.);
#1302=ORIENTED_EDGE('',*,*,#2862,.T.);
#1303=ORIENTED_EDGE('',*,*,#2863,.T.);
#1304=ORIENTED_EDGE('',*,*,#2864,.T.);
#1305=ORIENTED_EDGE('',*,*,#2865,.F.);
#1306=ORIENTED_EDGE('',*,*,#2866,.T.);
#1307=ORIENTED_EDGE('',*,*,#2867,.T.);
#1308=ORIENTED_EDGE('',*,*,#2868,.T.);
#1309=ORIENTED_EDGE('',*,*,#2663,.T.);
#1310=ORIENTED_EDGE('',*,*,#2869,.T.);
#1311=ORIENTED_EDGE('',*,*,#2870,.T.);
#1312=ORIENTED_EDGE('',*,*,#2871,.T.);
#1313=ORIENTED_EDGE('',*,*,#2868,.F.);
#1314=ORIENTED_EDGE('',*,*,#2869,.F.);
#1315=ORIENTED_EDGE('',*,*,#2850,.F.);
#1316=ORIENTED_EDGE('',*,*,#2872,.F.);
#1317=ORIENTED_EDGE('',*,*,#2873,.F.);
#1318=ORIENTED_EDGE('',*,*,#2872,.T.);
#1319=ORIENTED_EDGE('',*,*,#2874,.T.);
#1320=ORIENTED_EDGE('',*,*,#2875,.F.);
#1321=ORIENTED_EDGE('',*,*,#2876,.T.);
#1322=ORIENTED_EDGE('',*,*,#2877,.T.);
#1323=ORIENTED_EDGE('',*,*,#2664,.T.);
#1324=ORIENTED_EDGE('',*,*,#2873,.T.);
#1325=ORIENTED_EDGE('',*,*,#2762,.F.);
#1326=ORIENTED_EDGE('',*,*,#2878,.F.);
#1327=ORIENTED_EDGE('',*,*,#2879,.F.);
#1328=ORIENTED_EDGE('',*,*,#2880,.T.);
#1329=ORIENTED_EDGE('',*,*,#2881,.T.);
#1330=ORIENTED_EDGE('',*,*,#2760,.T.);
#1331=ORIENTED_EDGE('',*,*,#2870,.F.);
#1332=ORIENTED_EDGE('',*,*,#2666,.F.);
#1333=ORIENTED_EDGE('',*,*,#2665,.F.);
#1334=ORIENTED_EDGE('',*,*,#2882,.F.);
#1335=ORIENTED_EDGE('',*,*,#2883,.T.);
#1336=ORIENTED_EDGE('',*,*,#2884,.T.);
#1337=ORIENTED_EDGE('',*,*,#2885,.T.);
#1338=ORIENTED_EDGE('',*,*,#2879,.T.);
#1339=ORIENTED_EDGE('',*,*,#2882,.T.);
#1340=ORIENTED_EDGE('',*,*,#2877,.F.);
#1341=ORIENTED_EDGE('',*,*,#2886,.T.);
#1342=ORIENTED_EDGE('',*,*,#2887,.T.);
#1343=ORIENTED_EDGE('',*,*,#2888,.T.);
#1344=ORIENTED_EDGE('',*,*,#2875,.T.);
#1345=ORIENTED_EDGE('',*,*,#2795,.T.);
#1346=ORIENTED_EDGE('',*,*,#2881,.F.);
#1347=ORIENTED_EDGE('',*,*,#2867,.F.);
#1348=ORIENTED_EDGE('',*,*,#2871,.F.);
#1349=ORIENTED_EDGE('',*,*,#2889,.F.);
#1350=ORIENTED_EDGE('',*,*,#2804,.F.);
#1351=ORIENTED_EDGE('',*,*,#2890,.F.);
#1352=ORIENTED_EDGE('',*,*,#2876,.F.);
#1353=ORIENTED_EDGE('',*,*,#2891,.F.);
#1354=ORIENTED_EDGE('',*,*,#2883,.F.);
#1355=ORIENTED_EDGE('',*,*,#2890,.T.);
#1356=ORIENTED_EDGE('',*,*,#2807,.F.);
#1357=ORIENTED_EDGE('',*,*,#2892,.F.);
#1358=ORIENTED_EDGE('',*,*,#2885,.F.);
#1359=ORIENTED_EDGE('',*,*,#2893,.F.);
#1360=ORIENTED_EDGE('',*,*,#2886,.F.);
#1361=ORIENTED_EDGE('',*,*,#2894,.F.);
#1362=ORIENTED_EDGE('',*,*,#2805,.F.);
#1363=ORIENTED_EDGE('',*,*,#2889,.T.);
#1364=ORIENTED_EDGE('',*,*,#2888,.F.);
#1365=ORIENTED_EDGE('',*,*,#2892,.T.);
#1366=ORIENTED_EDGE('',*,*,#2806,.F.);
#1367=ORIENTED_EDGE('',*,*,#2894,.T.);
#1368=ORIENTED_EDGE('',*,*,#2880,.F.);
#1369=ORIENTED_EDGE('',*,*,#2763,.T.);
#1370=ORIENTED_EDGE('',*,*,#2820,.F.);
#1371=ORIENTED_EDGE('',*,*,#2832,.F.);
#1372=ORIENTED_EDGE('',*,*,#2895,.T.);
#1373=ORIENTED_EDGE('',*,*,#2767,.T.);
#1374=ORIENTED_EDGE('',*,*,#2896,.F.);
#1375=ORIENTED_EDGE('',*,*,#2828,.F.);
#1376=ORIENTED_EDGE('',*,*,#2824,.T.);
#1377=ORIENTED_EDGE('',*,*,#2766,.T.);
#1378=ORIENTED_EDGE('',*,*,#2897,.F.);
#1379=ORIENTED_EDGE('',*,*,#2829,.F.);
#1380=ORIENTED_EDGE('',*,*,#2896,.T.);
#1381=ORIENTED_EDGE('',*,*,#2765,.F.);
#1382=ORIENTED_EDGE('',*,*,#2898,.F.);
#1383=ORIENTED_EDGE('',*,*,#2830,.T.);
#1384=ORIENTED_EDGE('',*,*,#2897,.T.);
#1385=ORIENTED_EDGE('',*,*,#2764,.F.);
#1386=ORIENTED_EDGE('',*,*,#2895,.F.);
#1387=ORIENTED_EDGE('',*,*,#2831,.T.);
#1388=ORIENTED_EDGE('',*,*,#2898,.T.);
#1389=ORIENTED_EDGE('',*,*,#2758,.T.);
#1390=ORIENTED_EDGE('',*,*,#2899,.F.);
#1391=ORIENTED_EDGE('',*,*,#2845,.F.);
#1392=ORIENTED_EDGE('',*,*,#2837,.T.);
#1393=ORIENTED_EDGE('',*,*,#2757,.T.);
#1394=ORIENTED_EDGE('',*,*,#2900,.F.);
#1395=ORIENTED_EDGE('',*,*,#2846,.F.);
#1396=ORIENTED_EDGE('',*,*,#2899,.T.);
#1397=ORIENTED_EDGE('',*,*,#2756,.F.);
#1398=ORIENTED_EDGE('',*,*,#2901,.F.);
#1399=ORIENTED_EDGE('',*,*,#2847,.T.);
#1400=ORIENTED_EDGE('',*,*,#2900,.T.);
#1401=ORIENTED_EDGE('',*,*,#2755,.F.);
#1402=ORIENTED_EDGE('',*,*,#2902,.F.);
#1403=ORIENTED_EDGE('',*,*,#2848,.T.);
#1404=ORIENTED_EDGE('',*,*,#2901,.T.);
#1405=ORIENTED_EDGE('',*,*,#2754,.T.);
#1406=ORIENTED_EDGE('',*,*,#2843,.F.);
#1407=ORIENTED_EDGE('',*,*,#2849,.F.);
#1408=ORIENTED_EDGE('',*,*,#2902,.T.);
#1409=ORIENTED_EDGE('',*,*,#2903,.T.);
#1410=ORIENTED_EDGE('',*,*,#2904,.T.);
#1411=ORIENTED_EDGE('',*,*,#2905,.T.);
#1412=ORIENTED_EDGE('',*,*,#2906,.T.);
#1413=ORIENTED_EDGE('',*,*,#2907,.T.);
#1414=ORIENTED_EDGE('',*,*,#2908,.T.);
#1415=ORIENTED_EDGE('',*,*,#2909,.T.);
#1416=ORIENTED_EDGE('',*,*,#2910,.T.);
#1417=ORIENTED_EDGE('',*,*,#2862,.F.);
#1418=ORIENTED_EDGE('',*,*,#2911,.T.);
#1419=ORIENTED_EDGE('',*,*,#2912,.T.);
#1420=ORIENTED_EDGE('',*,*,#2913,.T.);
#1421=ORIENTED_EDGE('',*,*,#2914,.T.);
#1422=ORIENTED_EDGE('',*,*,#2915,.T.);
#1423=ORIENTED_EDGE('',*,*,#2916,.T.);
#1424=ORIENTED_EDGE('',*,*,#2917,.T.);
#1425=ORIENTED_EDGE('',*,*,#2918,.T.);
#1426=ORIENTED_EDGE('',*,*,#2919,.T.);
#1427=ORIENTED_EDGE('',*,*,#2920,.F.);
#1428=ORIENTED_EDGE('',*,*,#2916,.F.);
#1429=ORIENTED_EDGE('',*,*,#2921,.F.);
#1430=ORIENTED_EDGE('',*,*,#2864,.F.);
#1431=ORIENTED_EDGE('',*,*,#2922,.F.);
#1432=ORIENTED_EDGE('',*,*,#2919,.F.);
#1433=ORIENTED_EDGE('',*,*,#2923,.F.);
#1434=ORIENTED_EDGE('',*,*,#2905,.F.);
#1435=ORIENTED_EDGE('',*,*,#2921,.T.);
#1436=ORIENTED_EDGE('',*,*,#2922,.T.);
#1437=ORIENTED_EDGE('',*,*,#2924,.F.);
#1438=ORIENTED_EDGE('',*,*,#2865,.T.);
#1439=ORIENTED_EDGE('',*,*,#2863,.F.);
#1440=ORIENTED_EDGE('',*,*,#2915,.F.);
#1441=ORIENTED_EDGE('',*,*,#2925,.F.);
#1442=ORIENTED_EDGE('',*,*,#2920,.T.);
#1443=ORIENTED_EDGE('',*,*,#2926,.F.);
#1444=ORIENTED_EDGE('',*,*,#2923,.T.);
#1445=ORIENTED_EDGE('',*,*,#2927,.F.);
#1446=ORIENTED_EDGE('',*,*,#2857,.T.);
#1447=ORIENTED_EDGE('',*,*,#2924,.T.);
#1448=ORIENTED_EDGE('',*,*,#2904,.F.);
#1449=ORIENTED_EDGE('',*,*,#2928,.F.);
#1450=ORIENTED_EDGE('',*,*,#2866,.F.);
#1451=ORIENTED_EDGE('',*,*,#2925,.T.);
#1452=ORIENTED_EDGE('',*,*,#2914,.F.);
#1453=ORIENTED_EDGE('',*,*,#2929,.F.);
#1454=ORIENTED_EDGE('',*,*,#2917,.F.);
#1455=ORIENTED_EDGE('',*,*,#2927,.T.);
#1456=ORIENTED_EDGE('',*,*,#2918,.F.);
#1457=ORIENTED_EDGE('',*,*,#2930,.F.);
#1458=ORIENTED_EDGE('',*,*,#2858,.F.);
#1459=ORIENTED_EDGE('',*,*,#2926,.T.);
#1460=ORIENTED_EDGE('',*,*,#2856,.F.);
#1461=ORIENTED_EDGE('',*,*,#2931,.F.);
#1462=ORIENTED_EDGE('',*,*,#2906,.F.);
#1463=ORIENTED_EDGE('',*,*,#2932,.F.);
#1464=ORIENTED_EDGE('',*,*,#2903,.F.);
#1465=ORIENTED_EDGE('',*,*,#2933,.F.);
#1466=ORIENTED_EDGE('',*,*,#2910,.F.);
#1467=ORIENTED_EDGE('',*,*,#2928,.T.);
#1468=ORIENTED_EDGE('',*,*,#2932,.T.);
#1469=ORIENTED_EDGE('',*,*,#2934,.F.);
#1470=ORIENTED_EDGE('',*,*,#2859,.T.);
#1471=ORIENTED_EDGE('',*,*,#2930,.T.);
#1472=ORIENTED_EDGE('',*,*,#2929,.T.);
#1473=ORIENTED_EDGE('',*,*,#2935,.F.);
#1474=ORIENTED_EDGE('',*,*,#2851,.T.);
#1475=ORIENTED_EDGE('',*,*,#2931,.T.);
#1476=ORIENTED_EDGE('',*,*,#2855,.T.);
#1477=ORIENTED_EDGE('',*,*,#2936,.F.);
#1478=ORIENTED_EDGE('',*,*,#2933,.T.);
#1479=ORIENTED_EDGE('',*,*,#2934,.T.);
#1480=ORIENTED_EDGE('',*,*,#2909,.F.);
#1481=ORIENTED_EDGE('',*,*,#2937,.F.);
#1482=ORIENTED_EDGE('',*,*,#2860,.F.);
#1483=ORIENTED_EDGE('',*,*,#2935,.T.);
#1484=ORIENTED_EDGE('',*,*,#2913,.F.);
#1485=ORIENTED_EDGE('',*,*,#2938,.F.);
#1486=ORIENTED_EDGE('',*,*,#2852,.F.);
#1487=ORIENTED_EDGE('',*,*,#2936,.T.);
#1488=ORIENTED_EDGE('',*,*,#2854,.F.);
#1489=ORIENTED_EDGE('',*,*,#2939,.F.);
#1490=ORIENTED_EDGE('',*,*,#2907,.F.);
#1491=ORIENTED_EDGE('',*,*,#2861,.F.);
#1492=ORIENTED_EDGE('',*,*,#2937,.T.);
#1493=ORIENTED_EDGE('',*,*,#2940,.F.);
#1494=ORIENTED_EDGE('',*,*,#2911,.F.);
#1495=ORIENTED_EDGE('',*,*,#2853,.T.);
#1496=ORIENTED_EDGE('',*,*,#2938,.T.);
#1497=ORIENTED_EDGE('',*,*,#2941,.F.);
#1498=ORIENTED_EDGE('',*,*,#2939,.T.);
#1499=ORIENTED_EDGE('',*,*,#2940,.T.);
#1500=ORIENTED_EDGE('',*,*,#2908,.F.);
#1501=ORIENTED_EDGE('',*,*,#2941,.T.);
#1502=ORIENTED_EDGE('',*,*,#2912,.F.);
#1503=ORIENTED_EDGE('',*,*,#2747,.T.);
#1504=ORIENTED_EDGE('',*,*,#2942,.T.);
#1505=ORIENTED_EDGE('',*,*,#2660,.F.);
#1506=ORIENTED_EDGE('',*,*,#2943,.F.);
#1507=ORIENTED_EDGE('',*,*,#2943,.T.);
#1508=ORIENTED_EDGE('',*,*,#2659,.T.);
#1509=ORIENTED_EDGE('',*,*,#2944,.F.);
#1510=ORIENTED_EDGE('',*,*,#2748,.F.);
#1511=ORIENTED_EDGE('',*,*,#2944,.T.);
#1512=ORIENTED_EDGE('',*,*,#2662,.T.);
#1513=ORIENTED_EDGE('',*,*,#2945,.F.);
#1514=ORIENTED_EDGE('',*,*,#2749,.F.);
#1515=ORIENTED_EDGE('',*,*,#2750,.T.);
#1516=ORIENTED_EDGE('',*,*,#2945,.T.);
#1517=ORIENTED_EDGE('',*,*,#2661,.F.);
#1518=ORIENTED_EDGE('',*,*,#2942,.F.);
#1519=ORIENTED_EDGE('',*,*,#2839,.T.);
#1520=ORIENTED_EDGE('',*,*,#2844,.F.);
#1521=ORIENTED_EDGE('',*,*,#2841,.F.);
#1522=ORIENTED_EDGE('',*,*,#2946,.F.);
#1523=ORIENTED_EDGE('',*,*,#2836,.T.);
#1524=ORIENTED_EDGE('',*,*,#2946,.T.);
#1525=ORIENTED_EDGE('',*,*,#2840,.F.);
#1526=ORIENTED_EDGE('',*,*,#2834,.F.);
#1527=ORIENTED_EDGE('',*,*,#2947,.F.);
#1528=ORIENTED_EDGE('',*,*,#2826,.T.);
#1529=ORIENTED_EDGE('',*,*,#2827,.F.);
#1530=ORIENTED_EDGE('',*,*,#2818,.F.);
#1531=ORIENTED_EDGE('',*,*,#2822,.F.);
#1532=ORIENTED_EDGE('',*,*,#2823,.T.);
#1533=ORIENTED_EDGE('',*,*,#2947,.T.);
#1534=ORIENTED_EDGE('',*,*,#2817,.F.);
#1535=ORIENTED_EDGE('',*,*,#2948,.T.);
#1536=ORIENTED_EDGE('',*,*,#2949,.T.);
#1537=ORIENTED_EDGE('',*,*,#2950,.T.);
#1538=ORIENTED_EDGE('',*,*,#2951,.T.);
#1539=ORIENTED_EDGE('',*,*,#2952,.T.);
#1540=ORIENTED_EDGE('',*,*,#2953,.T.);
#1541=ORIENTED_EDGE('',*,*,#2954,.T.);
#1542=ORIENTED_EDGE('',*,*,#2955,.T.);
#1543=ORIENTED_EDGE('',*,*,#2956,.T.);
#1544=ORIENTED_EDGE('',*,*,#2957,.T.);
#1545=ORIENTED_EDGE('',*,*,#2958,.T.);
#1546=ORIENTED_EDGE('',*,*,#2959,.T.);
#1547=ORIENTED_EDGE('',*,*,#2960,.T.);
#1548=ORIENTED_EDGE('',*,*,#2961,.F.);
#1549=ORIENTED_EDGE('',*,*,#2962,.T.);
#1550=ORIENTED_EDGE('',*,*,#2963,.T.);
#1551=ORIENTED_EDGE('',*,*,#2964,.T.);
#1552=ORIENTED_EDGE('',*,*,#2965,.T.);
#1553=ORIENTED_EDGE('',*,*,#2966,.F.);
#1554=ORIENTED_EDGE('',*,*,#2803,.F.);
#1555=ORIENTED_EDGE('',*,*,#2967,.F.);
#1556=ORIENTED_EDGE('',*,*,#2950,.F.);
#1557=ORIENTED_EDGE('',*,*,#2796,.T.);
#1558=ORIENTED_EDGE('',*,*,#2966,.T.);
#1559=ORIENTED_EDGE('',*,*,#2968,.F.);
#1560=ORIENTED_EDGE('',*,*,#2969,.F.);
#1561=ORIENTED_EDGE('',*,*,#2967,.T.);
#1562=ORIENTED_EDGE('',*,*,#2802,.T.);
#1563=ORIENTED_EDGE('',*,*,#2970,.F.);
#1564=ORIENTED_EDGE('',*,*,#2971,.F.);
#1565=ORIENTED_EDGE('',*,*,#2968,.T.);
#1566=ORIENTED_EDGE('',*,*,#2949,.F.);
#1567=ORIENTED_EDGE('',*,*,#2972,.F.);
#1568=ORIENTED_EDGE('',*,*,#2953,.F.);
#1569=ORIENTED_EDGE('',*,*,#2969,.T.);
#1570=ORIENTED_EDGE('',*,*,#2956,.F.);
#1571=ORIENTED_EDGE('',*,*,#2973,.F.);
#1572=ORIENTED_EDGE('',*,*,#2797,.F.);
#1573=ORIENTED_EDGE('',*,*,#2974,.F.);
#1574=ORIENTED_EDGE('',*,*,#2799,.F.);
#1575=ORIENTED_EDGE('',*,*,#2975,.F.);
#1576=ORIENTED_EDGE('',*,*,#2957,.F.);
#1577=ORIENTED_EDGE('',*,*,#2970,.T.);
#1578=ORIENTED_EDGE('',*,*,#2801,.F.);
#1579=ORIENTED_EDGE('',*,*,#2976,.F.);
#1580=ORIENTED_EDGE('',*,*,#2965,.F.);
#1581=ORIENTED_EDGE('',*,*,#2971,.T.);
#1582=ORIENTED_EDGE('',*,*,#2964,.F.);
#1583=ORIENTED_EDGE('',*,*,#2977,.F.);
#1584=ORIENTED_EDGE('',*,*,#2951,.F.);
#1585=ORIENTED_EDGE('',*,*,#2978,.F.);
#1586=ORIENTED_EDGE('',*,*,#2811,.F.);
#1587=ORIENTED_EDGE('',*,*,#2979,.F.);
#1588=ORIENTED_EDGE('',*,*,#2948,.F.);
#1589=ORIENTED_EDGE('',*,*,#2979,.T.);
#1590=ORIENTED_EDGE('',*,*,#2810,.T.);
#1591=ORIENTED_EDGE('',*,*,#2980,.F.);
#1592=ORIENTED_EDGE('',*,*,#2972,.T.);
#1593=ORIENTED_EDGE('',*,*,#2798,.T.);
#1594=ORIENTED_EDGE('',*,*,#2973,.T.);
#1595=ORIENTED_EDGE('',*,*,#2981,.F.);
#1596=ORIENTED_EDGE('',*,*,#2975,.T.);
#1597=ORIENTED_EDGE('',*,*,#2800,.T.);
#1598=ORIENTED_EDGE('',*,*,#2974,.T.);
#1599=ORIENTED_EDGE('',*,*,#2982,.F.);
#1600=ORIENTED_EDGE('',*,*,#2976,.T.);
#1601=ORIENTED_EDGE('',*,*,#2978,.T.);
#1602=ORIENTED_EDGE('',*,*,#2977,.T.);
#1603=ORIENTED_EDGE('',*,*,#2983,.F.);
#1604=ORIENTED_EDGE('',*,*,#2812,.T.);
#1605=ORIENTED_EDGE('',*,*,#2980,.T.);
#1606=ORIENTED_EDGE('',*,*,#2809,.F.);
#1607=ORIENTED_EDGE('',*,*,#2984,.F.);
#1608=ORIENTED_EDGE('',*,*,#2954,.F.);
#1609=ORIENTED_EDGE('',*,*,#2981,.T.);
#1610=ORIENTED_EDGE('',*,*,#2955,.F.);
#1611=ORIENTED_EDGE('',*,*,#2985,.F.);
#1612=ORIENTED_EDGE('',*,*,#2958,.F.);
#1613=ORIENTED_EDGE('',*,*,#2982,.T.);
#1614=ORIENTED_EDGE('',*,*,#2960,.F.);
#1615=ORIENTED_EDGE('',*,*,#2986,.F.);
#1616=ORIENTED_EDGE('',*,*,#2962,.F.);
#1617=ORIENTED_EDGE('',*,*,#2983,.T.);
#1618=ORIENTED_EDGE('',*,*,#2963,.F.);
#1619=ORIENTED_EDGE('',*,*,#2987,.F.);
#1620=ORIENTED_EDGE('',*,*,#2813,.F.);
#1621=ORIENTED_EDGE('',*,*,#2984,.T.);
#1622=ORIENTED_EDGE('',*,*,#2808,.T.);
#1623=ORIENTED_EDGE('',*,*,#2988,.F.);
#1624=ORIENTED_EDGE('',*,*,#2985,.T.);
#1625=ORIENTED_EDGE('',*,*,#2987,.T.);
#1626=ORIENTED_EDGE('',*,*,#2986,.T.);
#1627=ORIENTED_EDGE('',*,*,#2989,.F.);
#1628=ORIENTED_EDGE('',*,*,#2814,.T.);
#1629=ORIENTED_EDGE('',*,*,#2988,.T.);
#1630=ORIENTED_EDGE('',*,*,#2815,.F.);
#1631=ORIENTED_EDGE('',*,*,#2989,.T.);
#1632=ORIENTED_EDGE('',*,*,#2959,.F.);
#1633=ORIENTED_EDGE('',*,*,#2990,.T.);
#1634=ORIENTED_EDGE('',*,*,#2878,.T.);
#1635=ORIENTED_EDGE('',*,*,#2874,.F.);
#1636=ORIENTED_EDGE('',*,*,#2991,.T.);
#1637=ORIENTED_EDGE('',*,*,#2992,.T.);
#1638=ORIENTED_EDGE('',*,*,#2993,.T.);
#1639=ORIENTED_EDGE('',*,*,#2994,.T.);
#1640=ORIENTED_EDGE('',*,*,#2995,.T.);
#1641=ORIENTED_EDGE('',*,*,#2996,.T.);
#1642=ORIENTED_EDGE('',*,*,#2997,.T.);
#1643=ORIENTED_EDGE('',*,*,#2998,.T.);
#1644=ORIENTED_EDGE('',*,*,#2999,.T.);
#1645=ORIENTED_EDGE('',*,*,#3000,.T.);
#1646=ORIENTED_EDGE('',*,*,#3001,.T.);
#1647=ORIENTED_EDGE('',*,*,#3002,.T.);
#1648=ORIENTED_EDGE('',*,*,#3003,.T.);
#1649=ORIENTED_EDGE('',*,*,#3004,.T.);
#1650=ORIENTED_EDGE('',*,*,#3005,.T.);
#1651=ORIENTED_EDGE('',*,*,#3006,.T.);
#1652=ORIENTED_EDGE('',*,*,#3007,.T.);
#1653=ORIENTED_EDGE('',*,*,#3008,.T.);
#1654=ORIENTED_EDGE('',*,*,#3009,.T.);
#1655=ORIENTED_EDGE('',*,*,#3010,.T.);
#1656=ORIENTED_EDGE('',*,*,#3011,.T.);
#1657=ORIENTED_EDGE('',*,*,#3012,.T.);
#1658=ORIENTED_EDGE('',*,*,#3013,.T.);
#1659=ORIENTED_EDGE('',*,*,#3014,.T.);
#1660=ORIENTED_EDGE('',*,*,#3015,.T.);
#1661=ORIENTED_EDGE('',*,*,#3016,.T.);
#1662=ORIENTED_EDGE('',*,*,#3017,.T.);
#1663=ORIENTED_EDGE('',*,*,#3018,.T.);
#1664=ORIENTED_EDGE('',*,*,#3019,.T.);
#1665=ORIENTED_EDGE('',*,*,#3020,.T.);
#1666=ORIENTED_EDGE('',*,*,#3021,.T.);
#1667=ORIENTED_EDGE('',*,*,#3022,.T.);
#1668=ORIENTED_EDGE('',*,*,#3023,.T.);
#1669=ORIENTED_EDGE('',*,*,#3024,.T.);
#1670=ORIENTED_EDGE('',*,*,#3025,.T.);
#1671=ORIENTED_EDGE('',*,*,#3026,.T.);
#1672=ORIENTED_EDGE('',*,*,#3027,.T.);
#1673=ORIENTED_EDGE('',*,*,#3028,.T.);
#1674=ORIENTED_EDGE('',*,*,#3029,.T.);
#1675=ORIENTED_EDGE('',*,*,#3030,.T.);
#1676=ORIENTED_EDGE('',*,*,#3031,.T.);
#1677=ORIENTED_EDGE('',*,*,#3032,.T.);
#1678=ORIENTED_EDGE('',*,*,#3033,.T.);
#1679=ORIENTED_EDGE('',*,*,#3034,.T.);
#1680=ORIENTED_EDGE('',*,*,#3035,.T.);
#1681=ORIENTED_EDGE('',*,*,#3036,.T.);
#1682=ORIENTED_EDGE('',*,*,#3037,.T.);
#1683=ORIENTED_EDGE('',*,*,#3038,.T.);
#1684=ORIENTED_EDGE('',*,*,#3039,.T.);
#1685=ORIENTED_EDGE('',*,*,#3040,.T.);
#1686=ORIENTED_EDGE('',*,*,#3041,.T.);
#1687=ORIENTED_EDGE('',*,*,#3042,.T.);
#1688=ORIENTED_EDGE('',*,*,#3043,.T.);
#1689=ORIENTED_EDGE('',*,*,#3044,.T.);
#1690=ORIENTED_EDGE('',*,*,#3045,.T.);
#1691=ORIENTED_EDGE('',*,*,#3046,.T.);
#1692=ORIENTED_EDGE('',*,*,#3047,.T.);
#1693=ORIENTED_EDGE('',*,*,#3048,.T.);
#1694=ORIENTED_EDGE('',*,*,#3049,.T.);
#1695=ORIENTED_EDGE('',*,*,#3050,.T.);
#1696=ORIENTED_EDGE('',*,*,#3051,.T.);
#1697=ORIENTED_EDGE('',*,*,#3052,.T.);
#1698=ORIENTED_EDGE('',*,*,#3053,.T.);
#1699=ORIENTED_EDGE('',*,*,#3054,.T.);
#1700=ORIENTED_EDGE('',*,*,#3055,.T.);
#1701=ORIENTED_EDGE('',*,*,#3056,.T.);
#1702=ORIENTED_EDGE('',*,*,#3057,.T.);
#1703=ORIENTED_EDGE('',*,*,#3058,.T.);
#1704=ORIENTED_EDGE('',*,*,#3059,.T.);
#1705=ORIENTED_EDGE('',*,*,#3060,.T.);
#1706=ORIENTED_EDGE('',*,*,#3061,.T.);
#1707=ORIENTED_EDGE('',*,*,#3062,.T.);
#1708=ORIENTED_EDGE('',*,*,#3063,.T.);
#1709=ORIENTED_EDGE('',*,*,#3064,.T.);
#1710=ORIENTED_EDGE('',*,*,#3065,.T.);
#1711=ORIENTED_EDGE('',*,*,#3066,.T.);
#1712=ORIENTED_EDGE('',*,*,#3067,.T.);
#1713=ORIENTED_EDGE('',*,*,#3068,.T.);
#1714=ORIENTED_EDGE('',*,*,#3069,.T.);
#1715=ORIENTED_EDGE('',*,*,#3070,.T.);
#1716=ORIENTED_EDGE('',*,*,#3071,.T.);
#1717=ORIENTED_EDGE('',*,*,#3072,.T.);
#1718=ORIENTED_EDGE('',*,*,#3073,.T.);
#1719=ORIENTED_EDGE('',*,*,#3074,.T.);
#1720=ORIENTED_EDGE('',*,*,#3075,.T.);
#1721=ORIENTED_EDGE('',*,*,#3076,.T.);
#1722=ORIENTED_EDGE('',*,*,#3077,.T.);
#1723=ORIENTED_EDGE('',*,*,#3078,.T.);
#1724=ORIENTED_EDGE('',*,*,#3079,.T.);
#1725=ORIENTED_EDGE('',*,*,#3080,.T.);
#1726=ORIENTED_EDGE('',*,*,#3081,.T.);
#1727=ORIENTED_EDGE('',*,*,#3082,.T.);
#1728=ORIENTED_EDGE('',*,*,#3083,.T.);
#1729=ORIENTED_EDGE('',*,*,#3084,.T.);
#1730=ORIENTED_EDGE('',*,*,#3085,.T.);
#1731=ORIENTED_EDGE('',*,*,#3086,.T.);
#1732=ORIENTED_EDGE('',*,*,#3087,.T.);
#1733=ORIENTED_EDGE('',*,*,#3088,.T.);
#1734=ORIENTED_EDGE('',*,*,#3089,.T.);
#1735=ORIENTED_EDGE('',*,*,#3090,.T.);
#1736=ORIENTED_EDGE('',*,*,#3091,.T.);
#1737=ORIENTED_EDGE('',*,*,#3092,.T.);
#1738=ORIENTED_EDGE('',*,*,#3093,.T.);
#1739=ORIENTED_EDGE('',*,*,#3094,.T.);
#1740=ORIENTED_EDGE('',*,*,#3095,.T.);
#1741=ORIENTED_EDGE('',*,*,#3096,.T.);
#1742=ORIENTED_EDGE('',*,*,#3097,.T.);
#1743=ORIENTED_EDGE('',*,*,#3098,.T.);
#1744=ORIENTED_EDGE('',*,*,#3099,.T.);
#1745=ORIENTED_EDGE('',*,*,#3100,.T.);
#1746=ORIENTED_EDGE('',*,*,#3101,.T.);
#1747=ORIENTED_EDGE('',*,*,#3102,.T.);
#1748=ORIENTED_EDGE('',*,*,#3103,.T.);
#1749=ORIENTED_EDGE('',*,*,#3104,.T.);
#1750=ORIENTED_EDGE('',*,*,#3105,.T.);
#1751=ORIENTED_EDGE('',*,*,#3106,.T.);
#1752=ORIENTED_EDGE('',*,*,#3107,.T.);
#1753=ORIENTED_EDGE('',*,*,#3108,.T.);
#1754=ORIENTED_EDGE('',*,*,#3109,.T.);
#1755=ORIENTED_EDGE('',*,*,#3110,.T.);
#1756=ORIENTED_EDGE('',*,*,#3111,.T.);
#1757=ORIENTED_EDGE('',*,*,#3112,.T.);
#1758=ORIENTED_EDGE('',*,*,#3113,.T.);
#1759=ORIENTED_EDGE('',*,*,#3114,.T.);
#1760=ORIENTED_EDGE('',*,*,#3115,.T.);
#1761=ORIENTED_EDGE('',*,*,#3116,.T.);
#1762=ORIENTED_EDGE('',*,*,#3117,.T.);
#1763=ORIENTED_EDGE('',*,*,#3118,.T.);
#1764=ORIENTED_EDGE('',*,*,#3119,.T.);
#1765=ORIENTED_EDGE('',*,*,#3120,.T.);
#1766=ORIENTED_EDGE('',*,*,#3121,.T.);
#1767=ORIENTED_EDGE('',*,*,#3122,.T.);
#1768=ORIENTED_EDGE('',*,*,#3123,.T.);
#1769=ORIENTED_EDGE('',*,*,#3124,.T.);
#1770=ORIENTED_EDGE('',*,*,#3125,.T.);
#1771=ORIENTED_EDGE('',*,*,#3126,.T.);
#1772=ORIENTED_EDGE('',*,*,#3127,.T.);
#1773=ORIENTED_EDGE('',*,*,#3128,.T.);
#1774=ORIENTED_EDGE('',*,*,#3129,.T.);
#1775=ORIENTED_EDGE('',*,*,#3130,.T.);
#1776=ORIENTED_EDGE('',*,*,#3131,.T.);
#1777=ORIENTED_EDGE('',*,*,#3132,.T.);
#1778=ORIENTED_EDGE('',*,*,#3133,.T.);
#1779=ORIENTED_EDGE('',*,*,#3134,.T.);
#1780=ORIENTED_EDGE('',*,*,#3135,.T.);
#1781=ORIENTED_EDGE('',*,*,#3136,.T.);
#1782=ORIENTED_EDGE('',*,*,#3137,.T.);
#1783=ORIENTED_EDGE('',*,*,#3138,.T.);
#1784=ORIENTED_EDGE('',*,*,#3139,.T.);
#1785=ORIENTED_EDGE('',*,*,#3140,.T.);
#1786=ORIENTED_EDGE('',*,*,#3141,.T.);
#1787=ORIENTED_EDGE('',*,*,#3142,.T.);
#1788=ORIENTED_EDGE('',*,*,#3143,.T.);
#1789=ORIENTED_EDGE('',*,*,#3144,.T.);
#1790=ORIENTED_EDGE('',*,*,#3145,.T.);
#1791=ORIENTED_EDGE('',*,*,#3146,.T.);
#1792=ORIENTED_EDGE('',*,*,#3147,.T.);
#1793=ORIENTED_EDGE('',*,*,#3148,.T.);
#1794=ORIENTED_EDGE('',*,*,#3149,.T.);
#1795=ORIENTED_EDGE('',*,*,#3150,.T.);
#1796=ORIENTED_EDGE('',*,*,#3151,.F.);
#1797=ORIENTED_EDGE('',*,*,#2610,.F.);
#1798=ORIENTED_EDGE('',*,*,#3152,.F.);
#1799=ORIENTED_EDGE('',*,*,#3005,.F.);
#1800=ORIENTED_EDGE('',*,*,#2603,.T.);
#1801=ORIENTED_EDGE('',*,*,#3151,.T.);
#1802=ORIENTED_EDGE('',*,*,#3153,.F.);
#1803=ORIENTED_EDGE('',*,*,#3154,.F.);
#1804=ORIENTED_EDGE('',*,*,#3152,.T.);
#1805=ORIENTED_EDGE('',*,*,#2609,.T.);
#1806=ORIENTED_EDGE('',*,*,#3155,.F.);
#1807=ORIENTED_EDGE('',*,*,#3156,.F.);
#1808=ORIENTED_EDGE('',*,*,#3153,.T.);
#1809=ORIENTED_EDGE('',*,*,#3004,.F.);
#1810=ORIENTED_EDGE('',*,*,#3157,.F.);
#1811=ORIENTED_EDGE('',*,*,#2994,.F.);
#1812=ORIENTED_EDGE('',*,*,#3154,.T.);
#1813=ORIENTED_EDGE('',*,*,#2993,.F.);
#1814=ORIENTED_EDGE('',*,*,#3158,.F.);
#1815=ORIENTED_EDGE('',*,*,#2604,.F.);
#1816=ORIENTED_EDGE('',*,*,#3159,.F.);
#1817=ORIENTED_EDGE('',*,*,#2606,.F.);
#1818=ORIENTED_EDGE('',*,*,#3160,.F.);
#1819=ORIENTED_EDGE('',*,*,#2995,.F.);
#1820=ORIENTED_EDGE('',*,*,#3155,.T.);
#1821=ORIENTED_EDGE('',*,*,#2608,.F.);
#1822=ORIENTED_EDGE('',*,*,#3161,.F.);
#1823=ORIENTED_EDGE('',*,*,#3002,.F.);
#1824=ORIENTED_EDGE('',*,*,#3156,.T.);
#1825=ORIENTED_EDGE('',*,*,#3001,.F.);
#1826=ORIENTED_EDGE('',*,*,#3162,.F.);
#1827=ORIENTED_EDGE('',*,*,#3006,.F.);
#1828=ORIENTED_EDGE('',*,*,#3163,.F.);
#1829=ORIENTED_EDGE('',*,*,#2696,.F.);
#1830=ORIENTED_EDGE('',*,*,#3164,.F.);
#1831=ORIENTED_EDGE('',*,*,#3003,.F.);
#1832=ORIENTED_EDGE('',*,*,#3164,.T.);
#1833=ORIENTED_EDGE('',*,*,#2695,.T.);
#1834=ORIENTED_EDGE('',*,*,#3165,.F.);
#1835=ORIENTED_EDGE('',*,*,#3157,.T.);
#1836=ORIENTED_EDGE('',*,*,#2605,.T.);
#1837=ORIENTED_EDGE('',*,*,#3158,.T.);
#1838=ORIENTED_EDGE('',*,*,#3166,.F.);
#1839=ORIENTED_EDGE('',*,*,#3160,.T.);
#1840=ORIENTED_EDGE('',*,*,#2607,.T.);
#1841=ORIENTED_EDGE('',*,*,#3159,.T.);
#1842=ORIENTED_EDGE('',*,*,#3167,.F.);
#1843=ORIENTED_EDGE('',*,*,#3161,.T.);
#1844=ORIENTED_EDGE('',*,*,#3163,.T.);
#1845=ORIENTED_EDGE('',*,*,#3162,.T.);
#1846=ORIENTED_EDGE('',*,*,#3168,.F.);
#1847=ORIENTED_EDGE('',*,*,#2697,.T.);
#1848=ORIENTED_EDGE('',*,*,#3165,.T.);
#1849=ORIENTED_EDGE('',*,*,#2694,.F.);
#1850=ORIENTED_EDGE('',*,*,#3169,.F.);
#1851=ORIENTED_EDGE('',*,*,#2991,.F.);
#1852=ORIENTED_EDGE('',*,*,#3166,.T.);
#1853=ORIENTED_EDGE('',*,*,#2992,.F.);
#1854=ORIENTED_EDGE('',*,*,#3170,.F.);
#1855=ORIENTED_EDGE('',*,*,#2996,.F.);
#1856=ORIENTED_EDGE('',*,*,#3167,.T.);
#1857=ORIENTED_EDGE('',*,*,#2998,.F.);
#1858=ORIENTED_EDGE('',*,*,#3171,.F.);
#1859=ORIENTED_EDGE('',*,*,#2999,.F.);
#1860=ORIENTED_EDGE('',*,*,#3168,.T.);
#1861=ORIENTED_EDGE('',*,*,#3000,.F.);
#1862=ORIENTED_EDGE('',*,*,#3172,.F.);
#1863=ORIENTED_EDGE('',*,*,#2698,.F.);
#1864=ORIENTED_EDGE('',*,*,#3169,.T.);
#1865=ORIENTED_EDGE('',*,*,#2693,.T.);
#1866=ORIENTED_EDGE('',*,*,#3173,.F.);
#1867=ORIENTED_EDGE('',*,*,#3170,.T.);
#1868=ORIENTED_EDGE('',*,*,#3172,.T.);
#1869=ORIENTED_EDGE('',*,*,#3171,.T.);
#1870=ORIENTED_EDGE('',*,*,#3174,.F.);
#1871=ORIENTED_EDGE('',*,*,#2691,.T.);
#1872=ORIENTED_EDGE('',*,*,#3173,.T.);
#1873=ORIENTED_EDGE('',*,*,#2692,.F.);
#1874=ORIENTED_EDGE('',*,*,#3174,.T.);
#1875=ORIENTED_EDGE('',*,*,#2997,.F.);
#1876=ORIENTED_EDGE('',*,*,#3175,.F.);
#1877=ORIENTED_EDGE('',*,*,#2616,.F.);
#1878=ORIENTED_EDGE('',*,*,#3176,.F.);
#1879=ORIENTED_EDGE('',*,*,#3079,.F.);
#1880=ORIENTED_EDGE('',*,*,#3176,.T.);
#1881=ORIENTED_EDGE('',*,*,#2615,.T.);
#1882=ORIENTED_EDGE('',*,*,#3177,.F.);
#1883=ORIENTED_EDGE('',*,*,#3178,.F.);
#1884=ORIENTED_EDGE('',*,*,#2617,.T.);
#1885=ORIENTED_EDGE('',*,*,#3175,.T.);
#1886=ORIENTED_EDGE('',*,*,#3179,.F.);
#1887=ORIENTED_EDGE('',*,*,#3180,.F.);
#1888=ORIENTED_EDGE('',*,*,#3177,.T.);
#1889=ORIENTED_EDGE('',*,*,#2614,.F.);
#1890=ORIENTED_EDGE('',*,*,#3181,.F.);
#1891=ORIENTED_EDGE('',*,*,#3075,.F.);
#1892=ORIENTED_EDGE('',*,*,#3178,.T.);
#1893=ORIENTED_EDGE('',*,*,#3078,.F.);
#1894=ORIENTED_EDGE('',*,*,#3182,.F.);
#1895=ORIENTED_EDGE('',*,*,#3080,.F.);
#1896=ORIENTED_EDGE('',*,*,#3183,.F.);
#1897=ORIENTED_EDGE('',*,*,#3081,.F.);
#1898=ORIENTED_EDGE('',*,*,#3184,.F.);
#1899=ORIENTED_EDGE('',*,*,#2706,.F.);
#1900=ORIENTED_EDGE('',*,*,#3179,.T.);
#1901=ORIENTED_EDGE('',*,*,#3082,.F.);
#1902=ORIENTED_EDGE('',*,*,#3185,.F.);
#1903=ORIENTED_EDGE('',*,*,#3083,.F.);
#1904=ORIENTED_EDGE('',*,*,#3180,.T.);
#1905=ORIENTED_EDGE('',*,*,#3086,.F.);
#1906=ORIENTED_EDGE('',*,*,#3186,.F.);
#1907=ORIENTED_EDGE('',*,*,#2618,.F.);
#1908=ORIENTED_EDGE('',*,*,#3187,.F.);
#1909=ORIENTED_EDGE('',*,*,#2612,.F.);
#1910=ORIENTED_EDGE('',*,*,#3188,.F.);
#1911=ORIENTED_EDGE('',*,*,#3073,.F.);
#1912=ORIENTED_EDGE('',*,*,#2613,.T.);
#1913=ORIENTED_EDGE('',*,*,#3187,.T.);
#1914=ORIENTED_EDGE('',*,*,#3189,.F.);
#1915=ORIENTED_EDGE('',*,*,#3181,.T.);
#1916=ORIENTED_EDGE('',*,*,#3184,.T.);
#1917=ORIENTED_EDGE('',*,*,#3182,.T.);
#1918=ORIENTED_EDGE('',*,*,#3190,.F.);
#1919=ORIENTED_EDGE('',*,*,#2699,.T.);
#1920=ORIENTED_EDGE('',*,*,#3183,.T.);
#1921=ORIENTED_EDGE('',*,*,#2705,.T.);
#1922=ORIENTED_EDGE('',*,*,#3191,.F.);
#1923=ORIENTED_EDGE('',*,*,#3185,.T.);
#1924=ORIENTED_EDGE('',*,*,#2611,.T.);
#1925=ORIENTED_EDGE('',*,*,#3186,.T.);
#1926=ORIENTED_EDGE('',*,*,#3192,.F.);
#1927=ORIENTED_EDGE('',*,*,#3188,.T.);
#1928=ORIENTED_EDGE('',*,*,#3189,.T.);
#1929=ORIENTED_EDGE('',*,*,#3072,.F.);
#1930=ORIENTED_EDGE('',*,*,#3193,.F.);
#1931=ORIENTED_EDGE('',*,*,#3076,.F.);
#1932=ORIENTED_EDGE('',*,*,#3190,.T.);
#1933=ORIENTED_EDGE('',*,*,#3077,.F.);
#1934=ORIENTED_EDGE('',*,*,#3194,.F.);
#1935=ORIENTED_EDGE('',*,*,#2700,.F.);
#1936=ORIENTED_EDGE('',*,*,#3191,.T.);
#1937=ORIENTED_EDGE('',*,*,#2704,.F.);
#1938=ORIENTED_EDGE('',*,*,#3195,.F.);
#1939=ORIENTED_EDGE('',*,*,#3084,.F.);
#1940=ORIENTED_EDGE('',*,*,#3192,.T.);
#1941=ORIENTED_EDGE('',*,*,#3085,.F.);
#1942=ORIENTED_EDGE('',*,*,#3196,.F.);
#1943=ORIENTED_EDGE('',*,*,#3074,.F.);
#1944=ORIENTED_EDGE('',*,*,#3194,.T.);
#1945=ORIENTED_EDGE('',*,*,#3193,.T.);
#1946=ORIENTED_EDGE('',*,*,#3197,.F.);
#1947=ORIENTED_EDGE('',*,*,#2701,.T.);
#1948=ORIENTED_EDGE('',*,*,#3195,.T.);
#1949=ORIENTED_EDGE('',*,*,#2703,.T.);
#1950=ORIENTED_EDGE('',*,*,#3198,.F.);
#1951=ORIENTED_EDGE('',*,*,#3196,.T.);
#1952=ORIENTED_EDGE('',*,*,#3197,.T.);
#1953=ORIENTED_EDGE('',*,*,#3071,.F.);
#1954=ORIENTED_EDGE('',*,*,#3198,.T.);
#1955=ORIENTED_EDGE('',*,*,#2702,.F.);
#1956=ORIENTED_EDGE('',*,*,#3199,.F.);
#1957=ORIENTED_EDGE('',*,*,#2624,.F.);
#1958=ORIENTED_EDGE('',*,*,#3200,.F.);
#1959=ORIENTED_EDGE('',*,*,#3087,.F.);
#1960=ORIENTED_EDGE('',*,*,#2625,.T.);
#1961=ORIENTED_EDGE('',*,*,#3199,.T.);
#1962=ORIENTED_EDGE('',*,*,#3201,.F.);
#1963=ORIENTED_EDGE('',*,*,#3202,.F.);
#1964=ORIENTED_EDGE('',*,*,#3200,.T.);
#1965=ORIENTED_EDGE('',*,*,#2623,.T.);
#1966=ORIENTED_EDGE('',*,*,#3203,.F.);
#1967=ORIENTED_EDGE('',*,*,#3204,.F.);
#1968=ORIENTED_EDGE('',*,*,#3201,.T.);
#1969=ORIENTED_EDGE('',*,*,#3090,.F.);
#1970=ORIENTED_EDGE('',*,*,#3205,.F.);
#1971=ORIENTED_EDGE('',*,*,#3091,.F.);
#1972=ORIENTED_EDGE('',*,*,#3202,.T.);
#1973=ORIENTED_EDGE('',*,*,#3094,.F.);
#1974=ORIENTED_EDGE('',*,*,#3206,.F.);
#1975=ORIENTED_EDGE('',*,*,#2626,.F.);
#1976=ORIENTED_EDGE('',*,*,#3207,.F.);
#1977=ORIENTED_EDGE('',*,*,#2620,.F.);
#1978=ORIENTED_EDGE('',*,*,#3208,.F.);
#1979=ORIENTED_EDGE('',*,*,#3097,.F.);
#1980=ORIENTED_EDGE('',*,*,#3203,.T.);
#1981=ORIENTED_EDGE('',*,*,#2622,.F.);
#1982=ORIENTED_EDGE('',*,*,#3209,.F.);
#1983=ORIENTED_EDGE('',*,*,#3099,.F.);
#1984=ORIENTED_EDGE('',*,*,#3204,.T.);
#1985=ORIENTED_EDGE('',*,*,#3102,.F.);
#1986=ORIENTED_EDGE('',*,*,#3210,.F.);
#1987=ORIENTED_EDGE('',*,*,#3088,.F.);
#1988=ORIENTED_EDGE('',*,*,#3211,.F.);
#1989=ORIENTED_EDGE('',*,*,#2714,.F.);
#1990=ORIENTED_EDGE('',*,*,#3212,.F.);
#1991=ORIENTED_EDGE('',*,*,#3089,.F.);
#1992=ORIENTED_EDGE('',*,*,#3212,.T.);
#1993=ORIENTED_EDGE('',*,*,#2713,.T.);
#1994=ORIENTED_EDGE('',*,*,#3213,.F.);
#1995=ORIENTED_EDGE('',*,*,#3205,.T.);
#1996=ORIENTED_EDGE('',*,*,#2619,.T.);
#1997=ORIENTED_EDGE('',*,*,#3206,.T.);
#1998=ORIENTED_EDGE('',*,*,#3214,.F.);
#1999=ORIENTED_EDGE('',*,*,#3208,.T.);
#2000=ORIENTED_EDGE('',*,*,#2621,.T.);
#2001=ORIENTED_EDGE('',*,*,#3207,.T.);
#2002=ORIENTED_EDGE('',*,*,#3215,.F.);
#2003=ORIENTED_EDGE('',*,*,#3209,.T.);
#2004=ORIENTED_EDGE('',*,*,#3211,.T.);
#2005=ORIENTED_EDGE('',*,*,#3210,.T.);
#2006=ORIENTED_EDGE('',*,*,#3216,.F.);
#2007=ORIENTED_EDGE('',*,*,#2707,.T.);
#2008=ORIENTED_EDGE('',*,*,#3213,.T.);
#2009=ORIENTED_EDGE('',*,*,#2712,.F.);
#2010=ORIENTED_EDGE('',*,*,#3217,.F.);
#2011=ORIENTED_EDGE('',*,*,#3092,.F.);
#2012=ORIENTED_EDGE('',*,*,#3214,.T.);
#2013=ORIENTED_EDGE('',*,*,#3093,.F.);
#2014=ORIENTED_EDGE('',*,*,#3218,.F.);
#2015=ORIENTED_EDGE('',*,*,#3098,.F.);
#2016=ORIENTED_EDGE('',*,*,#3215,.T.);
#2017=ORIENTED_EDGE('',*,*,#3096,.F.);
#2018=ORIENTED_EDGE('',*,*,#3219,.F.);
#2019=ORIENTED_EDGE('',*,*,#3100,.F.);
#2020=ORIENTED_EDGE('',*,*,#3216,.T.);
#2021=ORIENTED_EDGE('',*,*,#3101,.F.);
#2022=ORIENTED_EDGE('',*,*,#3220,.F.);
#2023=ORIENTED_EDGE('',*,*,#2708,.F.);
#2024=ORIENTED_EDGE('',*,*,#3217,.T.);
#2025=ORIENTED_EDGE('',*,*,#2711,.T.);
#2026=ORIENTED_EDGE('',*,*,#3221,.F.);
#2027=ORIENTED_EDGE('',*,*,#3218,.T.);
#2028=ORIENTED_EDGE('',*,*,#3220,.T.);
#2029=ORIENTED_EDGE('',*,*,#3219,.T.);
#2030=ORIENTED_EDGE('',*,*,#3222,.F.);
#2031=ORIENTED_EDGE('',*,*,#2709,.T.);
#2032=ORIENTED_EDGE('',*,*,#3221,.T.);
#2033=ORIENTED_EDGE('',*,*,#2710,.F.);
#2034=ORIENTED_EDGE('',*,*,#3222,.T.);
#2035=ORIENTED_EDGE('',*,*,#3095,.F.);
#2036=ORIENTED_EDGE('',*,*,#3223,.F.);
#2037=ORIENTED_EDGE('',*,*,#2634,.F.);
#2038=ORIENTED_EDGE('',*,*,#3224,.F.);
#2039=ORIENTED_EDGE('',*,*,#3117,.F.);
#2040=ORIENTED_EDGE('',*,*,#2627,.T.);
#2041=ORIENTED_EDGE('',*,*,#3223,.T.);
#2042=ORIENTED_EDGE('',*,*,#3225,.F.);
#2043=ORIENTED_EDGE('',*,*,#3226,.F.);
#2044=ORIENTED_EDGE('',*,*,#3224,.T.);
#2045=ORIENTED_EDGE('',*,*,#2633,.T.);
#2046=ORIENTED_EDGE('',*,*,#3227,.F.);
#2047=ORIENTED_EDGE('',*,*,#3228,.F.);
#2048=ORIENTED_EDGE('',*,*,#3225,.T.);
#2049=ORIENTED_EDGE('',*,*,#3116,.F.);
#2050=ORIENTED_EDGE('',*,*,#3229,.F.);
#2051=ORIENTED_EDGE('',*,*,#3106,.F.);
#2052=ORIENTED_EDGE('',*,*,#3226,.T.);
#2053=ORIENTED_EDGE('',*,*,#3105,.F.);
#2054=ORIENTED_EDGE('',*,*,#3230,.F.);
#2055=ORIENTED_EDGE('',*,*,#2628,.F.);
#2056=ORIENTED_EDGE('',*,*,#3231,.F.);
#2057=ORIENTED_EDGE('',*,*,#2630,.F.);
#2058=ORIENTED_EDGE('',*,*,#3232,.F.);
#2059=ORIENTED_EDGE('',*,*,#3107,.F.);
#2060=ORIENTED_EDGE('',*,*,#3227,.T.);
#2061=ORIENTED_EDGE('',*,*,#2632,.F.);
#2062=ORIENTED_EDGE('',*,*,#3233,.F.);
#2063=ORIENTED_EDGE('',*,*,#3114,.F.);
#2064=ORIENTED_EDGE('',*,*,#3228,.T.);
#2065=ORIENTED_EDGE('',*,*,#3113,.F.);
#2066=ORIENTED_EDGE('',*,*,#3234,.F.);
#2067=ORIENTED_EDGE('',*,*,#3118,.F.);
#2068=ORIENTED_EDGE('',*,*,#3235,.F.);
#2069=ORIENTED_EDGE('',*,*,#2720,.F.);
#2070=ORIENTED_EDGE('',*,*,#3236,.F.);
#2071=ORIENTED_EDGE('',*,*,#3115,.F.);
#2072=ORIENTED_EDGE('',*,*,#3236,.T.);
#2073=ORIENTED_EDGE('',*,*,#2719,.T.);
#2074=ORIENTED_EDGE('',*,*,#3237,.F.);
#2075=ORIENTED_EDGE('',*,*,#3229,.T.);
#2076=ORIENTED_EDGE('',*,*,#2629,.T.);
#2077=ORIENTED_EDGE('',*,*,#3230,.T.);
#2078=ORIENTED_EDGE('',*,*,#3238,.F.);
#2079=ORIENTED_EDGE('',*,*,#3232,.T.);
#2080=ORIENTED_EDGE('',*,*,#2631,.T.);
#2081=ORIENTED_EDGE('',*,*,#3231,.T.);
#2082=ORIENTED_EDGE('',*,*,#3239,.F.);
#2083=ORIENTED_EDGE('',*,*,#3233,.T.);
#2084=ORIENTED_EDGE('',*,*,#3235,.T.);
#2085=ORIENTED_EDGE('',*,*,#3234,.T.);
#2086=ORIENTED_EDGE('',*,*,#3240,.F.);
#2087=ORIENTED_EDGE('',*,*,#2721,.T.);
#2088=ORIENTED_EDGE('',*,*,#3237,.T.);
#2089=ORIENTED_EDGE('',*,*,#2718,.F.);
#2090=ORIENTED_EDGE('',*,*,#3241,.F.);
#2091=ORIENTED_EDGE('',*,*,#3103,.F.);
#2092=ORIENTED_EDGE('',*,*,#3238,.T.);
#2093=ORIENTED_EDGE('',*,*,#3104,.F.);
#2094=ORIENTED_EDGE('',*,*,#3242,.F.);
#2095=ORIENTED_EDGE('',*,*,#3108,.F.);
#2096=ORIENTED_EDGE('',*,*,#3239,.T.);
#2097=ORIENTED_EDGE('',*,*,#3110,.F.);
#2098=ORIENTED_EDGE('',*,*,#3243,.F.);
#2099=ORIENTED_EDGE('',*,*,#3111,.F.);
#2100=ORIENTED_EDGE('',*,*,#3240,.T.);
#2101=ORIENTED_EDGE('',*,*,#3112,.F.);
#2102=ORIENTED_EDGE('',*,*,#3244,.F.);
#2103=ORIENTED_EDGE('',*,*,#2722,.F.);
#2104=ORIENTED_EDGE('',*,*,#3241,.T.);
#2105=ORIENTED_EDGE('',*,*,#2717,.T.);
#2106=ORIENTED_EDGE('',*,*,#3245,.F.);
#2107=ORIENTED_EDGE('',*,*,#3242,.T.);
#2108=ORIENTED_EDGE('',*,*,#3244,.T.);
#2109=ORIENTED_EDGE('',*,*,#3243,.T.);
#2110=ORIENTED_EDGE('',*,*,#3246,.F.);
#2111=ORIENTED_EDGE('',*,*,#2715,.T.);
#2112=ORIENTED_EDGE('',*,*,#3245,.T.);
#2113=ORIENTED_EDGE('',*,*,#2716,.F.);
#2114=ORIENTED_EDGE('',*,*,#3246,.T.);
#2115=ORIENTED_EDGE('',*,*,#3109,.F.);
#2116=ORIENTED_EDGE('',*,*,#3247,.F.);
#2117=ORIENTED_EDGE('',*,*,#2650,.F.);
#2118=ORIENTED_EDGE('',*,*,#3248,.F.);
#2119=ORIENTED_EDGE('',*,*,#3061,.F.);
#2120=ORIENTED_EDGE('',*,*,#3248,.T.);
#2121=ORIENTED_EDGE('',*,*,#2649,.T.);
#2122=ORIENTED_EDGE('',*,*,#3249,.F.);
#2123=ORIENTED_EDGE('',*,*,#3250,.F.);
#2124=ORIENTED_EDGE('',*,*,#2643,.T.);
#2125=ORIENTED_EDGE('',*,*,#3247,.T.);
#2126=ORIENTED_EDGE('',*,*,#3251,.F.);
#2127=ORIENTED_EDGE('',*,*,#3252,.F.);
#2128=ORIENTED_EDGE('',*,*,#3249,.T.);
#2129=ORIENTED_EDGE('',*,*,#2648,.F.);
#2130=ORIENTED_EDGE('',*,*,#3253,.F.);
#2131=ORIENTED_EDGE('',*,*,#3058,.F.);
#2132=ORIENTED_EDGE('',*,*,#3250,.T.);
#2133=ORIENTED_EDGE('',*,*,#3057,.F.);
#2134=ORIENTED_EDGE('',*,*,#3254,.F.);
#2135=ORIENTED_EDGE('',*,*,#3062,.F.);
#2136=ORIENTED_EDGE('',*,*,#3255,.F.);
#2137=ORIENTED_EDGE('',*,*,#3059,.F.);
#2138=ORIENTED_EDGE('',*,*,#3256,.F.);
#2139=ORIENTED_EDGE('',*,*,#2736,.F.);
#2140=ORIENTED_EDGE('',*,*,#3251,.T.);
#2141=ORIENTED_EDGE('',*,*,#3060,.F.);
#2142=ORIENTED_EDGE('',*,*,#3257,.F.);
#2143=ORIENTED_EDGE('',*,*,#3066,.F.);
#2144=ORIENTED_EDGE('',*,*,#3252,.T.);
#2145=ORIENTED_EDGE('',*,*,#3065,.F.);
#2146=ORIENTED_EDGE('',*,*,#3258,.F.);
#2147=ORIENTED_EDGE('',*,*,#2644,.F.);
#2148=ORIENTED_EDGE('',*,*,#3259,.F.);
#2149=ORIENTED_EDGE('',*,*,#2646,.F.);
#2150=ORIENTED_EDGE('',*,*,#3260,.F.);
#2151=ORIENTED_EDGE('',*,*,#3067,.F.);
#2152=ORIENTED_EDGE('',*,*,#2647,.T.);
#2153=ORIENTED_EDGE('',*,*,#3259,.T.);
#2154=ORIENTED_EDGE('',*,*,#3261,.F.);
#2155=ORIENTED_EDGE('',*,*,#3253,.T.);
#2156=ORIENTED_EDGE('',*,*,#3256,.T.);
#2157=ORIENTED_EDGE('',*,*,#3254,.T.);
#2158=ORIENTED_EDGE('',*,*,#3262,.F.);
#2159=ORIENTED_EDGE('',*,*,#2737,.T.);
#2160=ORIENTED_EDGE('',*,*,#3255,.T.);
#2161=ORIENTED_EDGE('',*,*,#2735,.T.);
#2162=ORIENTED_EDGE('',*,*,#3263,.F.);
#2163=ORIENTED_EDGE('',*,*,#3257,.T.);
#2164=ORIENTED_EDGE('',*,*,#2645,.T.);
#2165=ORIENTED_EDGE('',*,*,#3258,.T.);
#2166=ORIENTED_EDGE('',*,*,#3264,.F.);
#2167=ORIENTED_EDGE('',*,*,#3260,.T.);
#2168=ORIENTED_EDGE('',*,*,#3261,.T.);
#2169=ORIENTED_EDGE('',*,*,#3070,.F.);
#2170=ORIENTED_EDGE('',*,*,#3265,.F.);
#2171=ORIENTED_EDGE('',*,*,#3055,.F.);
#2172=ORIENTED_EDGE('',*,*,#3262,.T.);
#2173=ORIENTED_EDGE('',*,*,#3056,.F.);
#2174=ORIENTED_EDGE('',*,*,#3266,.F.);
#2175=ORIENTED_EDGE('',*,*,#2738,.F.);
#2176=ORIENTED_EDGE('',*,*,#3263,.T.);
#2177=ORIENTED_EDGE('',*,*,#2734,.F.);
#2178=ORIENTED_EDGE('',*,*,#3267,.F.);
#2179=ORIENTED_EDGE('',*,*,#3063,.F.);
#2180=ORIENTED_EDGE('',*,*,#3264,.T.);
#2181=ORIENTED_EDGE('',*,*,#3064,.F.);
#2182=ORIENTED_EDGE('',*,*,#3268,.F.);
#2183=ORIENTED_EDGE('',*,*,#3068,.F.);
#2184=ORIENTED_EDGE('',*,*,#3266,.T.);
#2185=ORIENTED_EDGE('',*,*,#3265,.T.);
#2186=ORIENTED_EDGE('',*,*,#3269,.F.);
#2187=ORIENTED_EDGE('',*,*,#2731,.T.);
#2188=ORIENTED_EDGE('',*,*,#3267,.T.);
#2189=ORIENTED_EDGE('',*,*,#2733,.T.);
#2190=ORIENTED_EDGE('',*,*,#3270,.F.);
#2191=ORIENTED_EDGE('',*,*,#3268,.T.);
#2192=ORIENTED_EDGE('',*,*,#3269,.T.);
#2193=ORIENTED_EDGE('',*,*,#3069,.F.);
#2194=ORIENTED_EDGE('',*,*,#3270,.T.);
#2195=ORIENTED_EDGE('',*,*,#2732,.F.);
#2196=ORIENTED_EDGE('',*,*,#3271,.F.);
#2197=ORIENTED_EDGE('',*,*,#2642,.F.);
#2198=ORIENTED_EDGE('',*,*,#3272,.F.);
#2199=ORIENTED_EDGE('',*,*,#3049,.F.);
#2200=ORIENTED_EDGE('',*,*,#3272,.T.);
#2201=ORIENTED_EDGE('',*,*,#2641,.T.);
#2202=ORIENTED_EDGE('',*,*,#3273,.F.);
#2203=ORIENTED_EDGE('',*,*,#3274,.F.);
#2204=ORIENTED_EDGE('',*,*,#2635,.T.);
#2205=ORIENTED_EDGE('',*,*,#3271,.T.);
#2206=ORIENTED_EDGE('',*,*,#3275,.F.);
#2207=ORIENTED_EDGE('',*,*,#3276,.F.);
#2208=ORIENTED_EDGE('',*,*,#3273,.T.);
#2209=ORIENTED_EDGE('',*,*,#2640,.F.);
#2210=ORIENTED_EDGE('',*,*,#3277,.F.);
#2211=ORIENTED_EDGE('',*,*,#3046,.F.);
#2212=ORIENTED_EDGE('',*,*,#3274,.T.);
#2213=ORIENTED_EDGE('',*,*,#3045,.F.);
#2214=ORIENTED_EDGE('',*,*,#3278,.F.);
#2215=ORIENTED_EDGE('',*,*,#3050,.F.);
#2216=ORIENTED_EDGE('',*,*,#3279,.F.);
#2217=ORIENTED_EDGE('',*,*,#3047,.F.);
#2218=ORIENTED_EDGE('',*,*,#3280,.F.);
#2219=ORIENTED_EDGE('',*,*,#2728,.F.);
#2220=ORIENTED_EDGE('',*,*,#3275,.T.);
#2221=ORIENTED_EDGE('',*,*,#3048,.F.);
#2222=ORIENTED_EDGE('',*,*,#3281,.F.);
#2223=ORIENTED_EDGE('',*,*,#3054,.F.);
#2224=ORIENTED_EDGE('',*,*,#3276,.T.);
#2225=ORIENTED_EDGE('',*,*,#3053,.F.);
#2226=ORIENTED_EDGE('',*,*,#3282,.F.);
#2227=ORIENTED_EDGE('',*,*,#2636,.F.);
#2228=ORIENTED_EDGE('',*,*,#3283,.F.);
#2229=ORIENTED_EDGE('',*,*,#2638,.F.);
#2230=ORIENTED_EDGE('',*,*,#3284,.F.);
#2231=ORIENTED_EDGE('',*,*,#3039,.F.);
#2232=ORIENTED_EDGE('',*,*,#2639,.T.);
#2233=ORIENTED_EDGE('',*,*,#3283,.T.);
#2234=ORIENTED_EDGE('',*,*,#3285,.F.);
#2235=ORIENTED_EDGE('',*,*,#3277,.T.);
#2236=ORIENTED_EDGE('',*,*,#3280,.T.);
#2237=ORIENTED_EDGE('',*,*,#3278,.T.);
#2238=ORIENTED_EDGE('',*,*,#3286,.F.);
#2239=ORIENTED_EDGE('',*,*,#2729,.T.);
#2240=ORIENTED_EDGE('',*,*,#3279,.T.);
#2241=ORIENTED_EDGE('',*,*,#2727,.T.);
#2242=ORIENTED_EDGE('',*,*,#3287,.F.);
#2243=ORIENTED_EDGE('',*,*,#3281,.T.);
#2244=ORIENTED_EDGE('',*,*,#2637,.T.);
#2245=ORIENTED_EDGE('',*,*,#3282,.T.);
#2246=ORIENTED_EDGE('',*,*,#3288,.F.);
#2247=ORIENTED_EDGE('',*,*,#3284,.T.);
#2248=ORIENTED_EDGE('',*,*,#3285,.T.);
#2249=ORIENTED_EDGE('',*,*,#3042,.F.);
#2250=ORIENTED_EDGE('',*,*,#3289,.F.);
#2251=ORIENTED_EDGE('',*,*,#3043,.F.);
#2252=ORIENTED_EDGE('',*,*,#3286,.T.);
#2253=ORIENTED_EDGE('',*,*,#3044,.F.);
#2254=ORIENTED_EDGE('',*,*,#3290,.F.);
#2255=ORIENTED_EDGE('',*,*,#2730,.F.);
#2256=ORIENTED_EDGE('',*,*,#3287,.T.);
#2257=ORIENTED_EDGE('',*,*,#2726,.F.);
#2258=ORIENTED_EDGE('',*,*,#3291,.F.);
#2259=ORIENTED_EDGE('',*,*,#3051,.F.);
#2260=ORIENTED_EDGE('',*,*,#3288,.T.);
#2261=ORIENTED_EDGE('',*,*,#3052,.F.);
#2262=ORIENTED_EDGE('',*,*,#3292,.F.);
#2263=ORIENTED_EDGE('',*,*,#3040,.F.);
#2264=ORIENTED_EDGE('',*,*,#3290,.T.);
#2265=ORIENTED_EDGE('',*,*,#3289,.T.);
#2266=ORIENTED_EDGE('',*,*,#3293,.F.);
#2267=ORIENTED_EDGE('',*,*,#2723,.T.);
#2268=ORIENTED_EDGE('',*,*,#3291,.T.);
#2269=ORIENTED_EDGE('',*,*,#2725,.T.);
#2270=ORIENTED_EDGE('',*,*,#3294,.F.);
#2271=ORIENTED_EDGE('',*,*,#3292,.T.);
#2272=ORIENTED_EDGE('',*,*,#3293,.T.);
#2273=ORIENTED_EDGE('',*,*,#3041,.F.);
#2274=ORIENTED_EDGE('',*,*,#3294,.T.);
#2275=ORIENTED_EDGE('',*,*,#2724,.F.);
#2276=ORIENTED_EDGE('',*,*,#3295,.F.);
#2277=ORIENTED_EDGE('',*,*,#2688,.F.);
#2278=ORIENTED_EDGE('',*,*,#3296,.F.);
#2279=ORIENTED_EDGE('',*,*,#3038,.F.);
#2280=ORIENTED_EDGE('',*,*,#2689,.T.);
#2281=ORIENTED_EDGE('',*,*,#3295,.T.);
#2282=ORIENTED_EDGE('',*,*,#3297,.F.);
#2283=ORIENTED_EDGE('',*,*,#3298,.F.);
#2284=ORIENTED_EDGE('',*,*,#3296,.T.);
#2285=ORIENTED_EDGE('',*,*,#2687,.T.);
#2286=ORIENTED_EDGE('',*,*,#3299,.F.);
#2287=ORIENTED_EDGE('',*,*,#3300,.F.);
#2288=ORIENTED_EDGE('',*,*,#3297,.T.);
#2289=ORIENTED_EDGE('',*,*,#3037,.F.);
#2290=ORIENTED_EDGE('',*,*,#3301,.F.);
#2291=ORIENTED_EDGE('',*,*,#3026,.F.);
#2292=ORIENTED_EDGE('',*,*,#3298,.T.);
#2293=ORIENTED_EDGE('',*,*,#3025,.F.);
#2294=ORIENTED_EDGE('',*,*,#3302,.F.);
#2295=ORIENTED_EDGE('',*,*,#2690,.F.);
#2296=ORIENTED_EDGE('',*,*,#3303,.F.);
#2297=ORIENTED_EDGE('',*,*,#2684,.F.);
#2298=ORIENTED_EDGE('',*,*,#3304,.F.);
#2299=ORIENTED_EDGE('',*,*,#3027,.F.);
#2300=ORIENTED_EDGE('',*,*,#3299,.T.);
#2301=ORIENTED_EDGE('',*,*,#2686,.F.);
#2302=ORIENTED_EDGE('',*,*,#3305,.F.);
#2303=ORIENTED_EDGE('',*,*,#3031,.F.);
#2304=ORIENTED_EDGE('',*,*,#3300,.T.);
#2305=ORIENTED_EDGE('',*,*,#3034,.F.);
#2306=ORIENTED_EDGE('',*,*,#3306,.F.);
#2307=ORIENTED_EDGE('',*,*,#3035,.F.);
#2308=ORIENTED_EDGE('',*,*,#3307,.F.);
#2309=ORIENTED_EDGE('',*,*,#2792,.F.);
#2310=ORIENTED_EDGE('',*,*,#3308,.F.);
#2311=ORIENTED_EDGE('',*,*,#3036,.F.);
#2312=ORIENTED_EDGE('',*,*,#3308,.T.);
#2313=ORIENTED_EDGE('',*,*,#2791,.T.);
#2314=ORIENTED_EDGE('',*,*,#3309,.F.);
#2315=ORIENTED_EDGE('',*,*,#3301,.T.);
#2316=ORIENTED_EDGE('',*,*,#2683,.T.);
#2317=ORIENTED_EDGE('',*,*,#3302,.T.);
#2318=ORIENTED_EDGE('',*,*,#3310,.F.);
#2319=ORIENTED_EDGE('',*,*,#3304,.T.);
#2320=ORIENTED_EDGE('',*,*,#2685,.T.);
#2321=ORIENTED_EDGE('',*,*,#3303,.T.);
#2322=ORIENTED_EDGE('',*,*,#3311,.F.);
#2323=ORIENTED_EDGE('',*,*,#3305,.T.);
#2324=ORIENTED_EDGE('',*,*,#3307,.T.);
#2325=ORIENTED_EDGE('',*,*,#3306,.T.);
#2326=ORIENTED_EDGE('',*,*,#3312,.F.);
#2327=ORIENTED_EDGE('',*,*,#2793,.T.);
#2328=ORIENTED_EDGE('',*,*,#3309,.T.);
#2329=ORIENTED_EDGE('',*,*,#2790,.F.);
#2330=ORIENTED_EDGE('',*,*,#3313,.F.);
#2331=ORIENTED_EDGE('',*,*,#3023,.F.);
#2332=ORIENTED_EDGE('',*,*,#3310,.T.);
#2333=ORIENTED_EDGE('',*,*,#3024,.F.);
#2334=ORIENTED_EDGE('',*,*,#3314,.F.);
#2335=ORIENTED_EDGE('',*,*,#3028,.F.);
#2336=ORIENTED_EDGE('',*,*,#3311,.T.);
#2337=ORIENTED_EDGE('',*,*,#3030,.F.);
#2338=ORIENTED_EDGE('',*,*,#3315,.F.);
#2339=ORIENTED_EDGE('',*,*,#3032,.F.);
#2340=ORIENTED_EDGE('',*,*,#3312,.T.);
#2341=ORIENTED_EDGE('',*,*,#3033,.F.);
#2342=ORIENTED_EDGE('',*,*,#3316,.F.);
#2343=ORIENTED_EDGE('',*,*,#2794,.F.);
#2344=ORIENTED_EDGE('',*,*,#3313,.T.);
#2345=ORIENTED_EDGE('',*,*,#2789,.T.);
#2346=ORIENTED_EDGE('',*,*,#3317,.F.);
#2347=ORIENTED_EDGE('',*,*,#3314,.T.);
#2348=ORIENTED_EDGE('',*,*,#3316,.T.);
#2349=ORIENTED_EDGE('',*,*,#3315,.T.);
#2350=ORIENTED_EDGE('',*,*,#3318,.F.);
#2351=ORIENTED_EDGE('',*,*,#2787,.T.);
#2352=ORIENTED_EDGE('',*,*,#3317,.T.);
#2353=ORIENTED_EDGE('',*,*,#2788,.F.);
#2354=ORIENTED_EDGE('',*,*,#3318,.T.);
#2355=ORIENTED_EDGE('',*,*,#3029,.F.);
#2356=ORIENTED_EDGE('',*,*,#3319,.F.);
#2357=ORIENTED_EDGE('',*,*,#2656,.F.);
#2358=ORIENTED_EDGE('',*,*,#3320,.F.);
#2359=ORIENTED_EDGE('',*,*,#3126,.F.);
#2360=ORIENTED_EDGE('',*,*,#3320,.T.);
#2361=ORIENTED_EDGE('',*,*,#2655,.T.);
#2362=ORIENTED_EDGE('',*,*,#3321,.F.);
#2363=ORIENTED_EDGE('',*,*,#3322,.F.);
#2364=ORIENTED_EDGE('',*,*,#2657,.T.);
#2365=ORIENTED_EDGE('',*,*,#3319,.T.);
#2366=ORIENTED_EDGE('',*,*,#3323,.F.);
#2367=ORIENTED_EDGE('',*,*,#3324,.F.);
#2368=ORIENTED_EDGE('',*,*,#3321,.T.);
#2369=ORIENTED_EDGE('',*,*,#2654,.F.);
#2370=ORIENTED_EDGE('',*,*,#3325,.F.);
#2371=ORIENTED_EDGE('',*,*,#3119,.F.);
#2372=ORIENTED_EDGE('',*,*,#3322,.T.);
#2373=ORIENTED_EDGE('',*,*,#3122,.F.);
#2374=ORIENTED_EDGE('',*,*,#3326,.F.);
#2375=ORIENTED_EDGE('',*,*,#3123,.F.);
#2376=ORIENTED_EDGE('',*,*,#3327,.F.);
#2377=ORIENTED_EDGE('',*,*,#3124,.F.);
#2378=ORIENTED_EDGE('',*,*,#3328,.F.);
#2379=ORIENTED_EDGE('',*,*,#2744,.F.);
#2380=ORIENTED_EDGE('',*,*,#3323,.T.);
#2381=ORIENTED_EDGE('',*,*,#3125,.F.);
#2382=ORIENTED_EDGE('',*,*,#3329,.F.);
#2383=ORIENTED_EDGE('',*,*,#3130,.F.);
#2384=ORIENTED_EDGE('',*,*,#3324,.T.);
#2385=ORIENTED_EDGE('',*,*,#3129,.F.);
#2386=ORIENTED_EDGE('',*,*,#3330,.F.);
#2387=ORIENTED_EDGE('',*,*,#2658,.F.);
#2388=ORIENTED_EDGE('',*,*,#3331,.F.);
#2389=ORIENTED_EDGE('',*,*,#2652,.F.);
#2390=ORIENTED_EDGE('',*,*,#3332,.F.);
#2391=ORIENTED_EDGE('',*,*,#3131,.F.);
#2392=ORIENTED_EDGE('',*,*,#2653,.T.);
#2393=ORIENTED_EDGE('',*,*,#3331,.T.);
#2394=ORIENTED_EDGE('',*,*,#3333,.F.);
#2395=ORIENTED_EDGE('',*,*,#3325,.T.);
#2396=ORIENTED_EDGE('',*,*,#3328,.T.);
#2397=ORIENTED_EDGE('',*,*,#3326,.T.);
#2398=ORIENTED_EDGE('',*,*,#3334,.F.);
#2399=ORIENTED_EDGE('',*,*,#2745,.T.);
#2400=ORIENTED_EDGE('',*,*,#3327,.T.);
#2401=ORIENTED_EDGE('',*,*,#2743,.T.);
#2402=ORIENTED_EDGE('',*,*,#3335,.F.);
#2403=ORIENTED_EDGE('',*,*,#3329,.T.);
#2404=ORIENTED_EDGE('',*,*,#2651,.T.);
#2405=ORIENTED_EDGE('',*,*,#3330,.T.);
#2406=ORIENTED_EDGE('',*,*,#3336,.F.);
#2407=ORIENTED_EDGE('',*,*,#3332,.T.);
#2408=ORIENTED_EDGE('',*,*,#3333,.T.);
#2409=ORIENTED_EDGE('',*,*,#3134,.F.);
#2410=ORIENTED_EDGE('',*,*,#3337,.F.);
#2411=ORIENTED_EDGE('',*,*,#3120,.F.);
#2412=ORIENTED_EDGE('',*,*,#3334,.T.);
#2413=ORIENTED_EDGE('',*,*,#3121,.F.);
#2414=ORIENTED_EDGE('',*,*,#3338,.F.);
#2415=ORIENTED_EDGE('',*,*,#2746,.F.);
#2416=ORIENTED_EDGE('',*,*,#3335,.T.);
#2417=ORIENTED_EDGE('',*,*,#2742,.F.);
#2418=ORIENTED_EDGE('',*,*,#3339,.F.);
#2419=ORIENTED_EDGE('',*,*,#3127,.F.);
#2420=ORIENTED_EDGE('',*,*,#3336,.T.);
#2421=ORIENTED_EDGE('',*,*,#3128,.F.);
#2422=ORIENTED_EDGE('',*,*,#3340,.F.);
#2423=ORIENTED_EDGE('',*,*,#3132,.F.);
#2424=ORIENTED_EDGE('',*,*,#3338,.T.);
#2425=ORIENTED_EDGE('',*,*,#3337,.T.);
#2426=ORIENTED_EDGE('',*,*,#3341,.F.);
#2427=ORIENTED_EDGE('',*,*,#2739,.T.);
#2428=ORIENTED_EDGE('',*,*,#3339,.T.);
#2429=ORIENTED_EDGE('',*,*,#2741,.T.);
#2430=ORIENTED_EDGE('',*,*,#3342,.F.);
#2431=ORIENTED_EDGE('',*,*,#3340,.T.);
#2432=ORIENTED_EDGE('',*,*,#3341,.T.);
#2433=ORIENTED_EDGE('',*,*,#3133,.F.);
#2434=ORIENTED_EDGE('',*,*,#3342,.T.);
#2435=ORIENTED_EDGE('',*,*,#2740,.F.);
#2436=ORIENTED_EDGE('',*,*,#3343,.F.);
#2437=ORIENTED_EDGE('',*,*,#2680,.F.);
#2438=ORIENTED_EDGE('',*,*,#3344,.F.);
#2439=ORIENTED_EDGE('',*,*,#3142,.F.);
#2440=ORIENTED_EDGE('',*,*,#3344,.T.);
#2441=ORIENTED_EDGE('',*,*,#2679,.T.);
#2442=ORIENTED_EDGE('',*,*,#3345,.F.);
#2443=ORIENTED_EDGE('',*,*,#3346,.F.);
#2444=ORIENTED_EDGE('',*,*,#2681,.T.);
#2445=ORIENTED_EDGE('',*,*,#3343,.T.);
#2446=ORIENTED_EDGE('',*,*,#3347,.F.);
#2447=ORIENTED_EDGE('',*,*,#3348,.F.);
#2448=ORIENTED_EDGE('',*,*,#3345,.T.);
#2449=ORIENTED_EDGE('',*,*,#2678,.F.);
#2450=ORIENTED_EDGE('',*,*,#3349,.F.);
#2451=ORIENTED_EDGE('',*,*,#3135,.F.);
#2452=ORIENTED_EDGE('',*,*,#3346,.T.);
#2453=ORIENTED_EDGE('',*,*,#3138,.F.);
#2454=ORIENTED_EDGE('',*,*,#3350,.F.);
#2455=ORIENTED_EDGE('',*,*,#3139,.F.);
#2456=ORIENTED_EDGE('',*,*,#3351,.F.);
#2457=ORIENTED_EDGE('',*,*,#3140,.F.);
#2458=ORIENTED_EDGE('',*,*,#3352,.F.);
#2459=ORIENTED_EDGE('',*,*,#2784,.F.);
#2460=ORIENTED_EDGE('',*,*,#3347,.T.);
#2461=ORIENTED_EDGE('',*,*,#3141,.F.);
#2462=ORIENTED_EDGE('',*,*,#3353,.F.);
#2463=ORIENTED_EDGE('',*,*,#3146,.F.);
#2464=ORIENTED_EDGE('',*,*,#3348,.T.);
#2465=ORIENTED_EDGE('',*,*,#3145,.F.);
#2466=ORIENTED_EDGE('',*,*,#3354,.F.);
#2467=ORIENTED_EDGE('',*,*,#2682,.F.);
#2468=ORIENTED_EDGE('',*,*,#3355,.F.);
#2469=ORIENTED_EDGE('',*,*,#2676,.F.);
#2470=ORIENTED_EDGE('',*,*,#3356,.F.);
#2471=ORIENTED_EDGE('',*,*,#3147,.F.);
#2472=ORIENTED_EDGE('',*,*,#2677,.T.);
#2473=ORIENTED_EDGE('',*,*,#3355,.T.);
#2474=ORIENTED_EDGE('',*,*,#3357,.F.);
#2475=ORIENTED_EDGE('',*,*,#3349,.T.);
#2476=ORIENTED_EDGE('',*,*,#3352,.T.);
#2477=ORIENTED_EDGE('',*,*,#3350,.T.);
#2478=ORIENTED_EDGE('',*,*,#3358,.F.);
#2479=ORIENTED_EDGE('',*,*,#2785,.T.);
#2480=ORIENTED_EDGE('',*,*,#3351,.T.);
#2481=ORIENTED_EDGE('',*,*,#2783,.T.);
#2482=ORIENTED_EDGE('',*,*,#3359,.F.);
#2483=ORIENTED_EDGE('',*,*,#3353,.T.);
#2484=ORIENTED_EDGE('',*,*,#2675,.T.);
#2485=ORIENTED_EDGE('',*,*,#3354,.T.);
#2486=ORIENTED_EDGE('',*,*,#3360,.F.);
#2487=ORIENTED_EDGE('',*,*,#3356,.T.);
#2488=ORIENTED_EDGE('',*,*,#3357,.T.);
#2489=ORIENTED_EDGE('',*,*,#3150,.F.);
#2490=ORIENTED_EDGE('',*,*,#3361,.F.);
#2491=ORIENTED_EDGE('',*,*,#3136,.F.);
#2492=ORIENTED_EDGE('',*,*,#3358,.T.);
#2493=ORIENTED_EDGE('',*,*,#3137,.F.);
#2494=ORIENTED_EDGE('',*,*,#3362,.F.);
#2495=ORIENTED_EDGE('',*,*,#2786,.F.);
#2496=ORIENTED_EDGE('',*,*,#3359,.T.);
#2497=ORIENTED_EDGE('',*,*,#2782,.F.);
#2498=ORIENTED_EDGE('',*,*,#3363,.F.);
#2499=ORIENTED_EDGE('',*,*,#3143,.F.);
#2500=ORIENTED_EDGE('',*,*,#3360,.T.);
#2501=ORIENTED_EDGE('',*,*,#3144,.F.);
#2502=ORIENTED_EDGE('',*,*,#3364,.F.);
#2503=ORIENTED_EDGE('',*,*,#3148,.F.);
#2504=ORIENTED_EDGE('',*,*,#3362,.T.);
#2505=ORIENTED_EDGE('',*,*,#3361,.T.);
#2506=ORIENTED_EDGE('',*,*,#3365,.F.);
#2507=ORIENTED_EDGE('',*,*,#2779,.T.);
#2508=ORIENTED_EDGE('',*,*,#3363,.T.);
#2509=ORIENTED_EDGE('',*,*,#2781,.T.);
#2510=ORIENTED_EDGE('',*,*,#3366,.F.);
#2511=ORIENTED_EDGE('',*,*,#3364,.T.);
#2512=ORIENTED_EDGE('',*,*,#3365,.T.);
#2513=ORIENTED_EDGE('',*,*,#3149,.F.);
#2514=ORIENTED_EDGE('',*,*,#3366,.T.);
#2515=ORIENTED_EDGE('',*,*,#2780,.F.);
#2516=ORIENTED_EDGE('',*,*,#3367,.F.);
#2517=ORIENTED_EDGE('',*,*,#2674,.F.);
#2518=ORIENTED_EDGE('',*,*,#3368,.F.);
#2519=ORIENTED_EDGE('',*,*,#3017,.F.);
#2520=ORIENTED_EDGE('',*,*,#3368,.T.);
#2521=ORIENTED_EDGE('',*,*,#2673,.T.);
#2522=ORIENTED_EDGE('',*,*,#3369,.F.);
#2523=ORIENTED_EDGE('',*,*,#3370,.F.);
#2524=ORIENTED_EDGE('',*,*,#2667,.T.);
#2525=ORIENTED_EDGE('',*,*,#3367,.T.);
#2526=ORIENTED_EDGE('',*,*,#3371,.F.);
#2527=ORIENTED_EDGE('',*,*,#3372,.F.);
#2528=ORIENTED_EDGE('',*,*,#3369,.T.);
#2529=ORIENTED_EDGE('',*,*,#2672,.F.);
#2530=ORIENTED_EDGE('',*,*,#3373,.F.);
#2531=ORIENTED_EDGE('',*,*,#3014,.F.);
#2532=ORIENTED_EDGE('',*,*,#3370,.T.);
#2533=ORIENTED_EDGE('',*,*,#3013,.F.);
#2534=ORIENTED_EDGE('',*,*,#3374,.F.);
#2535=ORIENTED_EDGE('',*,*,#3018,.F.);
#2536=ORIENTED_EDGE('',*,*,#3375,.F.);
#2537=ORIENTED_EDGE('',*,*,#3015,.F.);
#2538=ORIENTED_EDGE('',*,*,#3376,.F.);
#2539=ORIENTED_EDGE('',*,*,#2776,.F.);
#2540=ORIENTED_EDGE('',*,*,#3371,.T.);
#2541=ORIENTED_EDGE('',*,*,#3016,.F.);
#2542=ORIENTED_EDGE('',*,*,#3377,.F.);
#2543=ORIENTED_EDGE('',*,*,#3022,.F.);
#2544=ORIENTED_EDGE('',*,*,#3372,.T.);
#2545=ORIENTED_EDGE('',*,*,#3021,.F.);
#2546=ORIENTED_EDGE('',*,*,#3378,.F.);
#2547=ORIENTED_EDGE('',*,*,#2668,.F.);
#2548=ORIENTED_EDGE('',*,*,#3379,.F.);
#2549=ORIENTED_EDGE('',*,*,#2670,.F.);
#2550=ORIENTED_EDGE('',*,*,#3380,.F.);
#2551=ORIENTED_EDGE('',*,*,#3007,.F.);
#2552=ORIENTED_EDGE('',*,*,#2671,.T.);
#2553=ORIENTED_EDGE('',*,*,#3379,.T.);
#2554=ORIENTED_EDGE('',*,*,#3381,.F.);
#2555=ORIENTED_EDGE('',*,*,#3373,.T.);
#2556=ORIENTED_EDGE('',*,*,#3376,.T.);
#2557=ORIENTED_EDGE('',*,*,#3374,.T.);
#2558=ORIENTED_EDGE('',*,*,#3382,.F.);
#2559=ORIENTED_EDGE('',*,*,#2777,.T.);
#2560=ORIENTED_EDGE('',*,*,#3375,.T.);
#2561=ORIENTED_EDGE('',*,*,#2775,.T.);
#2562=ORIENTED_EDGE('',*,*,#3383,.F.);
#2563=ORIENTED_EDGE('',*,*,#3377,.T.);
#2564=ORIENTED_EDGE('',*,*,#2669,.T.);
#2565=ORIENTED_EDGE('',*,*,#3378,.T.);
#2566=ORIENTED_EDGE('',*,*,#3384,.F.);
#2567=ORIENTED_EDGE('',*,*,#3380,.T.);
#2568=ORIENTED_EDGE('',*,*,#3381,.T.);
#2569=ORIENTED_EDGE('',*,*,#3010,.F.);
#2570=ORIENTED_EDGE('',*,*,#3385,.F.);
#2571=ORIENTED_EDGE('',*,*,#3011,.F.);
#2572=ORIENTED_EDGE('',*,*,#3382,.T.);
#2573=ORIENTED_EDGE('',*,*,#3012,.F.);
#2574=ORIENTED_EDGE('',*,*,#3386,.F.);
#2575=ORIENTED_EDGE('',*,*,#2778,.F.);
#2576=ORIENTED_EDGE('',*,*,#3383,.T.);
#2577=ORIENTED_EDGE('',*,*,#2774,.F.);
#2578=ORIENTED_EDGE('',*,*,#3387,.F.);
#2579=ORIENTED_EDGE('',*,*,#3019,.F.);
#2580=ORIENTED_EDGE('',*,*,#3384,.T.);
#2581=ORIENTED_EDGE('',*,*,#3020,.F.);
#2582=ORIENTED_EDGE('',*,*,#3388,.F.);
#2583=ORIENTED_EDGE('',*,*,#3008,.F.);
#2584=ORIENTED_EDGE('',*,*,#3386,.T.);
#2585=ORIENTED_EDGE('',*,*,#3385,.T.);
#2586=ORIENTED_EDGE('',*,*,#3389,.F.);
#2587=ORIENTED_EDGE('',*,*,#2771,.T.);
#2588=ORIENTED_EDGE('',*,*,#3387,.T.);
#2589=ORIENTED_EDGE('',*,*,#2773,.T.);
#2590=ORIENTED_EDGE('',*,*,#3390,.F.);
#2591=ORIENTED_EDGE('',*,*,#3388,.T.);
#2592=ORIENTED_EDGE('',*,*,#3389,.T.);
#2593=ORIENTED_EDGE('',*,*,#3009,.F.);
#2594=ORIENTED_EDGE('',*,*,#3390,.T.);
#2595=ORIENTED_EDGE('',*,*,#2772,.F.);
#2596=ORIENTED_EDGE('',*,*,#2990,.F.);
#2597=ORIENTED_EDGE('',*,*,#2961,.T.);
#2598=ORIENTED_EDGE('',*,*,#2891,.T.);
#2599=ORIENTED_EDGE('',*,*,#2884,.F.);
#2600=ORIENTED_EDGE('',*,*,#2952,.F.);
#2601=ORIENTED_EDGE('',*,*,#2893,.T.);
#2602=ORIENTED_EDGE('',*,*,#2887,.F.);
#2603=EDGE_CURVE('',#3391,#3392,#3850,.T.);
#2604=EDGE_CURVE('',#3391,#3393,#273,.T.);
#2605=EDGE_CURVE('',#3394,#3393,#3851,.T.);
#2606=EDGE_CURVE('',#3394,#3395,#274,.F.);
#2607=EDGE_CURVE('',#3396,#3395,#3852,.T.);
#2608=EDGE_CURVE('',#3396,#3397,#275,.F.);
#2609=EDGE_CURVE('',#3398,#3397,#3853,.T.);
#2610=EDGE_CURVE('',#3398,#3392,#276,.T.);
#2611=EDGE_CURVE('',#3399,#3400,#3854,.T.);
#2612=EDGE_CURVE('',#3399,#3401,#277,.T.);
#2613=EDGE_CURVE('',#3402,#3401,#3855,.T.);
#2614=EDGE_CURVE('',#3402,#3403,#278,.F.);
#2615=EDGE_CURVE('',#3404,#3403,#3856,.T.);
#2616=EDGE_CURVE('',#3404,#3405,#279,.F.);
#2617=EDGE_CURVE('',#3406,#3405,#3857,.T.);
#2618=EDGE_CURVE('',#3406,#3400,#280,.T.);
#2619=EDGE_CURVE('',#3407,#3408,#3858,.T.);
#2620=EDGE_CURVE('',#3407,#3409,#281,.F.);
#2621=EDGE_CURVE('',#3410,#3409,#3859,.T.);
#2622=EDGE_CURVE('',#3410,#3411,#282,.T.);
#2623=EDGE_CURVE('',#3412,#3411,#3860,.T.);
#2624=EDGE_CURVE('',#3412,#3413,#283,.T.);
#2625=EDGE_CURVE('',#3414,#3413,#3861,.T.);
#2626=EDGE_CURVE('',#3414,#3408,#284,.F.);
#2627=EDGE_CURVE('',#3415,#3416,#3862,.T.);
#2628=EDGE_CURVE('',#3415,#3417,#285,.T.);
#2629=EDGE_CURVE('',#3418,#3417,#3863,.T.);
#2630=EDGE_CURVE('',#3418,#3419,#286,.F.);
#2631=EDGE_CURVE('',#3420,#3419,#3864,.T.);
#2632=EDGE_CURVE('',#3420,#3421,#287,.F.);
#2633=EDGE_CURVE('',#3422,#3421,#3865,.T.);
#2634=EDGE_CURVE('',#3422,#3416,#288,.T.);
#2635=EDGE_CURVE('',#3423,#3424,#3866,.T.);
#2636=EDGE_CURVE('',#3423,#3425,#289,.F.);
#2637=EDGE_CURVE('',#3426,#3425,#3867,.T.);
#2638=EDGE_CURVE('',#3426,#3427,#290,.T.);
#2639=EDGE_CURVE('',#3428,#3427,#3868,.T.);
#2640=EDGE_CURVE('',#3428,#3429,#291,.T.);
#2641=EDGE_CURVE('',#3430,#3429,#3869,.T.);
#2642=EDGE_CURVE('',#3430,#3424,#292,.F.);
#2643=EDGE_CURVE('',#3431,#3432,#3870,.T.);
#2644=EDGE_CURVE('',#3431,#3433,#293,.F.);
#2645=EDGE_CURVE('',#3434,#3433,#3871,.T.);
#2646=EDGE_CURVE('',#3434,#3435,#294,.T.);
#2647=EDGE_CURVE('',#3436,#3435,#3872,.T.);
#2648=EDGE_CURVE('',#3436,#3437,#295,.T.);
#2649=EDGE_CURVE('',#3438,#3437,#3873,.T.);
#2650=EDGE_CURVE('',#3438,#3432,#296,.F.);
#2651=EDGE_CURVE('',#3439,#3440,#3874,.T.);
#2652=EDGE_CURVE('',#3439,#3441,#297,.T.);
#2653=EDGE_CURVE('',#3442,#3441,#3875,.T.);
#2654=EDGE_CURVE('',#3442,#3443,#298,.T.);
#2655=EDGE_CURVE('',#3444,#3443,#3876,.T.);
#2656=EDGE_CURVE('',#3444,#3445,#299,.F.);
#2657=EDGE_CURVE('',#3446,#3445,#3877,.T.);
#2658=EDGE_CURVE('',#3446,#3440,#300,.F.);
#2659=EDGE_CURVE('',#3447,#3448,#301,.T.);
#2660=EDGE_CURVE('',#3447,#3449,#302,.T.);
#2661=EDGE_CURVE('',#3449,#3450,#303,.T.);
#2662=EDGE_CURVE('',#3448,#3450,#304,.T.);
#2663=EDGE_CURVE('',#3451,#3452,#305,.T.);
#2664=EDGE_CURVE('',#3453,#3451,#306,.T.);
#2665=EDGE_CURVE('',#3453,#3454,#307,.T.);
#2666=EDGE_CURVE('',#3454,#3452,#308,.T.);
#2667=EDGE_CURVE('',#3455,#3456,#3878,.T.);
#2668=EDGE_CURVE('',#3455,#3457,#309,.T.);
#2669=EDGE_CURVE('',#3458,#3457,#3879,.T.);
#2670=EDGE_CURVE('',#3458,#3459,#310,.T.);
#2671=EDGE_CURVE('',#3460,#3459,#3880,.T.);
#2672=EDGE_CURVE('',#3460,#3461,#311,.F.);
#2673=EDGE_CURVE('',#3462,#3461,#3881,.T.);
#2674=EDGE_CURVE('',#3462,#3456,#312,.F.);
#2675=EDGE_CURVE('',#3463,#3464,#3882,.T.);
#2676=EDGE_CURVE('',#3463,#3465,#313,.T.);
#2677=EDGE_CURVE('',#3466,#3465,#3883,.T.);
#2678=EDGE_CURVE('',#3466,#3467,#314,.T.);
#2679=EDGE_CURVE('',#3468,#3467,#3884,.T.);
#2680=EDGE_CURVE('',#3468,#3469,#315,.F.);
#2681=EDGE_CURVE('',#3470,#3469,#3885,.T.);
#2682=EDGE_CURVE('',#3470,#3464,#316,.F.);
#2683=EDGE_CURVE('',#3471,#3472,#3886,.T.);
#2684=EDGE_CURVE('',#3471,#3473,#317,.F.);
#2685=EDGE_CURVE('',#3474,#3473,#3887,.T.);
#2686=EDGE_CURVE('',#3474,#3475,#318,.F.);
#2687=EDGE_CURVE('',#3476,#3475,#3888,.T.);
#2688=EDGE_CURVE('',#3476,#3477,#319,.T.);
#2689=EDGE_CURVE('',#3478,#3477,#3889,.T.);
#2690=EDGE_CURVE('',#3478,#3472,#320,.T.);
#2691=EDGE_CURVE('',#3479,#3480,#3890,.F.);
#2692=EDGE_CURVE('',#3479,#3481,#321,.F.);
#2693=EDGE_CURVE('',#3482,#3481,#3891,.F.);
#2694=EDGE_CURVE('',#3482,#3483,#322,.T.);
#2695=EDGE_CURVE('',#3484,#3483,#3892,.F.);
#2696=EDGE_CURVE('',#3484,#3485,#323,.T.);
#2697=EDGE_CURVE('',#3486,#3485,#3893,.F.);
#2698=EDGE_CURVE('',#3486,#3480,#324,.F.);
#2699=EDGE_CURVE('',#3487,#3488,#3894,.F.);
#2700=EDGE_CURVE('',#3487,#3489,#325,.F.);
#2701=EDGE_CURVE('',#3490,#3489,#3895,.F.);
#2702=EDGE_CURVE('',#3490,#3491,#326,.T.);
#2703=EDGE_CURVE('',#3492,#3491,#3896,.F.);
#2704=EDGE_CURVE('',#3492,#3493,#327,.T.);
#2705=EDGE_CURVE('',#3494,#3493,#3897,.F.);
#2706=EDGE_CURVE('',#3494,#3488,#328,.F.);
#2707=EDGE_CURVE('',#3495,#3496,#3898,.F.);
#2708=EDGE_CURVE('',#3495,#3497,#329,.T.);
#2709=EDGE_CURVE('',#3498,#3497,#3899,.F.);
#2710=EDGE_CURVE('',#3498,#3499,#330,.F.);
#2711=EDGE_CURVE('',#3500,#3499,#3900,.F.);
#2712=EDGE_CURVE('',#3500,#3501,#331,.F.);
#2713=EDGE_CURVE('',#3502,#3501,#3901,.F.);
#2714=EDGE_CURVE('',#3502,#3496,#332,.T.);
#2715=EDGE_CURVE('',#3503,#3504,#3902,.F.);
#2716=EDGE_CURVE('',#3503,#3505,#333,.F.);
#2717=EDGE_CURVE('',#3506,#3505,#3903,.F.);
#2718=EDGE_CURVE('',#3506,#3507,#334,.T.);
#2719=EDGE_CURVE('',#3508,#3507,#3904,.F.);
#2720=EDGE_CURVE('',#3508,#3509,#335,.T.);
#2721=EDGE_CURVE('',#3510,#3509,#3905,.F.);
#2722=EDGE_CURVE('',#3510,#3504,#336,.F.);
#2723=EDGE_CURVE('',#3511,#3512,#3906,.F.);
#2724=EDGE_CURVE('',#3511,#3513,#337,.T.);
#2725=EDGE_CURVE('',#3514,#3513,#3907,.F.);
#2726=EDGE_CURVE('',#3514,#3515,#338,.F.);
#2727=EDGE_CURVE('',#3516,#3515,#3908,.F.);
#2728=EDGE_CURVE('',#3516,#3517,#339,.F.);
#2729=EDGE_CURVE('',#3518,#3517,#3909,.F.);
#2730=EDGE_CURVE('',#3518,#3512,#340,.T.);
#2731=EDGE_CURVE('',#3519,#3520,#3910,.F.);
#2732=EDGE_CURVE('',#3519,#3521,#341,.T.);
#2733=EDGE_CURVE('',#3522,#3521,#3911,.F.);
#2734=EDGE_CURVE('',#3522,#3523,#342,.F.);
#2735=EDGE_CURVE('',#3524,#3523,#3912,.F.);
#2736=EDGE_CURVE('',#3524,#3525,#343,.F.);
#2737=EDGE_CURVE('',#3526,#3525,#3913,.F.);
#2738=EDGE_CURVE('',#3526,#3520,#344,.T.);
#2739=EDGE_CURVE('',#3527,#3528,#3914,.F.);
#2740=EDGE_CURVE('',#3527,#3529,#345,.T.);
#2741=EDGE_CURVE('',#3530,#3529,#3915,.F.);
#2742=EDGE_CURVE('',#3530,#3531,#346,.F.);
#2743=EDGE_CURVE('',#3532,#3531,#3916,.F.);
#2744=EDGE_CURVE('',#3532,#3533,#347,.F.);
#2745=EDGE_CURVE('',#3534,#3533,#3917,.F.);
#2746=EDGE_CURVE('',#3534,#3528,#348,.T.);
#2747=EDGE_CURVE('',#3535,#3536,#349,.T.);
#2748=EDGE_CURVE('',#3535,#3537,#350,.T.);
#2749=EDGE_CURVE('',#3537,#3538,#351,.T.);
#2750=EDGE_CURVE('',#3536,#3538,#352,.T.);
#2751=EDGE_CURVE('',#3539,#3540,#353,.T.);
#2752=EDGE_CURVE('',#3539,#3541,#354,.T.);
#2753=EDGE_CURVE('',#3541,#3542,#355,.T.);
#2754=EDGE_CURVE('',#3543,#3542,#356,.T.);
#2755=EDGE_CURVE('',#3543,#3544,#357,.T.);
#2756=EDGE_CURVE('',#3544,#3545,#358,.T.);
#2757=EDGE_CURVE('',#3546,#3545,#359,.T.);
#2758=EDGE_CURVE('',#3540,#3546,#360,.T.);
#2759=EDGE_CURVE('',#3547,#3548,#361,.T.);
#2760=EDGE_CURVE('',#3549,#3548,#362,.T.);
#2761=EDGE_CURVE('',#3550,#3549,#363,.T.);
#2762=EDGE_CURVE('',#3550,#3547,#364,.T.);
#2763=EDGE_CURVE('',#3551,#3552,#365,.T.);
#2764=EDGE_CURVE('',#3551,#3553,#366,.T.);
#2765=EDGE_CURVE('',#3553,#3554,#367,.T.);
#2766=EDGE_CURVE('',#3555,#3554,#368,.T.);
#2767=EDGE_CURVE('',#3556,#3555,#369,.T.);
#2768=EDGE_CURVE('',#3557,#3556,#370,.T.);
#2769=EDGE_CURVE('',#3557,#3558,#371,.T.);
#2770=EDGE_CURVE('',#3558,#3552,#372,.T.);
#2771=EDGE_CURVE('',#3559,#3560,#3918,.F.);
#2772=EDGE_CURVE('',#3559,#3561,#373,.T.);
#2773=EDGE_CURVE('',#3562,#3561,#3919,.F.);
#2774=EDGE_CURVE('',#3562,#3563,#374,.T.);
#2775=EDGE_CURVE('',#3564,#3563,#3920,.F.);
#2776=EDGE_CURVE('',#3564,#3565,#375,.F.);
#2777=EDGE_CURVE('',#3566,#3565,#3921,.F.);
#2778=EDGE_CURVE('',#3566,#3560,#376,.F.);
#2779=EDGE_CURVE('',#3567,#3568,#3922,.F.);
#2780=EDGE_CURVE('',#3567,#3569,#377,.T.);
#2781=EDGE_CURVE('',#3570,#3569,#3923,.F.);
#2782=EDGE_CURVE('',#3570,#3571,#378,.F.);
#2783=EDGE_CURVE('',#3572,#3571,#3924,.F.);
#2784=EDGE_CURVE('',#3572,#3573,#379,.F.);
#2785=EDGE_CURVE('',#3574,#3573,#3925,.F.);
#2786=EDGE_CURVE('',#3574,#3568,#380,.T.);
#2787=EDGE_CURVE('',#3575,#3576,#3926,.F.);
#2788=EDGE_CURVE('',#3575,#3577,#381,.F.);
#2789=EDGE_CURVE('',#3578,#3577,#3927,.F.);
#2790=EDGE_CURVE('',#3578,#3579,#382,.T.);
#2791=EDGE_CURVE('',#3580,#3579,#3928,.F.);
#2792=EDGE_CURVE('',#3580,#3581,#383,.T.);
#2793=EDGE_CURVE('',#3582,#3581,#3929,.F.);
#2794=EDGE_CURVE('',#3582,#3576,#384,.F.);
#2795=EDGE_CURVE('',#3550,#3549,#3930,.T.);
#2796=EDGE_CURVE('',#3583,#3584,#3931,.F.);
#2797=EDGE_CURVE('',#3583,#3585,#385,.T.);
#2798=EDGE_CURVE('',#3586,#3585,#3932,.F.);
#2799=EDGE_CURVE('',#3586,#3587,#386,.T.);
#2800=EDGE_CURVE('',#3588,#3587,#3933,.F.);
#2801=EDGE_CURVE('',#3588,#3589,#387,.F.);
#2802=EDGE_CURVE('',#3590,#3589,#3934,.F.);
#2803=EDGE_CURVE('',#3590,#3584,#388,.F.);
#2804=EDGE_CURVE('',#3591,#3592,#389,.T.);
#2805=EDGE_CURVE('',#3592,#3593,#3935,.T.);
#2806=EDGE_CURVE('',#3593,#3594,#390,.F.);
#2807=EDGE_CURVE('',#3594,#3591,#3936,.T.);
#2808=EDGE_CURVE('',#3595,#3596,#3937,.T.);
#2809=EDGE_CURVE('',#3595,#3597,#391,.F.);
#2810=EDGE_CURVE('',#3598,#3597,#3938,.T.);
#2811=EDGE_CURVE('',#3598,#3599,#392,.T.);
#2812=EDGE_CURVE('',#3600,#3599,#3939,.T.);
#2813=EDGE_CURVE('',#3600,#3601,#393,.T.);
#2814=EDGE_CURVE('',#3602,#3601,#3940,.T.);
#2815=EDGE_CURVE('',#3602,#3596,#394,.F.);
#2816=EDGE_CURVE('',#3603,#3558,#395,.T.);
#2817=EDGE_CURVE('',#3603,#3604,#396,.T.);
#2818=EDGE_CURVE('',#3604,#3605,#397,.T.);
#2819=EDGE_CURVE('',#3605,#3606,#398,.T.);
#2820=EDGE_CURVE('',#3606,#3552,#399,.T.);
#2821=EDGE_CURVE('',#3607,#3557,#400,.T.);
#2822=EDGE_CURVE('',#3607,#3603,#401,.T.);
#2823=EDGE_CURVE('',#3607,#3608,#402,.T.);
#2824=EDGE_CURVE('',#3609,#3556,#403,.T.);
#2825=EDGE_CURVE('',#3610,#3609,#404,.T.);
#2826=EDGE_CURVE('',#3608,#3610,#405,.T.);
#2827=EDGE_CURVE('',#3605,#3610,#406,.T.);
#2828=EDGE_CURVE('',#3609,#3611,#407,.T.);
#2829=EDGE_CURVE('',#3611,#3612,#408,.T.);
#2830=EDGE_CURVE('',#3613,#3612,#409,.T.);
#2831=EDGE_CURVE('',#3614,#3613,#410,.T.);
#2832=EDGE_CURVE('',#3614,#3606,#411,.T.);
#2833=EDGE_CURVE('',#3615,#3539,#412,.T.);
#2834=EDGE_CURVE('',#3615,#3616,#413,.T.);
#2835=EDGE_CURVE('',#3616,#3541,#414,.T.);
#2836=EDGE_CURVE('',#3615,#3617,#415,.T.);
#2837=EDGE_CURVE('',#3618,#3540,#416,.T.);
#2838=EDGE_CURVE('',#3619,#3618,#417,.T.);
#2839=EDGE_CURVE('',#3617,#3619,#418,.T.);
#2840=EDGE_CURVE('',#3616,#3620,#419,.T.);
#2841=EDGE_CURVE('',#3620,#3621,#420,.T.);
#2842=EDGE_CURVE('',#3621,#3622,#421,.T.);
#2843=EDGE_CURVE('',#3622,#3542,#422,.T.);
#2844=EDGE_CURVE('',#3621,#3619,#423,.T.);
#2845=EDGE_CURVE('',#3618,#3623,#424,.T.);
#2846=EDGE_CURVE('',#3623,#3624,#425,.T.);
#2847=EDGE_CURVE('',#3625,#3624,#426,.T.);
#2848=EDGE_CURVE('',#3626,#3625,#427,.T.);
#2849=EDGE_CURVE('',#3626,#3622,#428,.T.);
#2850=EDGE_CURVE('',#3547,#3548,#3941,.T.);
#2851=EDGE_CURVE('',#3627,#3628,#3942,.T.);
#2852=EDGE_CURVE('',#3627,#3629,#429,.F.);
#2853=EDGE_CURVE('',#3630,#3629,#3943,.T.);
#2854=EDGE_CURVE('',#3630,#3631,#430,.F.);
#2855=EDGE_CURVE('',#3632,#3631,#3944,.T.);
#2856=EDGE_CURVE('',#3632,#3633,#431,.T.);
#2857=EDGE_CURVE('',#3634,#3633,#3945,.T.);
#2858=EDGE_CURVE('',#3634,#3628,#432,.T.);
#2859=EDGE_CURVE('',#3635,#3636,#3946,.F.);
#2860=EDGE_CURVE('',#3635,#3637,#433,.T.);
#2861=EDGE_CURVE('',#3637,#3638,#3947,.T.);
#2862=EDGE_CURVE('',#3638,#3639,#434,.T.);
#2863=EDGE_CURVE('',#3639,#3640,#3948,.T.);
#2864=EDGE_CURVE('',#3640,#3641,#435,.F.);
#2865=EDGE_CURVE('',#3642,#3641,#3949,.F.);
#2866=EDGE_CURVE('',#3642,#3636,#436,.F.);
#2867=EDGE_CURVE('',#3643,#3643,#3950,.F.);
#2868=EDGE_CURVE('',#3452,#3451,#3951,.T.);
#2869=EDGE_CURVE('',#3548,#3452,#3952,.T.);
#2870=EDGE_CURVE('',#3452,#3548,#437,.T.);
#2871=EDGE_CURVE('',#3644,#3644,#3953,.T.);
#2872=EDGE_CURVE('',#3451,#3547,#3954,.T.);
#2873=EDGE_CURVE('',#3451,#3547,#438,.T.);
#2874=EDGE_CURVE('',#3645,#3645,#3955,.T.);
#2875=EDGE_CURVE('',#3646,#3550,#439,.T.);
#2876=EDGE_CURVE('',#3646,#3647,#440,.F.);
#2877=EDGE_CURVE('',#3647,#3453,#441,.T.);
#2878=EDGE_CURVE('',#3648,#3648,#3956,.T.);
#2879=EDGE_CURVE('',#3649,#3454,#442,.T.);
#2880=EDGE_CURVE('',#3649,#3650,#443,.T.);
#2881=EDGE_CURVE('',#3650,#3549,#444,.T.);
#2882=EDGE_CURVE('',#3454,#3453,#3957,.T.);
#2883=EDGE_CURVE('',#3647,#3651,#3958,.F.);
#2884=EDGE_CURVE('',#3651,#3652,#111,.T.);
#2885=EDGE_CURVE('',#3652,#3649,#3959,.F.);
#2886=EDGE_CURVE('',#3650,#3653,#3960,.F.);
#2887=EDGE_CURVE('',#3653,#3654,#112,.T.);
#2888=EDGE_CURVE('',#3654,#3646,#3961,.F.);
#2889=EDGE_CURVE('',#3592,#3646,#113,.F.);
#2890=EDGE_CURVE('',#3647,#3591,#114,.T.);
#2891=EDGE_CURVE('',#3651,#3652,#115,.T.);
#2892=EDGE_CURVE('',#3649,#3594,#116,.T.);
#2893=EDGE_CURVE('',#3653,#3654,#117,.T.);
#2894=EDGE_CURVE('',#3593,#3650,#118,.F.);
#2895=EDGE_CURVE('',#3614,#3551,#445,.T.);
#2896=EDGE_CURVE('',#3611,#3555,#446,.T.);
#2897=EDGE_CURVE('',#3612,#3554,#447,.T.);
#2898=EDGE_CURVE('',#3613,#3553,#448,.T.);
#2899=EDGE_CURVE('',#3623,#3546,#449,.T.);
#2900=EDGE_CURVE('',#3624,#3545,#450,.T.);
#2901=EDGE_CURVE('',#3625,#3544,#451,.T.);
#2902=EDGE_CURVE('',#3626,#3543,#452,.T.);
#2903=EDGE_CURVE('',#3655,#3656,#453,.F.);
#2904=EDGE_CURVE('',#3656,#3657,#454,.T.);
#2905=EDGE_CURVE('',#3657,#3658,#455,.T.);
#2906=EDGE_CURVE('',#3658,#3655,#456,.F.);
#2907=EDGE_CURVE('',#3659,#3660,#457,.T.);
#2908=EDGE_CURVE('',#3660,#3661,#458,.F.);
#2909=EDGE_CURVE('',#3661,#3662,#459,.F.);
#2910=EDGE_CURVE('',#3662,#3659,#460,.T.);
#2911=EDGE_CURVE('',#3638,#3663,#119,.T.);
#2912=EDGE_CURVE('',#3663,#3664,#461,.T.);
#2913=EDGE_CURVE('',#3664,#3665,#462,.T.);
#2914=EDGE_CURVE('',#3665,#3666,#463,.F.);
#2915=EDGE_CURVE('',#3666,#3639,#120,.F.);
#2916=EDGE_CURVE('',#3667,#3668,#464,.T.);
#2917=EDGE_CURVE('',#3668,#3669,#465,.T.);
#2918=EDGE_CURVE('',#3669,#3670,#466,.F.);
#2919=EDGE_CURVE('',#3670,#3667,#467,.F.);
#2920=EDGE_CURVE('',#3668,#3640,#3962,.T.);
#2921=EDGE_CURVE('',#3641,#3667,#3963,.T.);
#2922=EDGE_CURVE('',#3667,#3657,#3964,.T.);
#2923=EDGE_CURVE('',#3658,#3670,#3965,.F.);
#2924=EDGE_CURVE('',#3642,#3657,#3966,.F.);
#2925=EDGE_CURVE('',#3668,#3666,#3967,.F.);
#2926=EDGE_CURVE('',#3658,#3633,#3968,.F.);
#2927=EDGE_CURVE('',#3634,#3670,#3969,.F.);
#2928=EDGE_CURVE('',#3636,#3656,#3970,.T.);
#2929=EDGE_CURVE('',#3669,#3665,#3971,.F.);
#2930=EDGE_CURVE('',#3628,#3669,#3972,.T.);
#2931=EDGE_CURVE('',#3655,#3632,#3973,.T.);
#2932=EDGE_CURVE('',#3656,#3662,#3974,.T.);
#2933=EDGE_CURVE('',#3659,#3655,#3975,.F.);
#2934=EDGE_CURVE('',#3635,#3662,#3976,.F.);
#2935=EDGE_CURVE('',#3627,#3665,#3977,.F.);
#2936=EDGE_CURVE('',#3659,#3631,#3978,.F.);
#2937=EDGE_CURVE('',#3637,#3661,#3979,.T.);
#2938=EDGE_CURVE('',#3629,#3664,#3980,.T.);
#2939=EDGE_CURVE('',#3660,#3630,#3981,.T.);
#2940=EDGE_CURVE('',#3663,#3661,#3982,.F.);
#2941=EDGE_CURVE('',#3660,#3664,#3983,.T.);
#2942=EDGE_CURVE('',#3536,#3449,#468,.T.);
#2943=EDGE_CURVE('',#3535,#3447,#469,.T.);
#2944=EDGE_CURVE('',#3537,#3448,#470,.T.);
#2945=EDGE_CURVE('',#3538,#3450,#471,.T.);
#2946=EDGE_CURVE('',#3617,#3620,#472,.T.);
#2947=EDGE_CURVE('',#3608,#3604,#473,.T.);
#2948=EDGE_CURVE('',#3671,#3672,#474,.F.);
#2949=EDGE_CURVE('',#3672,#3673,#475,.F.);
#2950=EDGE_CURVE('',#3673,#3674,#476,.T.);
#2951=EDGE_CURVE('',#3674,#3671,#477,.T.);
#2952=EDGE_CURVE('',#3675,#3675,#3984,.T.);
#2953=EDGE_CURVE('',#3676,#3677,#478,.T.);
#2954=EDGE_CURVE('',#3677,#3678,#479,.T.);
#2955=EDGE_CURVE('',#3678,#3679,#480,.F.);
#2956=EDGE_CURVE('',#3679,#3676,#481,.F.);
#2957=EDGE_CURVE('',#3680,#3681,#482,.F.);
#2958=EDGE_CURVE('',#3681,#3682,#483,.T.);
#2959=EDGE_CURVE('',#3682,#3683,#484,.T.);
#2960=EDGE_CURVE('',#3683,#3680,#485,.F.);
#2961=EDGE_CURVE('',#3684,#3684,#3985,.T.);
#2962=EDGE_CURVE('',#3685,#3686,#486,.T.);
#2963=EDGE_CURVE('',#3686,#3687,#487,.F.);
#2964=EDGE_CURVE('',#3687,#3688,#488,.F.);
#2965=EDGE_CURVE('',#3688,#3685,#489,.T.);
#2966=EDGE_CURVE('',#3584,#3673,#3986,.T.);
#2967=EDGE_CURVE('',#3674,#3590,#3987,.T.);
#2968=EDGE_CURVE('',#3676,#3673,#3988,.F.);
#2969=EDGE_CURVE('',#3583,#3676,#3989,.F.);
#2970=EDGE_CURVE('',#3688,#3589,#3990,.F.);
#2971=EDGE_CURVE('',#3674,#3688,#3991,.F.);
#2972=EDGE_CURVE('',#3677,#3672,#3992,.F.);
#2973=EDGE_CURVE('',#3585,#3679,#3993,.T.);
#2974=EDGE_CURVE('',#3587,#3680,#3994,.T.);
#2975=EDGE_CURVE('',#3681,#3586,#3995,.T.);
#2976=EDGE_CURVE('',#3685,#3588,#3996,.T.);
#2977=EDGE_CURVE('',#3671,#3687,#3997,.F.);
#2978=EDGE_CURVE('',#3599,#3671,#3998,.T.);
#2979=EDGE_CURVE('',#3672,#3598,#3999,.T.);
#2980=EDGE_CURVE('',#3677,#3597,#4000,.F.);
#2981=EDGE_CURVE('',#3681,#3679,#4001,.F.);
#2982=EDGE_CURVE('',#3685,#3680,#4002,.F.);
#2983=EDGE_CURVE('',#3600,#3687,#4003,.F.);
#2984=EDGE_CURVE('',#3678,#3595,#4004,.T.);
#2985=EDGE_CURVE('',#3682,#3678,#4005,.F.);
#2986=EDGE_CURVE('',#3686,#3683,#4006,.F.);
#2987=EDGE_CURVE('',#3601,#3686,#4007,.T.);
#2988=EDGE_CURVE('',#3682,#3596,#4008,.F.);
#2989=EDGE_CURVE('',#3602,#3683,#4009,.F.);
#2990=EDGE_CURVE('',#3689,#3689,#121,.T.);
#2991=EDGE_CURVE('',#3690,#3691,#490,.F.);
#2992=EDGE_CURVE('',#3691,#3692,#491,.F.);
#2993=EDGE_CURVE('',#3692,#3693,#492,.F.);
#2994=EDGE_CURVE('',#3693,#3690,#493,.T.);
#2995=EDGE_CURVE('',#3694,#3695,#494,.T.);
#2996=EDGE_CURVE('',#3695,#3696,#495,.T.);
#2997=EDGE_CURVE('',#3696,#3697,#496,.T.);
#2998=EDGE_CURVE('',#3697,#3694,#497,.F.);
#2999=EDGE_CURVE('',#3698,#3699,#498,.T.);
#3000=EDGE_CURVE('',#3699,#3700,#499,.T.);
#3001=EDGE_CURVE('',#3700,#3701,#500,.F.);
#3002=EDGE_CURVE('',#3701,#3698,#501,.T.);
#3003=EDGE_CURVE('',#3702,#3703,#502,.F.);
#3004=EDGE_CURVE('',#3703,#3704,#503,.F.);
#3005=EDGE_CURVE('',#3704,#3705,#504,.F.);
#3006=EDGE_CURVE('',#3705,#3702,#505,.T.);
#3007=EDGE_CURVE('',#3706,#3707,#506,.F.);
#3008=EDGE_CURVE('',#3707,#3708,#507,.T.);
#3009=EDGE_CURVE('',#3708,#3709,#508,.F.);
#3010=EDGE_CURVE('',#3709,#3706,#509,.F.);
#3011=EDGE_CURVE('',#3710,#3711,#510,.T.);
#3012=EDGE_CURVE('',#3711,#3712,#511,.T.);
#3013=EDGE_CURVE('',#3712,#3713,#512,.F.);
#3014=EDGE_CURVE('',#3713,#3710,#513,.T.);
#3015=EDGE_CURVE('',#3714,#3715,#514,.T.);
#3016=EDGE_CURVE('',#3715,#3716,#515,.F.);
#3017=EDGE_CURVE('',#3716,#3717,#516,.T.);
#3018=EDGE_CURVE('',#3717,#3714,#517,.T.);
#3019=EDGE_CURVE('',#3718,#3719,#518,.F.);
#3020=EDGE_CURVE('',#3719,#3720,#519,.F.);
#3021=EDGE_CURVE('',#3720,#3721,#520,.F.);
#3022=EDGE_CURVE('',#3721,#3718,#521,.T.);
#3023=EDGE_CURVE('',#3722,#3723,#522,.F.);
#3024=EDGE_CURVE('',#3723,#3724,#523,.F.);
#3025=EDGE_CURVE('',#3724,#3725,#524,.F.);
#3026=EDGE_CURVE('',#3725,#3722,#525,.T.);
#3027=EDGE_CURVE('',#3726,#3727,#526,.T.);
#3028=EDGE_CURVE('',#3727,#3728,#527,.T.);
#3029=EDGE_CURVE('',#3728,#3729,#528,.T.);
#3030=EDGE_CURVE('',#3729,#3726,#529,.F.);
#3031=EDGE_CURVE('',#3730,#3731,#530,.T.);
#3032=EDGE_CURVE('',#3731,#3732,#531,.T.);
#3033=EDGE_CURVE('',#3732,#3733,#532,.T.);
#3034=EDGE_CURVE('',#3733,#3730,#533,.F.);
#3035=EDGE_CURVE('',#3734,#3735,#534,.T.);
#3036=EDGE_CURVE('',#3735,#3736,#535,.F.);
#3037=EDGE_CURVE('',#3736,#3737,#536,.F.);
#3038=EDGE_CURVE('',#3737,#3734,#537,.F.);
#3039=EDGE_CURVE('',#3738,#3739,#538,.F.);
#3040=EDGE_CURVE('',#3739,#3740,#539,.T.);
#3041=EDGE_CURVE('',#3740,#3741,#540,.F.);
#3042=EDGE_CURVE('',#3741,#3738,#541,.F.);
#3043=EDGE_CURVE('',#3742,#3743,#542,.T.);
#3044=EDGE_CURVE('',#3743,#3744,#543,.F.);
#3045=EDGE_CURVE('',#3744,#3745,#544,.F.);
#3046=EDGE_CURVE('',#3745,#3742,#545,.F.);
#3047=EDGE_CURVE('',#3746,#3747,#546,.T.);
#3048=EDGE_CURVE('',#3747,#3748,#547,.F.);
#3049=EDGE_CURVE('',#3748,#3749,#548,.T.);
#3050=EDGE_CURVE('',#3749,#3746,#549,.T.);
#3051=EDGE_CURVE('',#3750,#3751,#550,.T.);
#3052=EDGE_CURVE('',#3751,#3752,#551,.F.);
#3053=EDGE_CURVE('',#3752,#3753,#552,.T.);
#3054=EDGE_CURVE('',#3753,#3750,#553,.T.);
#3055=EDGE_CURVE('',#3754,#3755,#554,.T.);
#3056=EDGE_CURVE('',#3755,#3756,#555,.F.);
#3057=EDGE_CURVE('',#3756,#3757,#556,.F.);
#3058=EDGE_CURVE('',#3757,#3754,#557,.F.);
#3059=EDGE_CURVE('',#3758,#3759,#558,.T.);
#3060=EDGE_CURVE('',#3759,#3760,#559,.F.);
#3061=EDGE_CURVE('',#3760,#3761,#560,.T.);
#3062=EDGE_CURVE('',#3761,#3758,#561,.T.);
#3063=EDGE_CURVE('',#3762,#3763,#562,.T.);
#3064=EDGE_CURVE('',#3763,#3764,#563,.F.);
#3065=EDGE_CURVE('',#3764,#3765,#564,.T.);
#3066=EDGE_CURVE('',#3765,#3762,#565,.T.);
#3067=EDGE_CURVE('',#3766,#3767,#566,.F.);
#3068=EDGE_CURVE('',#3767,#3768,#567,.T.);
#3069=EDGE_CURVE('',#3768,#3769,#568,.F.);
#3070=EDGE_CURVE('',#3769,#3766,#569,.F.);
#3071=EDGE_CURVE('',#3770,#3771,#570,.F.);
#3072=EDGE_CURVE('',#3771,#3772,#571,.F.);
#3073=EDGE_CURVE('',#3772,#3773,#572,.F.);
#3074=EDGE_CURVE('',#3773,#3770,#573,.T.);
#3075=EDGE_CURVE('',#3774,#3775,#574,.T.);
#3076=EDGE_CURVE('',#3775,#3776,#575,.T.);
#3077=EDGE_CURVE('',#3776,#3777,#576,.T.);
#3078=EDGE_CURVE('',#3777,#3774,#577,.F.);
#3079=EDGE_CURVE('',#3778,#3779,#578,.T.);
#3080=EDGE_CURVE('',#3779,#3780,#579,.T.);
#3081=EDGE_CURVE('',#3780,#3781,#580,.T.);
#3082=EDGE_CURVE('',#3781,#3778,#581,.F.);
#3083=EDGE_CURVE('',#3782,#3783,#582,.T.);
#3084=EDGE_CURVE('',#3783,#3784,#583,.F.);
#3085=EDGE_CURVE('',#3784,#3785,#584,.F.);
#3086=EDGE_CURVE('',#3785,#3782,#585,.F.);
#3087=EDGE_CURVE('',#3786,#3787,#586,.F.);
#3088=EDGE_CURVE('',#3787,#3788,#587,.T.);
#3089=EDGE_CURVE('',#3788,#3789,#588,.F.);
#3090=EDGE_CURVE('',#3789,#3786,#589,.F.);
#3091=EDGE_CURVE('',#3790,#3791,#590,.T.);
#3092=EDGE_CURVE('',#3791,#3792,#591,.T.);
#3093=EDGE_CURVE('',#3792,#3793,#592,.F.);
#3094=EDGE_CURVE('',#3793,#3790,#593,.T.);
#3095=EDGE_CURVE('',#3794,#3795,#594,.T.);
#3096=EDGE_CURVE('',#3795,#3796,#595,.F.);
#3097=EDGE_CURVE('',#3796,#3797,#596,.T.);
#3098=EDGE_CURVE('',#3797,#3794,#597,.T.);
#3099=EDGE_CURVE('',#3798,#3799,#598,.F.);
#3100=EDGE_CURVE('',#3799,#3800,#599,.T.);
#3101=EDGE_CURVE('',#3800,#3801,#600,.F.);
#3102=EDGE_CURVE('',#3801,#3798,#601,.F.);
#3103=EDGE_CURVE('',#3802,#3803,#602,.F.);
#3104=EDGE_CURVE('',#3803,#3804,#603,.F.);
#3105=EDGE_CURVE('',#3804,#3805,#604,.F.);
#3106=EDGE_CURVE('',#3805,#3802,#605,.T.);
#3107=EDGE_CURVE('',#3806,#3807,#606,.T.);
#3108=EDGE_CURVE('',#3807,#3808,#607,.T.);
#3109=EDGE_CURVE('',#3808,#3809,#608,.T.);
#3110=EDGE_CURVE('',#3809,#3806,#609,.F.);
#3111=EDGE_CURVE('',#3810,#3811,#610,.T.);
#3112=EDGE_CURVE('',#3811,#3812,#611,.T.);
#3113=EDGE_CURVE('',#3812,#3813,#612,.F.);
#3114=EDGE_CURVE('',#3813,#3810,#613,.T.);
#3115=EDGE_CURVE('',#3814,#3815,#614,.F.);
#3116=EDGE_CURVE('',#3815,#3816,#615,.F.);
#3117=EDGE_CURVE('',#3816,#3817,#616,.F.);
#3118=EDGE_CURVE('',#3817,#3814,#617,.T.);
#3119=EDGE_CURVE('',#3818,#3819,#618,.F.);
#3120=EDGE_CURVE('',#3819,#3820,#619,.T.);
#3121=EDGE_CURVE('',#3820,#3821,#620,.F.);
#3122=EDGE_CURVE('',#3821,#3818,#621,.F.);
#3123=EDGE_CURVE('',#3822,#3823,#622,.T.);
#3124=EDGE_CURVE('',#3823,#3824,#623,.T.);
#3125=EDGE_CURVE('',#3824,#3825,#624,.F.);
#3126=EDGE_CURVE('',#3825,#3822,#625,.T.);
#3127=EDGE_CURVE('',#3826,#3827,#626,.T.);
#3128=EDGE_CURVE('',#3827,#3828,#627,.F.);
#3129=EDGE_CURVE('',#3828,#3829,#628,.T.);
#3130=EDGE_CURVE('',#3829,#3826,#629,.T.);
#3131=EDGE_CURVE('',#3830,#3831,#630,.F.);
#3132=EDGE_CURVE('',#3831,#3832,#631,.T.);
#3133=EDGE_CURVE('',#3832,#3833,#632,.F.);
#3134=EDGE_CURVE('',#3833,#3830,#633,.F.);
#3135=EDGE_CURVE('',#3834,#3835,#634,.F.);
#3136=EDGE_CURVE('',#3835,#3836,#635,.T.);
#3137=EDGE_CURVE('',#3836,#3837,#636,.F.);
#3138=EDGE_CURVE('',#3837,#3834,#637,.F.);
#3139=EDGE_CURVE('',#3838,#3839,#638,.T.);
#3140=EDGE_CURVE('',#3839,#3840,#639,.T.);
#3141=EDGE_CURVE('',#3840,#3841,#640,.F.);
#3142=EDGE_CURVE('',#3841,#3838,#641,.T.);
#3143=EDGE_CURVE('',#3842,#3843,#642,.T.);
#3144=EDGE_CURVE('',#3843,#3844,#643,.F.);
#3145=EDGE_CURVE('',#3844,#3845,#644,.T.);
#3146=EDGE_CURVE('',#3845,#3842,#645,.T.);
#3147=EDGE_CURVE('',#3846,#3847,#646,.F.);
#3148=EDGE_CURVE('',#3847,#3848,#647,.T.);
#3149=EDGE_CURVE('',#3848,#3849,#648,.F.);
#3150=EDGE_CURVE('',#3849,#3846,#649,.F.);
#3151=EDGE_CURVE('',#3392,#3704,#4010,.T.);
#3152=EDGE_CURVE('',#3705,#3398,#4011,.T.);
#3153=EDGE_CURVE('',#3693,#3704,#4012,.T.);
#3154=EDGE_CURVE('',#3391,#3693,#4013,.F.);
#3155=EDGE_CURVE('',#3701,#3397,#4014,.F.);
#3156=EDGE_CURVE('',#3705,#3701,#4015,.T.);
#3157=EDGE_CURVE('',#3690,#3703,#4016,.T.);
#3158=EDGE_CURVE('',#3393,#3692,#4017,.T.);
#3159=EDGE_CURVE('',#3395,#3694,#4018,.T.);
#3160=EDGE_CURVE('',#3695,#3394,#4019,.T.);
#3161=EDGE_CURVE('',#3698,#3396,#4020,.T.);
#3162=EDGE_CURVE('',#3702,#3700,#4021,.T.);
#3163=EDGE_CURVE('',#3485,#3702,#4022,.T.);
#3164=EDGE_CURVE('',#3703,#3484,#4023,.T.);
#3165=EDGE_CURVE('',#3690,#3483,#4024,.F.);
#3166=EDGE_CURVE('',#3695,#3692,#4025,.T.);
#3167=EDGE_CURVE('',#3698,#3694,#4026,.T.);
#3168=EDGE_CURVE('',#3486,#3700,#4027,.F.);
#3169=EDGE_CURVE('',#3691,#3482,#4028,.T.);
#3170=EDGE_CURVE('',#3696,#3691,#4029,.T.);
#3171=EDGE_CURVE('',#3699,#3697,#4030,.T.);
#3172=EDGE_CURVE('',#3480,#3699,#4031,.T.);
#3173=EDGE_CURVE('',#3696,#3481,#4032,.F.);
#3174=EDGE_CURVE('',#3479,#3697,#4033,.F.);
#3175=EDGE_CURVE('',#3405,#3778,#4034,.T.);
#3176=EDGE_CURVE('',#3779,#3404,#4035,.T.);
#3177=EDGE_CURVE('',#3774,#3403,#4036,.F.);
#3178=EDGE_CURVE('',#3779,#3774,#4037,.T.);
#3179=EDGE_CURVE('',#3782,#3778,#4038,.T.);
#3180=EDGE_CURVE('',#3406,#3782,#4039,.F.);
#3181=EDGE_CURVE('',#3775,#3402,#4040,.T.);
#3182=EDGE_CURVE('',#3780,#3777,#4041,.T.);
#3183=EDGE_CURVE('',#3781,#3494,#4042,.T.);
#3184=EDGE_CURVE('',#3488,#3780,#4043,.T.);
#3185=EDGE_CURVE('',#3783,#3781,#4044,.T.);
#3186=EDGE_CURVE('',#3400,#3785,#4045,.T.);
#3187=EDGE_CURVE('',#3401,#3772,#4046,.T.);
#3188=EDGE_CURVE('',#3773,#3399,#4047,.T.);
#3189=EDGE_CURVE('',#3775,#3772,#4048,.T.);
#3190=EDGE_CURVE('',#3487,#3777,#4049,.F.);
#3191=EDGE_CURVE('',#3783,#3493,#4050,.F.);
#3192=EDGE_CURVE('',#3773,#3785,#4051,.T.);
#3193=EDGE_CURVE('',#3776,#3771,#4052,.T.);
#3194=EDGE_CURVE('',#3489,#3776,#4053,.T.);
#3195=EDGE_CURVE('',#3784,#3492,#4054,.T.);
#3196=EDGE_CURVE('',#3770,#3784,#4055,.T.);
#3197=EDGE_CURVE('',#3490,#3771,#4056,.F.);
#3198=EDGE_CURVE('',#3770,#3491,#4057,.F.);
#3199=EDGE_CURVE('',#3413,#3786,#4058,.T.);
#3200=EDGE_CURVE('',#3787,#3412,#4059,.T.);
#3201=EDGE_CURVE('',#3790,#3786,#4060,.T.);
#3202=EDGE_CURVE('',#3414,#3790,#4061,.F.);
#3203=EDGE_CURVE('',#3798,#3411,#4062,.F.);
#3204=EDGE_CURVE('',#3787,#3798,#4063,.T.);
#3205=EDGE_CURVE('',#3791,#3789,#4064,.T.);
#3206=EDGE_CURVE('',#3408,#3793,#4065,.T.);
#3207=EDGE_CURVE('',#3409,#3796,#4066,.T.);
#3208=EDGE_CURVE('',#3797,#3407,#4067,.T.);
#3209=EDGE_CURVE('',#3799,#3410,#4068,.T.);
#3210=EDGE_CURVE('',#3788,#3801,#4069,.T.);
#3211=EDGE_CURVE('',#3496,#3788,#4070,.T.);
#3212=EDGE_CURVE('',#3789,#3502,#4071,.T.);
#3213=EDGE_CURVE('',#3791,#3501,#4072,.F.);
#3214=EDGE_CURVE('',#3797,#3793,#4073,.T.);
#3215=EDGE_CURVE('',#3799,#3796,#4074,.T.);
#3216=EDGE_CURVE('',#3495,#3801,#4075,.F.);
#3217=EDGE_CURVE('',#3792,#3500,#4076,.T.);
#3218=EDGE_CURVE('',#3794,#3792,#4077,.T.);
#3219=EDGE_CURVE('',#3800,#3795,#4078,.T.);
#3220=EDGE_CURVE('',#3497,#3800,#4079,.T.);
#3221=EDGE_CURVE('',#3794,#3499,#4080,.F.);
#3222=EDGE_CURVE('',#3498,#3795,#4081,.F.);
#3223=EDGE_CURVE('',#3416,#3816,#4082,.T.);
#3224=EDGE_CURVE('',#3817,#3422,#4083,.T.);
#3225=EDGE_CURVE('',#3805,#3816,#4084,.T.);
#3226=EDGE_CURVE('',#3415,#3805,#4085,.F.);
#3227=EDGE_CURVE('',#3813,#3421,#4086,.F.);
#3228=EDGE_CURVE('',#3817,#3813,#4087,.T.);
#3229=EDGE_CURVE('',#3802,#3815,#4088,.T.);
#3230=EDGE_CURVE('',#3417,#3804,#4089,.T.);
#3231=EDGE_CURVE('',#3419,#3806,#4090,.T.);
#3232=EDGE_CURVE('',#3807,#3418,#4091,.T.);
#3233=EDGE_CURVE('',#3810,#3420,#4092,.T.);
#3234=EDGE_CURVE('',#3814,#3812,#4093,.T.);
#3235=EDGE_CURVE('',#3509,#3814,#4094,.T.);
#3236=EDGE_CURVE('',#3815,#3508,#4095,.T.);
#3237=EDGE_CURVE('',#3802,#3507,#4096,.F.);
#3238=EDGE_CURVE('',#3807,#3804,#4097,.T.);
#3239=EDGE_CURVE('',#3810,#3806,#4098,.T.);
#3240=EDGE_CURVE('',#3510,#3812,#4099,.F.);
#3241=EDGE_CURVE('',#3803,#3506,#4100,.T.);
#3242=EDGE_CURVE('',#3808,#3803,#4101,.T.);
#3243=EDGE_CURVE('',#3811,#3809,#4102,.T.);
#3244=EDGE_CURVE('',#3504,#3811,#4103,.T.);
#3245=EDGE_CURVE('',#3808,#3505,#4104,.F.);
#3246=EDGE_CURVE('',#3503,#3809,#4105,.F.);
#3247=EDGE_CURVE('',#3432,#3760,#4106,.T.);
#3248=EDGE_CURVE('',#3761,#3438,#4107,.T.);
#3249=EDGE_CURVE('',#3757,#3437,#4108,.F.);
#3250=EDGE_CURVE('',#3761,#3757,#4109,.T.);
#3251=EDGE_CURVE('',#3765,#3760,#4110,.T.);
#3252=EDGE_CURVE('',#3431,#3765,#4111,.F.);
#3253=EDGE_CURVE('',#3754,#3436,#4112,.T.);
#3254=EDGE_CURVE('',#3758,#3756,#4113,.T.);
#3255=EDGE_CURVE('',#3759,#3524,#4114,.T.);
#3256=EDGE_CURVE('',#3525,#3758,#4115,.T.);
#3257=EDGE_CURVE('',#3762,#3759,#4116,.T.);
#3258=EDGE_CURVE('',#3433,#3764,#4117,.T.);
#3259=EDGE_CURVE('',#3435,#3766,#4118,.T.);
#3260=EDGE_CURVE('',#3767,#3434,#4119,.T.);
#3261=EDGE_CURVE('',#3754,#3766,#4120,.T.);
#3262=EDGE_CURVE('',#3526,#3756,#4121,.F.);
#3263=EDGE_CURVE('',#3762,#3523,#4122,.F.);
#3264=EDGE_CURVE('',#3767,#3764,#4123,.T.);
#3265=EDGE_CURVE('',#3755,#3769,#4124,.T.);
#3266=EDGE_CURVE('',#3520,#3755,#4125,.T.);
#3267=EDGE_CURVE('',#3763,#3522,#4126,.T.);
#3268=EDGE_CURVE('',#3768,#3763,#4127,.T.);
#3269=EDGE_CURVE('',#3519,#3769,#4128,.F.);
#3270=EDGE_CURVE('',#3768,#3521,#4129,.F.);
#3271=EDGE_CURVE('',#3424,#3748,#4130,.T.);
#3272=EDGE_CURVE('',#3749,#3430,#4131,.T.);
#3273=EDGE_CURVE('',#3745,#3429,#4132,.F.);
#3274=EDGE_CURVE('',#3749,#3745,#4133,.T.);
#3275=EDGE_CURVE('',#3753,#3748,#4134,.T.);
#3276=EDGE_CURVE('',#3423,#3753,#4135,.F.);
#3277=EDGE_CURVE('',#3742,#3428,#4136,.T.);
#3278=EDGE_CURVE('',#3746,#3744,#4137,.T.);
#3279=EDGE_CURVE('',#3747,#3516,#4138,.T.);
#3280=EDGE_CURVE('',#3517,#3746,#4139,.T.);
#3281=EDGE_CURVE('',#3750,#3747,#4140,.T.);
#3282=EDGE_CURVE('',#3425,#3752,#4141,.T.);
#3283=EDGE_CURVE('',#3427,#3738,#4142,.T.);
#3284=EDGE_CURVE('',#3739,#3426,#4143,.T.);
#3285=EDGE_CURVE('',#3742,#3738,#4144,.T.);
#3286=EDGE_CURVE('',#3518,#3744,#4145,.F.);
#3287=EDGE_CURVE('',#3750,#3515,#4146,.F.);
#3288=EDGE_CURVE('',#3739,#3752,#4147,.T.);
#3289=EDGE_CURVE('',#3743,#3741,#4148,.T.);
#3290=EDGE_CURVE('',#3512,#3743,#4149,.T.);
#3291=EDGE_CURVE('',#3751,#3514,#4150,.T.);
#3292=EDGE_CURVE('',#3740,#3751,#4151,.T.);
#3293=EDGE_CURVE('',#3511,#3741,#4152,.F.);
#3294=EDGE_CURVE('',#3740,#3513,#4153,.F.);
#3295=EDGE_CURVE('',#3477,#3737,#4154,.T.);
#3296=EDGE_CURVE('',#3734,#3476,#4155,.T.);
#3297=EDGE_CURVE('',#3725,#3737,#4156,.T.);
#3298=EDGE_CURVE('',#3478,#3725,#4157,.F.);
#3299=EDGE_CURVE('',#3730,#3475,#4158,.F.);
#3300=EDGE_CURVE('',#3734,#3730,#4159,.T.);
#3301=EDGE_CURVE('',#3722,#3736,#4160,.T.);
#3302=EDGE_CURVE('',#3472,#3724,#4161,.T.);
#3303=EDGE_CURVE('',#3473,#3726,#4162,.T.);
#3304=EDGE_CURVE('',#3727,#3471,#4163,.T.);
#3305=EDGE_CURVE('',#3731,#3474,#4164,.T.);
#3306=EDGE_CURVE('',#3735,#3733,#4165,.T.);
#3307=EDGE_CURVE('',#3581,#3735,#4166,.T.);
#3308=EDGE_CURVE('',#3736,#3580,#4167,.T.);
#3309=EDGE_CURVE('',#3722,#3579,#4168,.F.);
#3310=EDGE_CURVE('',#3727,#3724,#4169,.T.);
#3311=EDGE_CURVE('',#3731,#3726,#4170,.T.);
#3312=EDGE_CURVE('',#3582,#3733,#4171,.F.);
#3313=EDGE_CURVE('',#3723,#3578,#4172,.T.);
#3314=EDGE_CURVE('',#3728,#3723,#4173,.T.);
#3315=EDGE_CURVE('',#3732,#3729,#4174,.T.);
#3316=EDGE_CURVE('',#3576,#3732,#4175,.T.);
#3317=EDGE_CURVE('',#3728,#3577,#4176,.F.);
#3318=EDGE_CURVE('',#3575,#3729,#4177,.F.);
#3319=EDGE_CURVE('',#3445,#3825,#4178,.T.);
#3320=EDGE_CURVE('',#3822,#3444,#4179,.T.);
#3321=EDGE_CURVE('',#3818,#3443,#4180,.F.);
#3322=EDGE_CURVE('',#3822,#3818,#4181,.T.);
#3323=EDGE_CURVE('',#3829,#3825,#4182,.T.);
#3324=EDGE_CURVE('',#3446,#3829,#4183,.F.);
#3325=EDGE_CURVE('',#3819,#3442,#4184,.T.);
#3326=EDGE_CURVE('',#3823,#3821,#4185,.T.);
#3327=EDGE_CURVE('',#3824,#3532,#4186,.T.);
#3328=EDGE_CURVE('',#3533,#3823,#4187,.T.);
#3329=EDGE_CURVE('',#3826,#3824,#4188,.T.);
#3330=EDGE_CURVE('',#3440,#3828,#4189,.T.);
#3331=EDGE_CURVE('',#3441,#3830,#4190,.T.);
#3332=EDGE_CURVE('',#3831,#3439,#4191,.T.);
#3333=EDGE_CURVE('',#3819,#3830,#4192,.T.);
#3334=EDGE_CURVE('',#3534,#3821,#4193,.F.);
#3335=EDGE_CURVE('',#3826,#3531,#4194,.F.);
#3336=EDGE_CURVE('',#3831,#3828,#4195,.T.);
#3337=EDGE_CURVE('',#3820,#3833,#4196,.T.);
#3338=EDGE_CURVE('',#3528,#3820,#4197,.T.);
#3339=EDGE_CURVE('',#3827,#3530,#4198,.T.);
#3340=EDGE_CURVE('',#3832,#3827,#4199,.T.);
#3341=EDGE_CURVE('',#3527,#3833,#4200,.F.);
#3342=EDGE_CURVE('',#3832,#3529,#4201,.F.);
#3343=EDGE_CURVE('',#3469,#3841,#4202,.T.);
#3344=EDGE_CURVE('',#3838,#3468,#4203,.T.);
#3345=EDGE_CURVE('',#3834,#3467,#4204,.F.);
#3346=EDGE_CURVE('',#3838,#3834,#4205,.T.);
#3347=EDGE_CURVE('',#3845,#3841,#4206,.T.);
#3348=EDGE_CURVE('',#3470,#3845,#4207,.F.);
#3349=EDGE_CURVE('',#3835,#3466,#4208,.T.);
#3350=EDGE_CURVE('',#3839,#3837,#4209,.T.);
#3351=EDGE_CURVE('',#3840,#3572,#4210,.T.);
#3352=EDGE_CURVE('',#3573,#3839,#4211,.T.);
#3353=EDGE_CURVE('',#3842,#3840,#4212,.T.);
#3354=EDGE_CURVE('',#3464,#3844,#4213,.T.);
#3355=EDGE_CURVE('',#3465,#3846,#4214,.T.);
#3356=EDGE_CURVE('',#3847,#3463,#4215,.T.);
#3357=EDGE_CURVE('',#3835,#3846,#4216,.T.);
#3358=EDGE_CURVE('',#3574,#3837,#4217,.F.);
#3359=EDGE_CURVE('',#3842,#3571,#4218,.F.);
#3360=EDGE_CURVE('',#3847,#3844,#4219,.T.);
#3361=EDGE_CURVE('',#3836,#3849,#4220,.T.);
#3362=EDGE_CURVE('',#3568,#3836,#4221,.T.);
#3363=EDGE_CURVE('',#3843,#3570,#4222,.T.);
#3364=EDGE_CURVE('',#3848,#3843,#4223,.T.);
#3365=EDGE_CURVE('',#3567,#3849,#4224,.F.);
#3366=EDGE_CURVE('',#3848,#3569,#4225,.F.);
#3367=EDGE_CURVE('',#3456,#3716,#4226,.T.);
#3368=EDGE_CURVE('',#3717,#3462,#4227,.T.);
#3369=EDGE_CURVE('',#3713,#3461,#4228,.F.);
#3370=EDGE_CURVE('',#3717,#3713,#4229,.T.);
#3371=EDGE_CURVE('',#3721,#3716,#4230,.T.);
#3372=EDGE_CURVE('',#3455,#3721,#4231,.F.);
#3373=EDGE_CURVE('',#3710,#3460,#4232,.T.);
#3374=EDGE_CURVE('',#3714,#3712,#4233,.T.);
#3375=EDGE_CURVE('',#3715,#3564,#4234,.T.);
#3376=EDGE_CURVE('',#3565,#3714,#4235,.T.);
#3377=EDGE_CURVE('',#3718,#3715,#4236,.T.);
#3378=EDGE_CURVE('',#3457,#3720,#4237,.T.);
#3379=EDGE_CURVE('',#3459,#3706,#4238,.T.);
#3380=EDGE_CURVE('',#3707,#3458,#4239,.T.);
#3381=EDGE_CURVE('',#3710,#3706,#4240,.T.);
#3382=EDGE_CURVE('',#3566,#3712,#4241,.F.);
#3383=EDGE_CURVE('',#3718,#3563,#4242,.F.);
#3384=EDGE_CURVE('',#3707,#3720,#4243,.T.);
#3385=EDGE_CURVE('',#3711,#3709,#4244,.T.);
#3386=EDGE_CURVE('',#3560,#3711,#4245,.T.);
#3387=EDGE_CURVE('',#3719,#3562,#4246,.T.);
#3388=EDGE_CURVE('',#3708,#3719,#4247,.T.);
#3389=EDGE_CURVE('',#3559,#3709,#4248,.F.);
#3390=EDGE_CURVE('',#3708,#3561,#4249,.F.);
#3391=VERTEX_POINT('',#8025);
#3392=VERTEX_POINT('',#8026);
#3393=VERTEX_POINT('',#8028);
#3394=VERTEX_POINT('',#8030);
#3395=VERTEX_POINT('',#8032);
#3396=VERTEX_POINT('',#8034);
#3397=VERTEX_POINT('',#8036);
#3398=VERTEX_POINT('',#8038);
#3399=VERTEX_POINT('',#8041);
#3400=VERTEX_POINT('',#8042);
#3401=VERTEX_POINT('',#8044);
#3402=VERTEX_POINT('',#8046);
#3403=VERTEX_POINT('',#8048);
#3404=VERTEX_POINT('',#8050);
#3405=VERTEX_POINT('',#8052);
#3406=VERTEX_POINT('',#8054);
#3407=VERTEX_POINT('',#8057);
#3408=VERTEX_POINT('',#8058);
#3409=VERTEX_POINT('',#8060);
#3410=VERTEX_POINT('',#8062);
#3411=VERTEX_POINT('',#8064);
#3412=VERTEX_POINT('',#8066);
#3413=VERTEX_POINT('',#8068);
#3414=VERTEX_POINT('',#8070);
#3415=VERTEX_POINT('',#8073);
#3416=VERTEX_POINT('',#8074);
#3417=VERTEX_POINT('',#8076);
#3418=VERTEX_POINT('',#8078);
#3419=VERTEX_POINT('',#8080);
#3420=VERTEX_POINT('',#8082);
#3421=VERTEX_POINT('',#8084);
#3422=VERTEX_POINT('',#8086);
#3423=VERTEX_POINT('',#8089);
#3424=VERTEX_POINT('',#8090);
#3425=VERTEX_POINT('',#8092);
#3426=VERTEX_POINT('',#8094);
#3427=VERTEX_POINT('',#8096);
#3428=VERTEX_POINT('',#8098);
#3429=VERTEX_POINT('',#8100);
#3430=VERTEX_POINT('',#8102);
#3431=VERTEX_POINT('',#8105);
#3432=VERTEX_POINT('',#8106);
#3433=VERTEX_POINT('',#8108);
#3434=VERTEX_POINT('',#8110);
#3435=VERTEX_POINT('',#8112);
#3436=VERTEX_POINT('',#8114);
#3437=VERTEX_POINT('',#8116);
#3438=VERTEX_POINT('',#8118);
#3439=VERTEX_POINT('',#8121);
#3440=VERTEX_POINT('',#8122);
#3441=VERTEX_POINT('',#8124);
#3442=VERTEX_POINT('',#8126);
#3443=VERTEX_POINT('',#8128);
#3444=VERTEX_POINT('',#8130);
#3445=VERTEX_POINT('',#8132);
#3446=VERTEX_POINT('',#8134);
#3447=VERTEX_POINT('',#8137);
#3448=VERTEX_POINT('',#8138);
#3449=VERTEX_POINT('',#8140);
#3450=VERTEX_POINT('',#8142);
#3451=VERTEX_POINT('',#8145);
#3452=VERTEX_POINT('',#8146);
#3453=VERTEX_POINT('',#8148);
#3454=VERTEX_POINT('',#8150);
#3455=VERTEX_POINT('',#8153);
#3456=VERTEX_POINT('',#8154);
#3457=VERTEX_POINT('',#8156);
#3458=VERTEX_POINT('',#8158);
#3459=VERTEX_POINT('',#8160);
#3460=VERTEX_POINT('',#8162);
#3461=VERTEX_POINT('',#8164);
#3462=VERTEX_POINT('',#8166);
#3463=VERTEX_POINT('',#8169);
#3464=VERTEX_POINT('',#8170);
#3465=VERTEX_POINT('',#8172);
#3466=VERTEX_POINT('',#8174);
#3467=VERTEX_POINT('',#8176);
#3468=VERTEX_POINT('',#8178);
#3469=VERTEX_POINT('',#8180);
#3470=VERTEX_POINT('',#8182);
#3471=VERTEX_POINT('',#8185);
#3472=VERTEX_POINT('',#8186);
#3473=VERTEX_POINT('',#8188);
#3474=VERTEX_POINT('',#8190);
#3475=VERTEX_POINT('',#8192);
#3476=VERTEX_POINT('',#8194);
#3477=VERTEX_POINT('',#8196);
#3478=VERTEX_POINT('',#8198);
#3479=VERTEX_POINT('',#8202);
#3480=VERTEX_POINT('',#8203);
#3481=VERTEX_POINT('',#8205);
#3482=VERTEX_POINT('',#8207);
#3483=VERTEX_POINT('',#8209);
#3484=VERTEX_POINT('',#8211);
#3485=VERTEX_POINT('',#8213);
#3486=VERTEX_POINT('',#8215);
#3487=VERTEX_POINT('',#8218);
#3488=VERTEX_POINT('',#8219);
#3489=VERTEX_POINT('',#8221);
#3490=VERTEX_POINT('',#8223);
#3491=VERTEX_POINT('',#8225);
#3492=VERTEX_POINT('',#8227);
#3493=VERTEX_POINT('',#8229);
#3494=VERTEX_POINT('',#8231);
#3495=VERTEX_POINT('',#8234);
#3496=VERTEX_POINT('',#8235);
#3497=VERTEX_POINT('',#8237);
#3498=VERTEX_POINT('',#8239);
#3499=VERTEX_POINT('',#8241);
#3500=VERTEX_POINT('',#8243);
#3501=VERTEX_POINT('',#8245);
#3502=VERTEX_POINT('',#8247);
#3503=VERTEX_POINT('',#8250);
#3504=VERTEX_POINT('',#8251);
#3505=VERTEX_POINT('',#8253);
#3506=VERTEX_POINT('',#8255);
#3507=VERTEX_POINT('',#8257);
#3508=VERTEX_POINT('',#8259);
#3509=VERTEX_POINT('',#8261);
#3510=VERTEX_POINT('',#8263);
#3511=VERTEX_POINT('',#8266);
#3512=VERTEX_POINT('',#8267);
#3513=VERTEX_POINT('',#8269);
#3514=VERTEX_POINT('',#8271);
#3515=VERTEX_POINT('',#8273);
#3516=VERTEX_POINT('',#8275);
#3517=VERTEX_POINT('',#8277);
#3518=VERTEX_POINT('',#8279);
#3519=VERTEX_POINT('',#8282);
#3520=VERTEX_POINT('',#8283);
#3521=VERTEX_POINT('',#8285);
#3522=VERTEX_POINT('',#8287);
#3523=VERTEX_POINT('',#8289);
#3524=VERTEX_POINT('',#8291);
#3525=VERTEX_POINT('',#8293);
#3526=VERTEX_POINT('',#8295);
#3527=VERTEX_POINT('',#8298);
#3528=VERTEX_POINT('',#8299);
#3529=VERTEX_POINT('',#8301);
#3530=VERTEX_POINT('',#8303);
#3531=VERTEX_POINT('',#8305);
#3532=VERTEX_POINT('',#8307);
#3533=VERTEX_POINT('',#8309);
#3534=VERTEX_POINT('',#8311);
#3535=VERTEX_POINT('',#8314);
#3536=VERTEX_POINT('',#8315);
#3537=VERTEX_POINT('',#8317);
#3538=VERTEX_POINT('',#8319);
#3539=VERTEX_POINT('',#8322);
#3540=VERTEX_POINT('',#8323);
#3541=VERTEX_POINT('',#8325);
#3542=VERTEX_POINT('',#8327);
#3543=VERTEX_POINT('',#8329);
#3544=VERTEX_POINT('',#8331);
#3545=VERTEX_POINT('',#8333);
#3546=VERTEX_POINT('',#8335);
#3547=VERTEX_POINT('',#8338);
#3548=VERTEX_POINT('',#8339);
#3549=VERTEX_POINT('',#8341);
#3550=VERTEX_POINT('',#8343);
#3551=VERTEX_POINT('',#8346);
#3552=VERTEX_POINT('',#8347);
#3553=VERTEX_POINT('',#8349);
#3554=VERTEX_POINT('',#8351);
#3555=VERTEX_POINT('',#8353);
#3556=VERTEX_POINT('',#8355);
#3557=VERTEX_POINT('',#8357);
#3558=VERTEX_POINT('',#8359);
#3559=VERTEX_POINT('',#8362);
#3560=VERTEX_POINT('',#8363);
#3561=VERTEX_POINT('',#8365);
#3562=VERTEX_POINT('',#8367);
#3563=VERTEX_POINT('',#8369);
#3564=VERTEX_POINT('',#8371);
#3565=VERTEX_POINT('',#8373);
#3566=VERTEX_POINT('',#8375);
#3567=VERTEX_POINT('',#8378);
#3568=VERTEX_POINT('',#8379);
#3569=VERTEX_POINT('',#8381);
#3570=VERTEX_POINT('',#8383);
#3571=VERTEX_POINT('',#8385);
#3572=VERTEX_POINT('',#8387);
#3573=VERTEX_POINT('',#8389);
#3574=VERTEX_POINT('',#8391);
#3575=VERTEX_POINT('',#8394);
#3576=VERTEX_POINT('',#8395);
#3577=VERTEX_POINT('',#8397);
#3578=VERTEX_POINT('',#8399);
#3579=VERTEX_POINT('',#8401);
#3580=VERTEX_POINT('',#8403);
#3581=VERTEX_POINT('',#8405);
#3582=VERTEX_POINT('',#8407);
#3583=VERTEX_POINT('',#8412);
#3584=VERTEX_POINT('',#8413);
#3585=VERTEX_POINT('',#8415);
#3586=VERTEX_POINT('',#8417);
#3587=VERTEX_POINT('',#8419);
#3588=VERTEX_POINT('',#8421);
#3589=VERTEX_POINT('',#8423);
#3590=VERTEX_POINT('',#8425);
#3591=VERTEX_POINT('',#8429);
#3592=VERTEX_POINT('',#8430);
#3593=VERTEX_POINT('',#8432);
#3594=VERTEX_POINT('',#8434);
#3595=VERTEX_POINT('',#8437);
#3596=VERTEX_POINT('',#8438);
#3597=VERTEX_POINT('',#8440);
#3598=VERTEX_POINT('',#8442);
#3599=VERTEX_POINT('',#8444);
#3600=VERTEX_POINT('',#8446);
#3601=VERTEX_POINT('',#8448);
#3602=VERTEX_POINT('',#8450);
#3603=VERTEX_POINT('',#8454);
#3604=VERTEX_POINT('',#8456);
#3605=VERTEX_POINT('',#8458);
#3606=VERTEX_POINT('',#8460);
#3607=VERTEX_POINT('',#8464);
#3608=VERTEX_POINT('',#8468);
#3609=VERTEX_POINT('',#8470);
#3610=VERTEX_POINT('',#8472);
#3611=VERTEX_POINT('',#8477);
#3612=VERTEX_POINT('',#8479);
#3613=VERTEX_POINT('',#8481);
#3614=VERTEX_POINT('',#8483);
#3615=VERTEX_POINT('',#8487);
#3616=VERTEX_POINT('',#8489);
#3617=VERTEX_POINT('',#8493);
#3618=VERTEX_POINT('',#8495);
#3619=VERTEX_POINT('',#8497);
#3620=VERTEX_POINT('',#8501);
#3621=VERTEX_POINT('',#8503);
#3622=VERTEX_POINT('',#8505);
#3623=VERTEX_POINT('',#8510);
#3624=VERTEX_POINT('',#8512);
#3625=VERTEX_POINT('',#8514);
#3626=VERTEX_POINT('',#8516);
#3627=VERTEX_POINT('',#8521);
#3628=VERTEX_POINT('',#8522);
#3629=VERTEX_POINT('',#8524);
#3630=VERTEX_POINT('',#8526);
#3631=VERTEX_POINT('',#8528);
#3632=VERTEX_POINT('',#8530);
#3633=VERTEX_POINT('',#8532);
#3634=VERTEX_POINT('',#8534);
#3635=VERTEX_POINT('',#8538);
#3636=VERTEX_POINT('',#8539);
#3637=VERTEX_POINT('',#8541);
#3638=VERTEX_POINT('',#8543);
#3639=VERTEX_POINT('',#8545);
#3640=VERTEX_POINT('',#8547);
#3641=VERTEX_POINT('',#8549);
#3642=VERTEX_POINT('',#8551);
#3643=VERTEX_POINT('',#8554);
#3644=VERTEX_POINT('',#8562);
#3645=VERTEX_POINT('',#8568);
#3646=VERTEX_POINT('',#8570);
#3647=VERTEX_POINT('',#8572);
#3648=VERTEX_POINT('',#8576);
#3649=VERTEX_POINT('',#8578);
#3650=VERTEX_POINT('',#8580);
#3651=VERTEX_POINT('',#8586);
#3652=VERTEX_POINT('',#8598);
#3653=VERTEX_POINT('',#8602);
#3654=VERTEX_POINT('',#8614);
#3655=VERTEX_POINT('',#8669);
#3656=VERTEX_POINT('',#8670);
#3657=VERTEX_POINT('',#8672);
#3658=VERTEX_POINT('',#8674);
#3659=VERTEX_POINT('',#8678);
#3660=VERTEX_POINT('',#8679);
#3661=VERTEX_POINT('',#8681);
#3662=VERTEX_POINT('',#8683);
#3663=VERTEX_POINT('',#8691);
#3664=VERTEX_POINT('',#8693);
#3665=VERTEX_POINT('',#8695);
#3666=VERTEX_POINT('',#8697);
#3667=VERTEX_POINT('',#8705);
#3668=VERTEX_POINT('',#8706);
#3669=VERTEX_POINT('',#8708);
#3670=VERTEX_POINT('',#8710);
#3671=VERTEX_POINT('',#8769);
#3672=VERTEX_POINT('',#8770);
#3673=VERTEX_POINT('',#8772);
#3674=VERTEX_POINT('',#8774);
#3675=VERTEX_POINT('',#8778);
#3676=VERTEX_POINT('',#8780);
#3677=VERTEX_POINT('',#8781);
#3678=VERTEX_POINT('',#8783);
#3679=VERTEX_POINT('',#8785);
#3680=VERTEX_POINT('',#8789);
#3681=VERTEX_POINT('',#8790);
#3682=VERTEX_POINT('',#8792);
#3683=VERTEX_POINT('',#8794);
#3684=VERTEX_POINT('',#8798);
#3685=VERTEX_POINT('',#8800);
#3686=VERTEX_POINT('',#8801);
#3687=VERTEX_POINT('',#8803);
#3688=VERTEX_POINT('',#8805);
#3689=VERTEX_POINT('',#8887);
#3690=VERTEX_POINT('',#8890);
#3691=VERTEX_POINT('',#8891);
#3692=VERTEX_POINT('',#8893);
#3693=VERTEX_POINT('',#8895);
#3694=VERTEX_POINT('',#8899);
#3695=VERTEX_POINT('',#8900);
#3696=VERTEX_POINT('',#8902);
#3697=VERTEX_POINT('',#8904);
#3698=VERTEX_POINT('',#8908);
#3699=VERTEX_POINT('',#8909);
#3700=VERTEX_POINT('',#8911);
#3701=VERTEX_POINT('',#8913);
#3702=VERTEX_POINT('',#8917);
#3703=VERTEX_POINT('',#8918);
#3704=VERTEX_POINT('',#8920);
#3705=VERTEX_POINT('',#8922);
#3706=VERTEX_POINT('',#8926);
#3707=VERTEX_POINT('',#8927);
#3708=VERTEX_POINT('',#8929);
#3709=VERTEX_POINT('',#8931);
#3710=VERTEX_POINT('',#8935);
#3711=VERTEX_POINT('',#8936);
#3712=VERTEX_POINT('',#8938);
#3713=VERTEX_POINT('',#8940);
#3714=VERTEX_POINT('',#8944);
#3715=VERTEX_POINT('',#8945);
#3716=VERTEX_POINT('',#8947);
#3717=VERTEX_POINT('',#8949);
#3718=VERTEX_POINT('',#8953);
#3719=VERTEX_POINT('',#8954);
#3720=VERTEX_POINT('',#8956);
#3721=VERTEX_POINT('',#8958);
#3722=VERTEX_POINT('',#8962);
#3723=VERTEX_POINT('',#8963);
#3724=VERTEX_POINT('',#8965);
#3725=VERTEX_POINT('',#8967);
#3726=VERTEX_POINT('',#8971);
#3727=VERTEX_POINT('',#8972);
#3728=VERTEX_POINT('',#8974);
#3729=VERTEX_POINT('',#8976);
#3730=VERTEX_POINT('',#8980);
#3731=VERTEX_POINT('',#8981);
#3732=VERTEX_POINT('',#8983);
#3733=VERTEX_POINT('',#8985);
#3734=VERTEX_POINT('',#8989);
#3735=VERTEX_POINT('',#8990);
#3736=VERTEX_POINT('',#8992);
#3737=VERTEX_POINT('',#8994);
#3738=VERTEX_POINT('',#8998);
#3739=VERTEX_POINT('',#8999);
#3740=VERTEX_POINT('',#9001);
#3741=VERTEX_POINT('',#9003);
#3742=VERTEX_POINT('',#9007);
#3743=VERTEX_POINT('',#9008);
#3744=VERTEX_POINT('',#9010);
#3745=VERTEX_POINT('',#9012);
#3746=VERTEX_POINT('',#9016);
#3747=VERTEX_POINT('',#9017);
#3748=VERTEX_POINT('',#9019);
#3749=VERTEX_POINT('',#9021);
#3750=VERTEX_POINT('',#9025);
#3751=VERTEX_POINT('',#9026);
#3752=VERTEX_POINT('',#9028);
#3753=VERTEX_POINT('',#9030);
#3754=VERTEX_POINT('',#9034);
#3755=VERTEX_POINT('',#9035);
#3756=VERTEX_POINT('',#9037);
#3757=VERTEX_POINT('',#9039);
#3758=VERTEX_POINT('',#9043);
#3759=VERTEX_POINT('',#9044);
#3760=VERTEX_POINT('',#9046);
#3761=VERTEX_POINT('',#9048);
#3762=VERTEX_POINT('',#9052);
#3763=VERTEX_POINT('',#9053);
#3764=VERTEX_POINT('',#9055);
#3765=VERTEX_POINT('',#9057);
#3766=VERTEX_POINT('',#9061);
#3767=VERTEX_POINT('',#9062);
#3768=VERTEX_POINT('',#9064);
#3769=VERTEX_POINT('',#9066);
#3770=VERTEX_POINT('',#9070);
#3771=VERTEX_POINT('',#9071);
#3772=VERTEX_POINT('',#9073);
#3773=VERTEX_POINT('',#9075);
#3774=VERTEX_POINT('',#9079);
#3775=VERTEX_POINT('',#9080);
#3776=VERTEX_POINT('',#9082);
#3777=VERTEX_POINT('',#9084);
#3778=VERTEX_POINT('',#9088);
#3779=VERTEX_POINT('',#9089);
#3780=VERTEX_POINT('',#9091);
#3781=VERTEX_POINT('',#9093);
#3782=VERTEX_POINT('',#9097);
#3783=VERTEX_POINT('',#9098);
#3784=VERTEX_POINT('',#9100);
#3785=VERTEX_POINT('',#9102);
#3786=VERTEX_POINT('',#9106);
#3787=VERTEX_POINT('',#9107);
#3788=VERTEX_POINT('',#9109);
#3789=VERTEX_POINT('',#9111);
#3790=VERTEX_POINT('',#9115);
#3791=VERTEX_POINT('',#9116);
#3792=VERTEX_POINT('',#9118);
#3793=VERTEX_POINT('',#9120);
#3794=VERTEX_POINT('',#9124);
#3795=VERTEX_POINT('',#9125);
#3796=VERTEX_POINT('',#9127);
#3797=VERTEX_POINT('',#9129);
#3798=VERTEX_POINT('',#9133);
#3799=VERTEX_POINT('',#9134);
#3800=VERTEX_POINT('',#9136);
#3801=VERTEX_POINT('',#9138);
#3802=VERTEX_POINT('',#9142);
#3803=VERTEX_POINT('',#9143);
#3804=VERTEX_POINT('',#9145);
#3805=VERTEX_POINT('',#9147);
#3806=VERTEX_POINT('',#9151);
#3807=VERTEX_POINT('',#9152);
#3808=VERTEX_POINT('',#9154);
#3809=VERTEX_POINT('',#9156);
#3810=VERTEX_POINT('',#9160);
#3811=VERTEX_POINT('',#9161);
#3812=VERTEX_POINT('',#9163);
#3813=VERTEX_POINT('',#9165);
#3814=VERTEX_POINT('',#9169);
#3815=VERTEX_POINT('',#9170);
#3816=VERTEX_POINT('',#9172);
#3817=VERTEX_POINT('',#9174);
#3818=VERTEX_POINT('',#9178);
#3819=VERTEX_POINT('',#9179);
#3820=VERTEX_POINT('',#9181);
#3821=VERTEX_POINT('',#9183);
#3822=VERTEX_POINT('',#9187);
#3823=VERTEX_POINT('',#9188);
#3824=VERTEX_POINT('',#9190);
#3825=VERTEX_POINT('',#9192);
#3826=VERTEX_POINT('',#9196);
#3827=VERTEX_POINT('',#9197);
#3828=VERTEX_POINT('',#9199);
#3829=VERTEX_POINT('',#9201);
#3830=VERTEX_POINT('',#9205);
#3831=VERTEX_POINT('',#9206);
#3832=VERTEX_POINT('',#9208);
#3833=VERTEX_POINT('',#9210);
#3834=VERTEX_POINT('',#9214);
#3835=VERTEX_POINT('',#9215);
#3836=VERTEX_POINT('',#9217);
#3837=VERTEX_POINT('',#9219);
#3838=VERTEX_POINT('',#9223);
#3839=VERTEX_POINT('',#9224);
#3840=VERTEX_POINT('',#9226);
#3841=VERTEX_POINT('',#9228);
#3842=VERTEX_POINT('',#9232);
#3843=VERTEX_POINT('',#9233);
#3844=VERTEX_POINT('',#9235);
#3845=VERTEX_POINT('',#9237);
#3846=VERTEX_POINT('',#9241);
#3847=VERTEX_POINT('',#9242);
#3848=VERTEX_POINT('',#9244);
#3849=VERTEX_POINT('',#9246);
#3850=CIRCLE('',#5436,0.0018396204);
#3851=CIRCLE('',#5437,0.0018396204);
#3852=CIRCLE('',#5438,0.0018396204);
#3853=CIRCLE('',#5439,0.0018396204);
#3854=CIRCLE('',#5440,0.0018396204);
#3855=CIRCLE('',#5441,0.0018396204);
#3856=CIRCLE('',#5442,0.0018396204);
#3857=CIRCLE('',#5443,0.0018396204);
#3858=CIRCLE('',#5444,0.0018396204);
#3859=CIRCLE('',#5445,0.0018396204);
#3860=CIRCLE('',#5446,0.0018396204);
#3861=CIRCLE('',#5447,0.0018396204);
#3862=CIRCLE('',#5448,0.0018396204);
#3863=CIRCLE('',#5449,0.0018396204);
#3864=CIRCLE('',#5450,0.0018396204);
#3865=CIRCLE('',#5451,0.0018396204);
#3866=CIRCLE('',#5452,0.0018396204);
#3867=CIRCLE('',#5453,0.0018396204);
#3868=CIRCLE('',#5454,0.0018396204);
#3869=CIRCLE('',#5455,0.0018396204);
#3870=CIRCLE('',#5456,0.0018396204);
#3871=CIRCLE('',#5457,0.0018396204);
#3872=CIRCLE('',#5458,0.0018396204);
#3873=CIRCLE('',#5459,0.0018396204);
#3874=CIRCLE('',#5460,0.0018396204);
#3875=CIRCLE('',#5461,0.0018396204);
#3876=CIRCLE('',#5462,0.0018396204);
#3877=CIRCLE('',#5463,0.0018396204);
#3878=CIRCLE('',#5464,0.0018396204);
#3879=CIRCLE('',#5465,0.0018396204);
#3880=CIRCLE('',#5466,0.0018396204);
#3881=CIRCLE('',#5467,0.0018396204);
#3882=CIRCLE('',#5468,0.0018396204);
#3883=CIRCLE('',#5469,0.0018396204);
#3884=CIRCLE('',#5470,0.0018396204);
#3885=CIRCLE('',#5471,0.0018396204);
#3886=CIRCLE('',#5472,0.0018396204);
#3887=CIRCLE('',#5473,0.0018396204);
#3888=CIRCLE('',#5474,0.0018396204);
#3889=CIRCLE('',#5475,0.0018396204);
#3890=CIRCLE('',#5477,0.0018396204);
#3891=CIRCLE('',#5478,0.0018396204);
#3892=CIRCLE('',#5479,0.0018396204);
#3893=CIRCLE('',#5480,0.0018396204);
#3894=CIRCLE('',#5481,0.0018396204);
#3895=CIRCLE('',#5482,0.0018396204);
#3896=CIRCLE('',#5483,0.0018396204);
#3897=CIRCLE('',#5484,0.0018396204);
#3898=CIRCLE('',#5485,0.0018396204);
#3899=CIRCLE('',#5486,0.0018396204);
#3900=CIRCLE('',#5487,0.0018396204);
#3901=CIRCLE('',#5488,0.0018396204);
#3902=CIRCLE('',#5489,0.0018396204);
#3903=CIRCLE('',#5490,0.0018396204);
#3904=CIRCLE('',#5491,0.0018396204);
#3905=CIRCLE('',#5492,0.0018396204);
#3906=CIRCLE('',#5493,0.0018396204);
#3907=CIRCLE('',#5494,0.0018396204);
#3908=CIRCLE('',#5495,0.0018396204);
#3909=CIRCLE('',#5496,0.0018396204);
#3910=CIRCLE('',#5497,0.0018396204);
#3911=CIRCLE('',#5498,0.0018396204);
#3912=CIRCLE('',#5499,0.0018396204);
#3913=CIRCLE('',#5500,0.0018396204);
#3914=CIRCLE('',#5501,0.0018396204);
#3915=CIRCLE('',#5502,0.0018396204);
#3916=CIRCLE('',#5503,0.0018396204);
#3917=CIRCLE('',#5504,0.0018396204);
#3918=CIRCLE('',#5505,0.0018396204);
#3919=CIRCLE('',#5506,0.0018396204);
#3920=CIRCLE('',#5507,0.0018396204);
#3921=CIRCLE('',#5508,0.0018396204);
#3922=CIRCLE('',#5509,0.0018396204);
#3923=CIRCLE('',#5510,0.0018396204);
#3924=CIRCLE('',#5511,0.0018396204);
#3925=CIRCLE('',#5512,0.0018396204);
#3926=CIRCLE('',#5513,0.0018396204);
#3927=CIRCLE('',#5514,0.0018396204);
#3928=CIRCLE('',#5515,0.0018396204);
#3929=CIRCLE('',#5516,0.0018396204);
#3930=CIRCLE('',#5518,0.0379);
#3931=CIRCLE('',#5519,0.0018396204);
#3932=CIRCLE('',#5520,0.0018396204);
#3933=CIRCLE('',#5521,0.0018396204);
#3934=CIRCLE('',#5522,0.0018396204);
#3935=CIRCLE('',#5524,0.0366735795103144);
#3936=CIRCLE('',#5525,0.0366735795103144);
#3937=CIRCLE('',#5526,0.0018396204);
#3938=CIRCLE('',#5527,0.0018396204);
#3939=CIRCLE('',#5528,0.0018396204);
#3940=CIRCLE('',#5529,0.0018396204);
#3941=CIRCLE('',#5539,0.0379);
#3942=CIRCLE('',#5540,0.0018396307345283);
#3943=CIRCLE('',#5541,0.0018396307345283);
#3944=CIRCLE('',#5542,0.0018396307345283);
#3945=CIRCLE('',#5543,0.0018396307345283);
#3946=CIRCLE('',#5545,0.0018396307345283);
#3947=CIRCLE('',#5546,0.0018396307345283);
#3948=CIRCLE('',#5547,0.0018396307345283);
#3949=CIRCLE('',#5548,0.0018396307345283);
#3950=CIRCLE('',#5549,0.0366735795103144);
#3951=CIRCLE('',#5551,0.0379);
#3952=CIRCLE('',#5553,0.0379);
#3953=CIRCLE('',#5555,0.0379);
#3954=CIRCLE('',#5556,0.0379);
#3955=CIRCLE('',#5559,0.0028);
#3956=CIRCLE('',#5561,0.0028);
#3957=CIRCLE('',#5563,0.0379);
#3958=CIRCLE('',#5565,0.0379);
#3959=CIRCLE('',#5566,0.0379);
#3960=CIRCLE('',#5568,0.0379);
#3961=CIRCLE('',#5569,0.0379);
#3962=CIRCLE('',#5590,0.000919815367264149);
#3963=CIRCLE('',#5591,0.000919815367264149);
#3964=CIRCLE('',#5593,0.000919815367264149);
#3965=CIRCLE('',#5594,0.000919815367264149);
#3966=CIRCLE('',#5596,0.000919815367264149);
#3967=CIRCLE('',#5598,0.000919815367264149);
#3968=CIRCLE('',#5600,0.000919815367264149);
#3969=CIRCLE('',#5601,0.000919815367264149);
#3970=CIRCLE('',#5603,0.000919815367264149);
#3971=CIRCLE('',#5605,0.000919815367264149);
#3972=CIRCLE('',#5607,0.000919815367264149);
#3973=CIRCLE('',#5609,0.000919815367264149);
#3974=CIRCLE('',#5611,0.000919815367264149);
#3975=CIRCLE('',#5612,0.000919815367264149);
#3976=CIRCLE('',#5614,0.000919815367264149);
#3977=CIRCLE('',#5616,0.000919815367264149);
#3978=CIRCLE('',#5618,0.000919815367264149);
#3979=CIRCLE('',#5620,0.000919815367264149);
#3980=CIRCLE('',#5622,0.000919815367264149);
#3981=CIRCLE('',#5624,0.000919815367264149);
#3982=CIRCLE('',#5626,0.000919815367264149);
#3983=CIRCLE('',#5628,0.000919815367264149);
#3984=CIRCLE('',#5640,0.0028);
#3985=CIRCLE('',#5643,0.0028);
#3986=CIRCLE('',#5645,0.0009198102);
#3987=CIRCLE('',#5646,0.0009198102);
#3988=CIRCLE('',#5648,0.0009198102);
#3989=CIRCLE('',#5649,0.0009198102);
#3990=CIRCLE('',#5651,0.0009198102);
#3991=CIRCLE('',#5652,0.0009198102);
#3992=CIRCLE('',#5654,0.0009198102);
#3993=CIRCLE('',#5656,0.0009198102);
#3994=CIRCLE('',#5658,0.0009198102);
#3995=CIRCLE('',#5659,0.0009198102);
#3996=CIRCLE('',#5661,0.0009198102);
#3997=CIRCLE('',#5663,0.0009198102);
#3998=CIRCLE('',#5665,0.0009198102);
#3999=CIRCLE('',#5666,0.0009198102);
#4000=CIRCLE('',#5668,0.0009198102);
#4001=CIRCLE('',#5670,0.0009198102);
#4002=CIRCLE('',#5672,0.0009198102);
#4003=CIRCLE('',#5674,0.0009198102);
#4004=CIRCLE('',#5676,0.0009198102);
#4005=CIRCLE('',#5678,0.0009198102);
#4006=CIRCLE('',#5680,0.0009198102);
#4007=CIRCLE('',#5682,0.0009198102);
#4008=CIRCLE('',#5684,0.0009198102);
#4009=CIRCLE('',#5686,0.0009198102);
#4010=CIRCLE('',#5730,0.0009198102);
#4011=CIRCLE('',#5731,0.0009198102);
#4012=CIRCLE('',#5733,0.0009198102);
#4013=CIRCLE('',#5734,0.0009198102);
#4014=CIRCLE('',#5736,0.0009198102);
#4015=CIRCLE('',#5737,0.0009198102);
#4016=CIRCLE('',#5739,0.0009198102);
#4017=CIRCLE('',#5741,0.0009198102);
#4018=CIRCLE('',#5743,0.0009198102);
#4019=CIRCLE('',#5744,0.0009198102);
#4020=CIRCLE('',#5746,0.0009198102);
#4021=CIRCLE('',#5748,0.0009198102);
#4022=CIRCLE('',#5750,0.0009198102);
#4023=CIRCLE('',#5751,0.0009198102);
#4024=CIRCLE('',#5753,0.0009198102);
#4025=CIRCLE('',#5755,0.0009198102);
#4026=CIRCLE('',#5757,0.0009198102);
#4027=CIRCLE('',#5759,0.0009198102);
#4028=CIRCLE('',#5761,0.0009198102);
#4029=CIRCLE('',#5763,0.0009198102);
#4030=CIRCLE('',#5765,0.0009198102);
#4031=CIRCLE('',#5767,0.0009198102);
#4032=CIRCLE('',#5769,0.0009198102);
#4033=CIRCLE('',#5771,0.0009198102);
#4034=CIRCLE('',#5774,0.0009198102);
#4035=CIRCLE('',#5775,0.0009198102);
#4036=CIRCLE('',#5777,0.0009198102);
#4037=CIRCLE('',#5778,0.0009198102);
#4038=CIRCLE('',#5780,0.0009198102);
#4039=CIRCLE('',#5781,0.0009198102);
#4040=CIRCLE('',#5783,0.0009198102);
#4041=CIRCLE('',#5785,0.0009198102);
#4042=CIRCLE('',#5787,0.0009198102);
#4043=CIRCLE('',#5788,0.0009198102);
#4044=CIRCLE('',#5790,0.0009198102);
#4045=CIRCLE('',#5792,0.0009198102);
#4046=CIRCLE('',#5794,0.0009198102);
#4047=CIRCLE('',#5795,0.0009198102);
#4048=CIRCLE('',#5797,0.0009198102);
#4049=CIRCLE('',#5799,0.0009198102);
#4050=CIRCLE('',#5801,0.0009198102);
#4051=CIRCLE('',#5803,0.0009198102);
#4052=CIRCLE('',#5805,0.0009198102);
#4053=CIRCLE('',#5807,0.0009198102);
#4054=CIRCLE('',#5809,0.0009198102);
#4055=CIRCLE('',#5811,0.0009198102);
#4056=CIRCLE('',#5813,0.0009198102);
#4057=CIRCLE('',#5815,0.0009198102);
#4058=CIRCLE('',#5818,0.0009198102);
#4059=CIRCLE('',#5819,0.0009198102);
#4060=CIRCLE('',#5821,0.0009198102);
#4061=CIRCLE('',#5822,0.0009198102);
#4062=CIRCLE('',#5824,0.0009198102);
#4063=CIRCLE('',#5825,0.0009198102);
#4064=CIRCLE('',#5827,0.0009198102);
#4065=CIRCLE('',#5829,0.0009198102);
#4066=CIRCLE('',#5831,0.0009198102);
#4067=CIRCLE('',#5832,0.0009198102);
#4068=CIRCLE('',#5834,0.0009198102);
#4069=CIRCLE('',#5836,0.0009198102);
#4070=CIRCLE('',#5838,0.0009198102);
#4071=CIRCLE('',#5839,0.0009198102);
#4072=CIRCLE('',#5841,0.0009198102);
#4073=CIRCLE('',#5843,0.0009198102);
#4074=CIRCLE('',#5845,0.0009198102);
#4075=CIRCLE('',#5847,0.0009198102);
#4076=CIRCLE('',#5849,0.0009198102);
#4077=CIRCLE('',#5851,0.0009198102);
#4078=CIRCLE('',#5853,0.0009198102);
#4079=CIRCLE('',#5855,0.0009198102);
#4080=CIRCLE('',#5857,0.0009198102);
#4081=CIRCLE('',#5859,0.0009198102);
#4082=CIRCLE('',#5862,0.0009198102);
#4083=CIRCLE('',#5863,0.0009198102);
#4084=CIRCLE('',#5865,0.0009198102);
#4085=CIRCLE('',#5866,0.0009198102);
#4086=CIRCLE('',#5868,0.0009198102);
#4087=CIRCLE('',#5869,0.0009198102);
#4088=CIRCLE('',#5871,0.0009198102);
#4089=CIRCLE('',#5873,0.0009198102);
#4090=CIRCLE('',#5875,0.0009198102);
#4091=CIRCLE('',#5876,0.0009198102);
#4092=CIRCLE('',#5878,0.0009198102);
#4093=CIRCLE('',#5880,0.0009198102);
#4094=CIRCLE('',#5882,0.0009198102);
#4095=CIRCLE('',#5883,0.0009198102);
#4096=CIRCLE('',#5885,0.0009198102);
#4097=CIRCLE('',#5887,0.0009198102);
#4098=CIRCLE('',#5889,0.0009198102);
#4099=CIRCLE('',#5891,0.0009198102);
#4100=CIRCLE('',#5893,0.0009198102);
#4101=CIRCLE('',#5895,0.0009198102);
#4102=CIRCLE('',#5897,0.0009198102);
#4103=CIRCLE('',#5899,0.0009198102);
#4104=CIRCLE('',#5901,0.0009198102);
#4105=CIRCLE('',#5903,0.0009198102);
#4106=CIRCLE('',#5906,0.0009198102);
#4107=CIRCLE('',#5907,0.0009198102);
#4108=CIRCLE('',#5909,0.0009198102);
#4109=CIRCLE('',#5910,0.0009198102);
#4110=CIRCLE('',#5912,0.0009198102);
#4111=CIRCLE('',#5913,0.0009198102);
#4112=CIRCLE('',#5915,0.0009198102);
#4113=CIRCLE('',#5917,0.0009198102);
#4114=CIRCLE('',#5919,0.0009198102);
#4115=CIRCLE('',#5920,0.0009198102);
#4116=CIRCLE('',#5922,0.0009198102);
#4117=CIRCLE('',#5924,0.0009198102);
#4118=CIRCLE('',#5926,0.0009198102);
#4119=CIRCLE('',#5927,0.0009198102);
#4120=CIRCLE('',#5929,0.0009198102);
#4121=CIRCLE('',#5931,0.0009198102);
#4122=CIRCLE('',#5933,0.0009198102);
#4123=CIRCLE('',#5935,0.0009198102);
#4124=CIRCLE('',#5937,0.0009198102);
#4125=CIRCLE('',#5939,0.0009198102);
#4126=CIRCLE('',#5941,0.0009198102);
#4127=CIRCLE('',#5943,0.0009198102);
#4128=CIRCLE('',#5945,0.0009198102);
#4129=CIRCLE('',#5947,0.0009198102);
#4130=CIRCLE('',#5950,0.0009198102);
#4131=CIRCLE('',#5951,0.0009198102);
#4132=CIRCLE('',#5953,0.0009198102);
#4133=CIRCLE('',#5954,0.0009198102);
#4134=CIRCLE('',#5956,0.0009198102);
#4135=CIRCLE('',#5957,0.0009198102);
#4136=CIRCLE('',#5959,0.0009198102);
#4137=CIRCLE('',#5961,0.0009198102);
#4138=CIRCLE('',#5963,0.0009198102);
#4139=CIRCLE('',#5964,0.0009198102);
#4140=CIRCLE('',#5966,0.0009198102);
#4141=CIRCLE('',#5968,0.0009198102);
#4142=CIRCLE('',#5970,0.0009198102);
#4143=CIRCLE('',#5971,0.0009198102);
#4144=CIRCLE('',#5973,0.0009198102);
#4145=CIRCLE('',#5975,0.0009198102);
#4146=CIRCLE('',#5977,0.0009198102);
#4147=CIRCLE('',#5979,0.0009198102);
#4148=CIRCLE('',#5981,0.0009198102);
#4149=CIRCLE('',#5983,0.0009198102);
#4150=CIRCLE('',#5985,0.0009198102);
#4151=CIRCLE('',#5987,0.0009198102);
#4152=CIRCLE('',#5989,0.0009198102);
#4153=CIRCLE('',#5991,0.0009198102);
#4154=CIRCLE('',#5994,0.0009198102);
#4155=CIRCLE('',#5995,0.0009198102);
#4156=CIRCLE('',#5997,0.0009198102);
#4157=CIRCLE('',#5998,0.0009198102);
#4158=CIRCLE('',#6000,0.0009198102);
#4159=CIRCLE('',#6001,0.0009198102);
#4160=CIRCLE('',#6003,0.0009198102);
#4161=CIRCLE('',#6005,0.0009198102);
#4162=CIRCLE('',#6007,0.0009198102);
#4163=CIRCLE('',#6008,0.0009198102);
#4164=CIRCLE('',#6010,0.0009198102);
#4165=CIRCLE('',#6012,0.0009198102);
#4166=CIRCLE('',#6014,0.0009198102);
#4167=CIRCLE('',#6015,0.0009198102);
#4168=CIRCLE('',#6017,0.0009198102);
#4169=CIRCLE('',#6019,0.0009198102);
#4170=CIRCLE('',#6021,0.0009198102);
#4171=CIRCLE('',#6023,0.0009198102);
#4172=CIRCLE('',#6025,0.0009198102);
#4173=CIRCLE('',#6027,0.0009198102);
#4174=CIRCLE('',#6029,0.0009198102);
#4175=CIRCLE('',#6031,0.0009198102);
#4176=CIRCLE('',#6033,0.0009198102);
#4177=CIRCLE('',#6035,0.0009198102);
#4178=CIRCLE('',#6038,0.0009198102);
#4179=CIRCLE('',#6039,0.0009198102);
#4180=CIRCLE('',#6041,0.0009198102);
#4181=CIRCLE('',#6042,0.0009198102);
#4182=CIRCLE('',#6044,0.0009198102);
#4183=CIRCLE('',#6045,0.0009198102);
#4184=CIRCLE('',#6047,0.0009198102);
#4185=CIRCLE('',#6049,0.0009198102);
#4186=CIRCLE('',#6051,0.0009198102);
#4187=CIRCLE('',#6052,0.0009198102);
#4188=CIRCLE('',#6054,0.0009198102);
#4189=CIRCLE('',#6056,0.0009198102);
#4190=CIRCLE('',#6058,0.0009198102);
#4191=CIRCLE('',#6059,0.0009198102);
#4192=CIRCLE('',#6061,0.0009198102);
#4193=CIRCLE('',#6063,0.0009198102);
#4194=CIRCLE('',#6065,0.0009198102);
#4195=CIRCLE('',#6067,0.0009198102);
#4196=CIRCLE('',#6069,0.0009198102);
#4197=CIRCLE('',#6071,0.0009198102);
#4198=CIRCLE('',#6073,0.0009198102);
#4199=CIRCLE('',#6075,0.0009198102);
#4200=CIRCLE('',#6077,0.0009198102);
#4201=CIRCLE('',#6079,0.0009198102);
#4202=CIRCLE('',#6082,0.0009198102);
#4203=CIRCLE('',#6083,0.0009198102);
#4204=CIRCLE('',#6085,0.0009198102);
#4205=CIRCLE('',#6086,0.0009198102);
#4206=CIRCLE('',#6088,0.0009198102);
#4207=CIRCLE('',#6089,0.0009198102);
#4208=CIRCLE('',#6091,0.0009198102);
#4209=CIRCLE('',#6093,0.0009198102);
#4210=CIRCLE('',#6095,0.0009198102);
#4211=CIRCLE('',#6096,0.0009198102);
#4212=CIRCLE('',#6098,0.0009198102);
#4213=CIRCLE('',#6100,0.0009198102);
#4214=CIRCLE('',#6102,0.0009198102);
#4215=CIRCLE('',#6103,0.0009198102);
#4216=CIRCLE('',#6105,0.0009198102);
#4217=CIRCLE('',#6107,0.0009198102);
#4218=CIRCLE('',#6109,0.0009198102);
#4219=CIRCLE('',#6111,0.0009198102);
#4220=CIRCLE('',#6113,0.0009198102);
#4221=CIRCLE('',#6115,0.0009198102);
#4222=CIRCLE('',#6117,0.0009198102);
#4223=CIRCLE('',#6119,0.0009198102);
#4224=CIRCLE('',#6121,0.0009198102);
#4225=CIRCLE('',#6123,0.0009198102);
#4226=CIRCLE('',#6126,0.0009198102);
#4227=CIRCLE('',#6127,0.0009198102);
#4228=CIRCLE('',#6129,0.0009198102);
#4229=CIRCLE('',#6130,0.0009198102);
#4230=CIRCLE('',#6132,0.0009198102);
#4231=CIRCLE('',#6133,0.0009198102);
#4232=CIRCLE('',#6135,0.0009198102);
#4233=CIRCLE('',#6137,0.0009198102);
#4234=CIRCLE('',#6139,0.0009198102);
#4235=CIRCLE('',#6140,0.0009198102);
#4236=CIRCLE('',#6142,0.0009198102);
#4237=CIRCLE('',#6144,0.0009198102);
#4238=CIRCLE('',#6146,0.0009198102);
#4239=CIRCLE('',#6147,0.0009198102);
#4240=CIRCLE('',#6149,0.0009198102);
#4241=CIRCLE('',#6151,0.0009198102);
#4242=CIRCLE('',#6153,0.0009198102);
#4243=CIRCLE('',#6155,0.0009198102);
#4244=CIRCLE('',#6157,0.0009198102);
#4245=CIRCLE('',#6159,0.0009198102);
#4246=CIRCLE('',#6161,0.0009198102);
#4247=CIRCLE('',#6163,0.0009198102);
#4248=CIRCLE('',#6165,0.0009198102);
#4249=CIRCLE('',#6167,0.0009198102);
#4250=EDGE_LOOP('',(#1027,#1028,#1029,#1030,#1031,#1032,#1033,#1034));
#4251=EDGE_LOOP('',(#1035,#1036,#1037,#1038,#1039,#1040,#1041,#1042));
#4252=EDGE_LOOP('',(#1043,#1044,#1045,#1046,#1047,#1048,#1049,#1050));
#4253=EDGE_LOOP('',(#1051,#1052,#1053,#1054,#1055,#1056,#1057,#1058));
#4254=EDGE_LOOP('',(#1059,#1060,#1061,#1062,#1063,#1064,#1065,#1066));
#4255=EDGE_LOOP('',(#1067,#1068,#1069,#1070,#1071,#1072,#1073,#1074));
#4256=EDGE_LOOP('',(#1075,#1076,#1077,#1078,#1079,#1080,#1081,#1082));
#4257=EDGE_LOOP('',(#1083,#1084,#1085,#1086));
#4258=EDGE_LOOP('',(#1087,#1088,#1089,#1090));
#4259=EDGE_LOOP('',(#1091,#1092,#1093,#1094,#1095,#1096,#1097,#1098));
#4260=EDGE_LOOP('',(#1099,#1100,#1101,#1102,#1103,#1104,#1105,#1106));
#4261=EDGE_LOOP('',(#1107,#1108,#1109,#1110,#1111,#1112,#1113,#1114));
#4262=EDGE_LOOP('',(#1115,#1116,#1117,#1118,#1119,#1120,#1121,#1122));
#4263=EDGE_LOOP('',(#1123,#1124,#1125,#1126,#1127,#1128,#1129,#1130));
#4264=EDGE_LOOP('',(#1131,#1132,#1133,#1134,#1135,#1136,#1137,#1138));
#4265=EDGE_LOOP('',(#1139,#1140,#1141,#1142,#1143,#1144,#1145,#1146));
#4266=EDGE_LOOP('',(#1147,#1148,#1149,#1150,#1151,#1152,#1153,#1154));
#4267=EDGE_LOOP('',(#1155,#1156,#1157,#1158,#1159,#1160,#1161,#1162));
#4268=EDGE_LOOP('',(#1163,#1164,#1165,#1166,#1167,#1168,#1169,#1170));
#4269=EDGE_LOOP('',(#1171,#1172,#1173,#1174));
#4270=EDGE_LOOP('',(#1175,#1176,#1177,#1178,#1179,#1180,#1181,#1182));
#4271=EDGE_LOOP('',(#1183,#1184,#1185,#1186));
#4272=EDGE_LOOP('',(#1187,#1188,#1189,#1190,#1191,#1192,#1193,#1194));
#4273=EDGE_LOOP('',(#1195,#1196,#1197,#1198,#1199,#1200,#1201,#1202));
#4274=EDGE_LOOP('',(#1203,#1204,#1205,#1206,#1207,#1208,#1209,#1210));
#4275=EDGE_LOOP('',(#1211,#1212,#1213,#1214,#1215,#1216,#1217,#1218));
#4276=EDGE_LOOP('',(#1219,#1220));
#4277=EDGE_LOOP('',(#1221,#1222,#1223,#1224,#1225,#1226,#1227,#1228));
#4278=EDGE_LOOP('',(#1229,#1230,#1231,#1232));
#4279=EDGE_LOOP('',(#1233,#1234,#1235,#1236,#1237,#1238,#1239,#1240));
#4280=EDGE_LOOP('',(#1241,#1242,#1243,#1244,#1245,#1246));
#4281=EDGE_LOOP('',(#1247,#1248,#1249,#1250));
#4282=EDGE_LOOP('',(#1251,#1252,#1253,#1254,#1255,#1256));
#4283=EDGE_LOOP('',(#1257,#1258,#1259,#1260,#1261,#1262,#1263,#1264));
#4284=EDGE_LOOP('',(#1265,#1266,#1267,#1268));
#4285=EDGE_LOOP('',(#1269,#1270,#1271,#1272,#1273,#1274));
#4286=EDGE_LOOP('',(#1275,#1276,#1277,#1278,#1279,#1280));
#4287=EDGE_LOOP('',(#1281,#1282,#1283,#1284,#1285,#1286,#1287,#1288));
#4288=EDGE_LOOP('',(#1289,#1290));
#4289=EDGE_LOOP('',(#1291,#1292,#1293,#1294,#1295,#1296,#1297,#1298));
#4290=EDGE_LOOP('',(#1299,#1300,#1301,#1302,#1303,#1304,#1305,#1306));
#4291=EDGE_LOOP('',(#1307));
#4292=EDGE_LOOP('',(#1308,#1309));
#4293=EDGE_LOOP('',(#1310,#1311));
#4294=EDGE_LOOP('',(#1312));
#4295=EDGE_LOOP('',(#1313,#1314,#1315,#1316));
#4296=EDGE_LOOP('',(#1317,#1318));
#4297=EDGE_LOOP('',(#1319));
#4298=EDGE_LOOP('',(#1320,#1321,#1322,#1323,#1324,#1325));
#4299=EDGE_LOOP('',(#1326));
#4300=EDGE_LOOP('',(#1327,#1328,#1329,#1330,#1331,#1332));
#4301=EDGE_LOOP('',(#1333,#1334));
#4302=EDGE_LOOP('',(#1335,#1336,#1337,#1338,#1339,#1340));
#4303=EDGE_LOOP('',(#1341,#1342,#1343,#1344,#1345,#1346));
#4304=EDGE_LOOP('',(#1347));
#4305=EDGE_LOOP('',(#1348));
#4306=EDGE_LOOP('',(#1349,#1350,#1351,#1352));
#4307=EDGE_LOOP('',(#1353,#1354,#1355,#1356,#1357,#1358));
#4308=EDGE_LOOP('',(#1359,#1360,#1361,#1362,#1363,#1364));
#4309=EDGE_LOOP('',(#1365,#1366,#1367,#1368));
#4310=EDGE_LOOP('',(#1369,#1370,#1371,#1372));
#4311=EDGE_LOOP('',(#1373,#1374,#1375,#1376));
#4312=EDGE_LOOP('',(#1377,#1378,#1379,#1380));
#4313=EDGE_LOOP('',(#1381,#1382,#1383,#1384));
#4314=EDGE_LOOP('',(#1385,#1386,#1387,#1388));
#4315=EDGE_LOOP('',(#1389,#1390,#1391,#1392));
#4316=EDGE_LOOP('',(#1393,#1394,#1395,#1396));
#4317=EDGE_LOOP('',(#1397,#1398,#1399,#1400));
#4318=EDGE_LOOP('',(#1401,#1402,#1403,#1404));
#4319=EDGE_LOOP('',(#1405,#1406,#1407,#1408));
#4320=EDGE_LOOP('',(#1409,#1410,#1411,#1412));
#4321=EDGE_LOOP('',(#1413,#1414,#1415,#1416));
#4322=EDGE_LOOP('',(#1417,#1418,#1419,#1420,#1421,#1422));
#4323=EDGE_LOOP('',(#1423,#1424,#1425,#1426));
#4324=EDGE_LOOP('',(#1427,#1428,#1429,#1430));
#4325=EDGE_LOOP('',(#1431,#1432,#1433,#1434));
#4326=EDGE_LOOP('',(#1435,#1436,#1437,#1438));
#4327=EDGE_LOOP('',(#1439,#1440,#1441,#1442));
#4328=EDGE_LOOP('',(#1443,#1444,#1445,#1446));
#4329=EDGE_LOOP('',(#1447,#1448,#1449,#1450));
#4330=EDGE_LOOP('',(#1451,#1452,#1453,#1454));
#4331=EDGE_LOOP('',(#1455,#1456,#1457,#1458));
#4332=EDGE_LOOP('',(#1459,#1460,#1461,#1462));
#4333=EDGE_LOOP('',(#1463,#1464,#1465,#1466));
#4334=EDGE_LOOP('',(#1467,#1468,#1469,#1470));
#4335=EDGE_LOOP('',(#1471,#1472,#1473,#1474));
#4336=EDGE_LOOP('',(#1475,#1476,#1477,#1478));
#4337=EDGE_LOOP('',(#1479,#1480,#1481,#1482));
#4338=EDGE_LOOP('',(#1483,#1484,#1485,#1486));
#4339=EDGE_LOOP('',(#1487,#1488,#1489,#1490));
#4340=EDGE_LOOP('',(#1491,#1492,#1493,#1494));
#4341=EDGE_LOOP('',(#1495,#1496,#1497,#1498));
#4342=EDGE_LOOP('',(#1499,#1500,#1501,#1502));
#4343=EDGE_LOOP('',(#1503,#1504,#1505,#1506));
#4344=EDGE_LOOP('',(#1507,#1508,#1509,#1510));
#4345=EDGE_LOOP('',(#1511,#1512,#1513,#1514));
#4346=EDGE_LOOP('',(#1515,#1516,#1517,#1518));
#4347=EDGE_LOOP('',(#1519,#1520,#1521,#1522));
#4348=EDGE_LOOP('',(#1523,#1524,#1525,#1526));
#4349=EDGE_LOOP('',(#1527,#1528,#1529,#1530));
#4350=EDGE_LOOP('',(#1531,#1532,#1533,#1534));
#4351=EDGE_LOOP('',(#1535,#1536,#1537,#1538));
#4352=EDGE_LOOP('',(#1539));
#4353=EDGE_LOOP('',(#1540,#1541,#1542,#1543));
#4354=EDGE_LOOP('',(#1544,#1545,#1546,#1547));
#4355=EDGE_LOOP('',(#1548));
#4356=EDGE_LOOP('',(#1549,#1550,#1551,#1552));
#4357=EDGE_LOOP('',(#1553,#1554,#1555,#1556));
#4358=EDGE_LOOP('',(#1557,#1558,#1559,#1560));
#4359=EDGE_LOOP('',(#1561,#1562,#1563,#1564));
#4360=EDGE_LOOP('',(#1565,#1566,#1567,#1568));
#4361=EDGE_LOOP('',(#1569,#1570,#1571,#1572));
#4362=EDGE_LOOP('',(#1573,#1574,#1575,#1576));
#4363=EDGE_LOOP('',(#1577,#1578,#1579,#1580));
#4364=EDGE_LOOP('',(#1581,#1582,#1583,#1584));
#4365=EDGE_LOOP('',(#1585,#1586,#1587,#1588));
#4366=EDGE_LOOP('',(#1589,#1590,#1591,#1592));
#4367=EDGE_LOOP('',(#1593,#1594,#1595,#1596));
#4368=EDGE_LOOP('',(#1597,#1598,#1599,#1600));
#4369=EDGE_LOOP('',(#1601,#1602,#1603,#1604));
#4370=EDGE_LOOP('',(#1605,#1606,#1607,#1608));
#4371=EDGE_LOOP('',(#1609,#1610,#1611,#1612));
#4372=EDGE_LOOP('',(#1613,#1614,#1615,#1616));
#4373=EDGE_LOOP('',(#1617,#1618,#1619,#1620));
#4374=EDGE_LOOP('',(#1621,#1622,#1623,#1624));
#4375=EDGE_LOOP('',(#1625,#1626,#1627,#1628));
#4376=EDGE_LOOP('',(#1629,#1630,#1631,#1632));
#4377=EDGE_LOOP('',(#1633));
#4378=EDGE_LOOP('',(#1634));
#4379=EDGE_LOOP('',(#1635));
#4380=EDGE_LOOP('',(#1636,#1637,#1638,#1639));
#4381=EDGE_LOOP('',(#1640,#1641,#1642,#1643));
#4382=EDGE_LOOP('',(#1644,#1645,#1646,#1647));
#4383=EDGE_LOOP('',(#1648,#1649,#1650,#1651));
#4384=EDGE_LOOP('',(#1652,#1653,#1654,#1655));
#4385=EDGE_LOOP('',(#1656,#1657,#1658,#1659));
#4386=EDGE_LOOP('',(#1660,#1661,#1662,#1663));
#4387=EDGE_LOOP('',(#1664,#1665,#1666,#1667));
#4388=EDGE_LOOP('',(#1668,#1669,#1670,#1671));
#4389=EDGE_LOOP('',(#1672,#1673,#1674,#1675));
#4390=EDGE_LOOP('',(#1676,#1677,#1678,#1679));
#4391=EDGE_LOOP('',(#1680,#1681,#1682,#1683));
#4392=EDGE_LOOP('',(#1684,#1685,#1686,#1687));
#4393=EDGE_LOOP('',(#1688,#1689,#1690,#1691));
#4394=EDGE_LOOP('',(#1692,#1693,#1694,#1695));
#4395=EDGE_LOOP('',(#1696,#1697,#1698,#1699));
#4396=EDGE_LOOP('',(#1700,#1701,#1702,#1703));
#4397=EDGE_LOOP('',(#1704,#1705,#1706,#1707));
#4398=EDGE_LOOP('',(#1708,#1709,#1710,#1711));
#4399=EDGE_LOOP('',(#1712,#1713,#1714,#1715));
#4400=EDGE_LOOP('',(#1716,#1717,#1718,#1719));
#4401=EDGE_LOOP('',(#1720,#1721,#1722,#1723));
#4402=EDGE_LOOP('',(#1724,#1725,#1726,#1727));
#4403=EDGE_LOOP('',(#1728,#1729,#1730,#1731));
#4404=EDGE_LOOP('',(#1732,#1733,#1734,#1735));
#4405=EDGE_LOOP('',(#1736,#1737,#1738,#1739));
#4406=EDGE_LOOP('',(#1740,#1741,#1742,#1743));
#4407=EDGE_LOOP('',(#1744,#1745,#1746,#1747));
#4408=EDGE_LOOP('',(#1748,#1749,#1750,#1751));
#4409=EDGE_LOOP('',(#1752,#1753,#1754,#1755));
#4410=EDGE_LOOP('',(#1756,#1757,#1758,#1759));
#4411=EDGE_LOOP('',(#1760,#1761,#1762,#1763));
#4412=EDGE_LOOP('',(#1764,#1765,#1766,#1767));
#4413=EDGE_LOOP('',(#1768,#1769,#1770,#1771));
#4414=EDGE_LOOP('',(#1772,#1773,#1774,#1775));
#4415=EDGE_LOOP('',(#1776,#1777,#1778,#1779));
#4416=EDGE_LOOP('',(#1780,#1781,#1782,#1783));
#4417=EDGE_LOOP('',(#1784,#1785,#1786,#1787));
#4418=EDGE_LOOP('',(#1788,#1789,#1790,#1791));
#4419=EDGE_LOOP('',(#1792,#1793,#1794,#1795));
#4420=EDGE_LOOP('',(#1796,#1797,#1798,#1799));
#4421=EDGE_LOOP('',(#1800,#1801,#1802,#1803));
#4422=EDGE_LOOP('',(#1804,#1805,#1806,#1807));
#4423=EDGE_LOOP('',(#1808,#1809,#1810,#1811));
#4424=EDGE_LOOP('',(#1812,#1813,#1814,#1815));
#4425=EDGE_LOOP('',(#1816,#1817,#1818,#1819));
#4426=EDGE_LOOP('',(#1820,#1821,#1822,#1823));
#4427=EDGE_LOOP('',(#1824,#1825,#1826,#1827));
#4428=EDGE_LOOP('',(#1828,#1829,#1830,#1831));
#4429=EDGE_LOOP('',(#1832,#1833,#1834,#1835));
#4430=EDGE_LOOP('',(#1836,#1837,#1838,#1839));
#4431=EDGE_LOOP('',(#1840,#1841,#1842,#1843));
#4432=EDGE_LOOP('',(#1844,#1845,#1846,#1847));
#4433=EDGE_LOOP('',(#1848,#1849,#1850,#1851));
#4434=EDGE_LOOP('',(#1852,#1853,#1854,#1855));
#4435=EDGE_LOOP('',(#1856,#1857,#1858,#1859));
#4436=EDGE_LOOP('',(#1860,#1861,#1862,#1863));
#4437=EDGE_LOOP('',(#1864,#1865,#1866,#1867));
#4438=EDGE_LOOP('',(#1868,#1869,#1870,#1871));
#4439=EDGE_LOOP('',(#1872,#1873,#1874,#1875));
#4440=EDGE_LOOP('',(#1876,#1877,#1878,#1879));
#4441=EDGE_LOOP('',(#1880,#1881,#1882,#1883));
#4442=EDGE_LOOP('',(#1884,#1885,#1886,#1887));
#4443=EDGE_LOOP('',(#1888,#1889,#1890,#1891));
#4444=EDGE_LOOP('',(#1892,#1893,#1894,#1895));
#4445=EDGE_LOOP('',(#1896,#1897,#1898,#1899));
#4446=EDGE_LOOP('',(#1900,#1901,#1902,#1903));
#4447=EDGE_LOOP('',(#1904,#1905,#1906,#1907));
#4448=EDGE_LOOP('',(#1908,#1909,#1910,#1911));
#4449=EDGE_LOOP('',(#1912,#1913,#1914,#1915));
#4450=EDGE_LOOP('',(#1916,#1917,#1918,#1919));
#4451=EDGE_LOOP('',(#1920,#1921,#1922,#1923));
#4452=EDGE_LOOP('',(#1924,#1925,#1926,#1927));
#4453=EDGE_LOOP('',(#1928,#1929,#1930,#1931));
#4454=EDGE_LOOP('',(#1932,#1933,#1934,#1935));
#4455=EDGE_LOOP('',(#1936,#1937,#1938,#1939));
#4456=EDGE_LOOP('',(#1940,#1941,#1942,#1943));
#4457=EDGE_LOOP('',(#1944,#1945,#1946,#1947));
#4458=EDGE_LOOP('',(#1948,#1949,#1950,#1951));
#4459=EDGE_LOOP('',(#1952,#1953,#1954,#1955));
#4460=EDGE_LOOP('',(#1956,#1957,#1958,#1959));
#4461=EDGE_LOOP('',(#1960,#1961,#1962,#1963));
#4462=EDGE_LOOP('',(#1964,#1965,#1966,#1967));
#4463=EDGE_LOOP('',(#1968,#1969,#1970,#1971));
#4464=EDGE_LOOP('',(#1972,#1973,#1974,#1975));
#4465=EDGE_LOOP('',(#1976,#1977,#1978,#1979));
#4466=EDGE_LOOP('',(#1980,#1981,#1982,#1983));
#4467=EDGE_LOOP('',(#1984,#1985,#1986,#1987));
#4468=EDGE_LOOP('',(#1988,#1989,#1990,#1991));
#4469=EDGE_LOOP('',(#1992,#1993,#1994,#1995));
#4470=EDGE_LOOP('',(#1996,#1997,#1998,#1999));
#4471=EDGE_LOOP('',(#2000,#2001,#2002,#2003));
#4472=EDGE_LOOP('',(#2004,#2005,#2006,#2007));
#4473=EDGE_LOOP('',(#2008,#2009,#2010,#2011));
#4474=EDGE_LOOP('',(#2012,#2013,#2014,#2015));
#4475=EDGE_LOOP('',(#2016,#2017,#2018,#2019));
#4476=EDGE_LOOP('',(#2020,#2021,#2022,#2023));
#4477=EDGE_LOOP('',(#2024,#2025,#2026,#2027));
#4478=EDGE_LOOP('',(#2028,#2029,#2030,#2031));
#4479=EDGE_LOOP('',(#2032,#2033,#2034,#2035));
#4480=EDGE_LOOP('',(#2036,#2037,#2038,#2039));
#4481=EDGE_LOOP('',(#2040,#2041,#2042,#2043));
#4482=EDGE_LOOP('',(#2044,#2045,#2046,#2047));
#4483=EDGE_LOOP('',(#2048,#2049,#2050,#2051));
#4484=EDGE_LOOP('',(#2052,#2053,#2054,#2055));
#4485=EDGE_LOOP('',(#2056,#2057,#2058,#2059));
#4486=EDGE_LOOP('',(#2060,#2061,#2062,#2063));
#4487=EDGE_LOOP('',(#2064,#2065,#2066,#2067));
#4488=EDGE_LOOP('',(#2068,#2069,#2070,#2071));
#4489=EDGE_LOOP('',(#2072,#2073,#2074,#2075));
#4490=EDGE_LOOP('',(#2076,#2077,#2078,#2079));
#4491=EDGE_LOOP('',(#2080,#2081,#2082,#2083));
#4492=EDGE_LOOP('',(#2084,#2085,#2086,#2087));
#4493=EDGE_LOOP('',(#2088,#2089,#2090,#2091));
#4494=EDGE_LOOP('',(#2092,#2093,#2094,#2095));
#4495=EDGE_LOOP('',(#2096,#2097,#2098,#2099));
#4496=EDGE_LOOP('',(#2100,#2101,#2102,#2103));
#4497=EDGE_LOOP('',(#2104,#2105,#2106,#2107));
#4498=EDGE_LOOP('',(#2108,#2109,#2110,#2111));
#4499=EDGE_LOOP('',(#2112,#2113,#2114,#2115));
#4500=EDGE_LOOP('',(#2116,#2117,#2118,#2119));
#4501=EDGE_LOOP('',(#2120,#2121,#2122,#2123));
#4502=EDGE_LOOP('',(#2124,#2125,#2126,#2127));
#4503=EDGE_LOOP('',(#2128,#2129,#2130,#2131));
#4504=EDGE_LOOP('',(#2132,#2133,#2134,#2135));
#4505=EDGE_LOOP('',(#2136,#2137,#2138,#2139));
#4506=EDGE_LOOP('',(#2140,#2141,#2142,#2143));
#4507=EDGE_LOOP('',(#2144,#2145,#2146,#2147));
#4508=EDGE_LOOP('',(#2148,#2149,#2150,#2151));
#4509=EDGE_LOOP('',(#2152,#2153,#2154,#2155));
#4510=EDGE_LOOP('',(#2156,#2157,#2158,#2159));
#4511=EDGE_LOOP('',(#2160,#2161,#2162,#2163));
#4512=EDGE_LOOP('',(#2164,#2165,#2166,#2167));
#4513=EDGE_LOOP('',(#2168,#2169,#2170,#2171));
#4514=EDGE_LOOP('',(#2172,#2173,#2174,#2175));
#4515=EDGE_LOOP('',(#2176,#2177,#2178,#2179));
#4516=EDGE_LOOP('',(#2180,#2181,#2182,#2183));
#4517=EDGE_LOOP('',(#2184,#2185,#2186,#2187));
#4518=EDGE_LOOP('',(#2188,#2189,#2190,#2191));
#4519=EDGE_LOOP('',(#2192,#2193,#2194,#2195));
#4520=EDGE_LOOP('',(#2196,#2197,#2198,#2199));
#4521=EDGE_LOOP('',(#2200,#2201,#2202,#2203));
#4522=EDGE_LOOP('',(#2204,#2205,#2206,#2207));
#4523=EDGE_LOOP('',(#2208,#2209,#2210,#2211));
#4524=EDGE_LOOP('',(#2212,#2213,#2214,#2215));
#4525=EDGE_LOOP('',(#2216,#2217,#2218,#2219));
#4526=EDGE_LOOP('',(#2220,#2221,#2222,#2223));
#4527=EDGE_LOOP('',(#2224,#2225,#2226,#2227));
#4528=EDGE_LOOP('',(#2228,#2229,#2230,#2231));
#4529=EDGE_LOOP('',(#2232,#2233,#2234,#2235));
#4530=EDGE_LOOP('',(#2236,#2237,#2238,#2239));
#4531=EDGE_LOOP('',(#2240,#2241,#2242,#2243));
#4532=EDGE_LOOP('',(#2244,#2245,#2246,#2247));
#4533=EDGE_LOOP('',(#2248,#2249,#2250,#2251));
#4534=EDGE_LOOP('',(#2252,#2253,#2254,#2255));
#4535=EDGE_LOOP('',(#2256,#2257,#2258,#2259));
#4536=EDGE_LOOP('',(#2260,#2261,#2262,#2263));
#4537=EDGE_LOOP('',(#2264,#2265,#2266,#2267));
#4538=EDGE_LOOP('',(#2268,#2269,#2270,#2271));
#4539=EDGE_LOOP('',(#2272,#2273,#2274,#2275));
#4540=EDGE_LOOP('',(#2276,#2277,#2278,#2279));
#4541=EDGE_LOOP('',(#2280,#2281,#2282,#2283));
#4542=EDGE_LOOP('',(#2284,#2285,#2286,#2287));
#4543=EDGE_LOOP('',(#2288,#2289,#2290,#2291));
#4544=EDGE_LOOP('',(#2292,#2293,#2294,#2295));
#4545=EDGE_LOOP('',(#2296,#2297,#2298,#2299));
#4546=EDGE_LOOP('',(#2300,#2301,#2302,#2303));
#4547=EDGE_LOOP('',(#2304,#2305,#2306,#2307));
#4548=EDGE_LOOP('',(#2308,#2309,#2310,#2311));
#4549=EDGE_LOOP('',(#2312,#2313,#2314,#2315));
#4550=EDGE_LOOP('',(#2316,#2317,#2318,#2319));
#4551=EDGE_LOOP('',(#2320,#2321,#2322,#2323));
#4552=EDGE_LOOP('',(#2324,#2325,#2326,#2327));
#4553=EDGE_LOOP('',(#2328,#2329,#2330,#2331));
#4554=EDGE_LOOP('',(#2332,#2333,#2334,#2335));
#4555=EDGE_LOOP('',(#2336,#2337,#2338,#2339));
#4556=EDGE_LOOP('',(#2340,#2341,#2342,#2343));
#4557=EDGE_LOOP('',(#2344,#2345,#2346,#2347));
#4558=EDGE_LOOP('',(#2348,#2349,#2350,#2351));
#4559=EDGE_LOOP('',(#2352,#2353,#2354,#2355));
#4560=EDGE_LOOP('',(#2356,#2357,#2358,#2359));
#4561=EDGE_LOOP('',(#2360,#2361,#2362,#2363));
#4562=EDGE_LOOP('',(#2364,#2365,#2366,#2367));
#4563=EDGE_LOOP('',(#2368,#2369,#2370,#2371));
#4564=EDGE_LOOP('',(#2372,#2373,#2374,#2375));
#4565=EDGE_LOOP('',(#2376,#2377,#2378,#2379));
#4566=EDGE_LOOP('',(#2380,#2381,#2382,#2383));
#4567=EDGE_LOOP('',(#2384,#2385,#2386,#2387));
#4568=EDGE_LOOP('',(#2388,#2389,#2390,#2391));
#4569=EDGE_LOOP('',(#2392,#2393,#2394,#2395));
#4570=EDGE_LOOP('',(#2396,#2397,#2398,#2399));
#4571=EDGE_LOOP('',(#2400,#2401,#2402,#2403));
#4572=EDGE_LOOP('',(#2404,#2405,#2406,#2407));
#4573=EDGE_LOOP('',(#2408,#2409,#2410,#2411));
#4574=EDGE_LOOP('',(#2412,#2413,#2414,#2415));
#4575=EDGE_LOOP('',(#2416,#2417,#2418,#2419));
#4576=EDGE_LOOP('',(#2420,#2421,#2422,#2423));
#4577=EDGE_LOOP('',(#2424,#2425,#2426,#2427));
#4578=EDGE_LOOP('',(#2428,#2429,#2430,#2431));
#4579=EDGE_LOOP('',(#2432,#2433,#2434,#2435));
#4580=EDGE_LOOP('',(#2436,#2437,#2438,#2439));
#4581=EDGE_LOOP('',(#2440,#2441,#2442,#2443));
#4582=EDGE_LOOP('',(#2444,#2445,#2446,#2447));
#4583=EDGE_LOOP('',(#2448,#2449,#2450,#2451));
#4584=EDGE_LOOP('',(#2452,#2453,#2454,#2455));
#4585=EDGE_LOOP('',(#2456,#2457,#2458,#2459));
#4586=EDGE_LOOP('',(#2460,#2461,#2462,#2463));
#4587=EDGE_LOOP('',(#2464,#2465,#2466,#2467));
#4588=EDGE_LOOP('',(#2468,#2469,#2470,#2471));
#4589=EDGE_LOOP('',(#2472,#2473,#2474,#2475));
#4590=EDGE_LOOP('',(#2476,#2477,#2478,#2479));
#4591=EDGE_LOOP('',(#2480,#2481,#2482,#2483));
#4592=EDGE_LOOP('',(#2484,#2485,#2486,#2487));
#4593=EDGE_LOOP('',(#2488,#2489,#2490,#2491));
#4594=EDGE_LOOP('',(#2492,#2493,#2494,#2495));
#4595=EDGE_LOOP('',(#2496,#2497,#2498,#2499));
#4596=EDGE_LOOP('',(#2500,#2501,#2502,#2503));
#4597=EDGE_LOOP('',(#2504,#2505,#2506,#2507));
#4598=EDGE_LOOP('',(#2508,#2509,#2510,#2511));
#4599=EDGE_LOOP('',(#2512,#2513,#2514,#2515));
#4600=EDGE_LOOP('',(#2516,#2517,#2518,#2519));
#4601=EDGE_LOOP('',(#2520,#2521,#2522,#2523));
#4602=EDGE_LOOP('',(#2524,#2525,#2526,#2527));
#4603=EDGE_LOOP('',(#2528,#2529,#2530,#2531));
#4604=EDGE_LOOP('',(#2532,#2533,#2534,#2535));
#4605=EDGE_LOOP('',(#2536,#2537,#2538,#2539));
#4606=EDGE_LOOP('',(#2540,#2541,#2542,#2543));
#4607=EDGE_LOOP('',(#2544,#2545,#2546,#2547));
#4608=EDGE_LOOP('',(#2548,#2549,#2550,#2551));
#4609=EDGE_LOOP('',(#2552,#2553,#2554,#2555));
#4610=EDGE_LOOP('',(#2556,#2557,#2558,#2559));
#4611=EDGE_LOOP('',(#2560,#2561,#2562,#2563));
#4612=EDGE_LOOP('',(#2564,#2565,#2566,#2567));
#4613=EDGE_LOOP('',(#2568,#2569,#2570,#2571));
#4614=EDGE_LOOP('',(#2572,#2573,#2574,#2575));
#4615=EDGE_LOOP('',(#2576,#2577,#2578,#2579));
#4616=EDGE_LOOP('',(#2580,#2581,#2582,#2583));
#4617=EDGE_LOOP('',(#2584,#2585,#2586,#2587));
#4618=EDGE_LOOP('',(#2588,#2589,#2590,#2591));
#4619=EDGE_LOOP('',(#2592,#2593,#2594,#2595));
#4620=EDGE_LOOP('',(#2596));
#4621=EDGE_LOOP('',(#2597));
#4622=EDGE_LOOP('',(#2598,#2599));
#4623=EDGE_LOOP('',(#2600));
#4624=EDGE_LOOP('',(#2601,#2602));
#4625=FACE_BOUND('',#4250,.T.);
#4626=FACE_BOUND('',#4251,.T.);
#4627=FACE_BOUND('',#4252,.T.);
#4628=FACE_BOUND('',#4253,.T.);
#4629=FACE_BOUND('',#4254,.T.);
#4630=FACE_BOUND('',#4255,.T.);
#4631=FACE_BOUND('',#4256,.T.);
#4632=FACE_BOUND('',#4257,.T.);
#4633=FACE_BOUND('',#4258,.T.);
#4634=FACE_BOUND('',#4259,.T.);
#4635=FACE_BOUND('',#4260,.T.);
#4636=FACE_BOUND('',#4261,.T.);
#4637=FACE_BOUND('',#4262,.T.);
#4638=FACE_BOUND('',#4263,.T.);
#4639=FACE_BOUND('',#4264,.T.);
#4640=FACE_BOUND('',#4265,.T.);
#4641=FACE_BOUND('',#4266,.T.);
#4642=FACE_BOUND('',#4267,.T.);
#4643=FACE_BOUND('',#4268,.T.);
#4644=FACE_BOUND('',#4269,.T.);
#4645=FACE_BOUND('',#4270,.T.);
#4646=FACE_BOUND('',#4271,.T.);
#4647=FACE_BOUND('',#4272,.T.);
#4648=FACE_BOUND('',#4273,.T.);
#4649=FACE_BOUND('',#4274,.T.);
#4650=FACE_BOUND('',#4275,.T.);
#4651=FACE_BOUND('',#4276,.T.);
#4652=FACE_BOUND('',#4277,.T.);
#4653=FACE_BOUND('',#4278,.T.);
#4654=FACE_BOUND('',#4279,.T.);
#4655=FACE_BOUND('',#4280,.T.);
#4656=FACE_BOUND('',#4281,.T.);
#4657=FACE_BOUND('',#4282,.T.);
#4658=FACE_BOUND('',#4283,.T.);
#4659=FACE_BOUND('',#4284,.T.);
#4660=FACE_BOUND('',#4285,.T.);
#4661=FACE_BOUND('',#4286,.T.);
#4662=FACE_BOUND('',#4287,.T.);
#4663=FACE_BOUND('',#4288,.T.);
#4664=FACE_BOUND('',#4289,.T.);
#4665=FACE_BOUND('',#4290,.T.);
#4666=FACE_BOUND('',#4291,.T.);
#4667=FACE_BOUND('',#4292,.T.);
#4668=FACE_BOUND('',#4293,.T.);
#4669=FACE_BOUND('',#4294,.T.);
#4670=FACE_BOUND('',#4295,.T.);
#4671=FACE_BOUND('',#4296,.T.);
#4672=FACE_BOUND('',#4297,.T.);
#4673=FACE_BOUND('',#4298,.T.);
#4674=FACE_BOUND('',#4299,.T.);
#4675=FACE_BOUND('',#4300,.T.);
#4676=FACE_BOUND('',#4301,.T.);
#4677=FACE_BOUND('',#4302,.T.);
#4678=FACE_BOUND('',#4303,.T.);
#4679=FACE_BOUND('',#4304,.T.);
#4680=FACE_BOUND('',#4305,.T.);
#4681=FACE_BOUND('',#4306,.T.);
#4682=FACE_BOUND('',#4307,.T.);
#4683=FACE_BOUND('',#4308,.T.);
#4684=FACE_BOUND('',#4309,.T.);
#4685=FACE_BOUND('',#4310,.T.);
#4686=FACE_BOUND('',#4311,.T.);
#4687=FACE_BOUND('',#4312,.T.);
#4688=FACE_BOUND('',#4313,.T.);
#4689=FACE_BOUND('',#4314,.T.);
#4690=FACE_BOUND('',#4315,.T.);
#4691=FACE_BOUND('',#4316,.T.);
#4692=FACE_BOUND('',#4317,.T.);
#4693=FACE_BOUND('',#4318,.T.);
#4694=FACE_BOUND('',#4319,.T.);
#4695=FACE_BOUND('',#4320,.T.);
#4696=FACE_BOUND('',#4321,.T.);
#4697=FACE_BOUND('',#4322,.T.);
#4698=FACE_BOUND('',#4323,.T.);
#4699=FACE_BOUND('',#4324,.T.);
#4700=FACE_BOUND('',#4325,.T.);
#4701=FACE_BOUND('',#4326,.T.);
#4702=FACE_BOUND('',#4327,.T.);
#4703=FACE_BOUND('',#4328,.T.);
#4704=FACE_BOUND('',#4329,.T.);
#4705=FACE_BOUND('',#4330,.T.);
#4706=FACE_BOUND('',#4331,.T.);
#4707=FACE_BOUND('',#4332,.T.);
#4708=FACE_BOUND('',#4333,.T.);
#4709=FACE_BOUND('',#4334,.T.);
#4710=FACE_BOUND('',#4335,.T.);
#4711=FACE_BOUND('',#4336,.T.);
#4712=FACE_BOUND('',#4337,.T.);
#4713=FACE_BOUND('',#4338,.T.);
#4714=FACE_BOUND('',#4339,.T.);
#4715=FACE_BOUND('',#4340,.T.);
#4716=FACE_BOUND('',#4341,.T.);
#4717=FACE_BOUND('',#4342,.T.);
#4718=FACE_BOUND('',#4343,.T.);
#4719=FACE_BOUND('',#4344,.T.);
#4720=FACE_BOUND('',#4345,.T.);
#4721=FACE_BOUND('',#4346,.T.);
#4722=FACE_BOUND('',#4347,.T.);
#4723=FACE_BOUND('',#4348,.T.);
#4724=FACE_BOUND('',#4349,.T.);
#4725=FACE_BOUND('',#4350,.T.);
#4726=FACE_BOUND('',#4351,.T.);
#4727=FACE_BOUND('',#4352,.T.);
#4728=FACE_BOUND('',#4353,.T.);
#4729=FACE_BOUND('',#4354,.T.);
#4730=FACE_BOUND('',#4355,.T.);
#4731=FACE_BOUND('',#4356,.T.);
#4732=FACE_BOUND('',#4357,.T.);
#4733=FACE_BOUND('',#4358,.T.);
#4734=FACE_BOUND('',#4359,.T.);
#4735=FACE_BOUND('',#4360,.T.);
#4736=FACE_BOUND('',#4361,.T.);
#4737=FACE_BOUND('',#4362,.T.);
#4738=FACE_BOUND('',#4363,.T.);
#4739=FACE_BOUND('',#4364,.T.);
#4740=FACE_BOUND('',#4365,.T.);
#4741=FACE_BOUND('',#4366,.T.);
#4742=FACE_BOUND('',#4367,.T.);
#4743=FACE_BOUND('',#4368,.T.);
#4744=FACE_BOUND('',#4369,.T.);
#4745=FACE_BOUND('',#4370,.T.);
#4746=FACE_BOUND('',#4371,.T.);
#4747=FACE_BOUND('',#4372,.T.);
#4748=FACE_BOUND('',#4373,.T.);
#4749=FACE_BOUND('',#4374,.T.);
#4750=FACE_BOUND('',#4375,.T.);
#4751=FACE_BOUND('',#4376,.T.);
#4752=FACE_BOUND('',#4377,.T.);
#4753=FACE_BOUND('',#4378,.T.);
#4754=FACE_BOUND('',#4379,.T.);
#4755=FACE_BOUND('',#4380,.T.);
#4756=FACE_BOUND('',#4381,.T.);
#4757=FACE_BOUND('',#4382,.T.);
#4758=FACE_BOUND('',#4383,.T.);
#4759=FACE_BOUND('',#4384,.T.);
#4760=FACE_BOUND('',#4385,.T.);
#4761=FACE_BOUND('',#4386,.T.);
#4762=FACE_BOUND('',#4387,.T.);
#4763=FACE_BOUND('',#4388,.T.);
#4764=FACE_BOUND('',#4389,.T.);
#4765=FACE_BOUND('',#4390,.T.);
#4766=FACE_BOUND('',#4391,.T.);
#4767=FACE_BOUND('',#4392,.T.);
#4768=FACE_BOUND('',#4393,.T.);
#4769=FACE_BOUND('',#4394,.T.);
#4770=FACE_BOUND('',#4395,.T.);
#4771=FACE_BOUND('',#4396,.T.);
#4772=FACE_BOUND('',#4397,.T.);
#4773=FACE_BOUND('',#4398,.T.);
#4774=FACE_BOUND('',#4399,.T.);
#4775=FACE_BOUND('',#4400,.T.);
#4776=FACE_BOUND('',#4401,.T.);
#4777=FACE_BOUND('',#4402,.T.);
#4778=FACE_BOUND('',#4403,.T.);
#4779=FACE_BOUND('',#4404,.T.);
#4780=FACE_BOUND('',#4405,.T.);
#4781=FACE_BOUND('',#4406,.T.);
#4782=FACE_BOUND('',#4407,.T.);
#4783=FACE_BOUND('',#4408,.T.);
#4784=FACE_BOUND('',#4409,.T.);
#4785=FACE_BOUND('',#4410,.T.);
#4786=FACE_BOUND('',#4411,.T.);
#4787=FACE_BOUND('',#4412,.T.);
#4788=FACE_BOUND('',#4413,.T.);
#4789=FACE_BOUND('',#4414,.T.);
#4790=FACE_BOUND('',#4415,.T.);
#4791=FACE_BOUND('',#4416,.T.);
#4792=FACE_BOUND('',#4417,.T.);
#4793=FACE_BOUND('',#4418,.T.);
#4794=FACE_BOUND('',#4419,.T.);
#4795=FACE_BOUND('',#4420,.T.);
#4796=FACE_BOUND('',#4421,.T.);
#4797=FACE_BOUND('',#4422,.T.);
#4798=FACE_BOUND('',#4423,.T.);
#4799=FACE_BOUND('',#4424,.T.);
#4800=FACE_BOUND('',#4425,.T.);
#4801=FACE_BOUND('',#4426,.T.);
#4802=FACE_BOUND('',#4427,.T.);
#4803=FACE_BOUND('',#4428,.T.);
#4804=FACE_BOUND('',#4429,.T.);
#4805=FACE_BOUND('',#4430,.T.);
#4806=FACE_BOUND('',#4431,.T.);
#4807=FACE_BOUND('',#4432,.T.);
#4808=FACE_BOUND('',#4433,.T.);
#4809=FACE_BOUND('',#4434,.T.);
#4810=FACE_BOUND('',#4435,.T.);
#4811=FACE_BOUND('',#4436,.T.);
#4812=FACE_BOUND('',#4437,.T.);
#4813=FACE_BOUND('',#4438,.T.);
#4814=FACE_BOUND('',#4439,.T.);
#4815=FACE_BOUND('',#4440,.T.);
#4816=FACE_BOUND('',#4441,.T.);
#4817=FACE_BOUND('',#4442,.T.);
#4818=FACE_BOUND('',#4443,.T.);
#4819=FACE_BOUND('',#4444,.T.);
#4820=FACE_BOUND('',#4445,.T.);
#4821=FACE_BOUND('',#4446,.T.);
#4822=FACE_BOUND('',#4447,.T.);
#4823=FACE_BOUND('',#4448,.T.);
#4824=FACE_BOUND('',#4449,.T.);
#4825=FACE_BOUND('',#4450,.T.);
#4826=FACE_BOUND('',#4451,.T.);
#4827=FACE_BOUND('',#4452,.T.);
#4828=FACE_BOUND('',#4453,.T.);
#4829=FACE_BOUND('',#4454,.T.);
#4830=FACE_BOUND('',#4455,.T.);
#4831=FACE_BOUND('',#4456,.T.);
#4832=FACE_BOUND('',#4457,.T.);
#4833=FACE_BOUND('',#4458,.T.);
#4834=FACE_BOUND('',#4459,.T.);
#4835=FACE_BOUND('',#4460,.T.);
#4836=FACE_BOUND('',#4461,.T.);
#4837=FACE_BOUND('',#4462,.T.);
#4838=FACE_BOUND('',#4463,.T.);
#4839=FACE_BOUND('',#4464,.T.);
#4840=FACE_BOUND('',#4465,.T.);
#4841=FACE_BOUND('',#4466,.T.);
#4842=FACE_BOUND('',#4467,.T.);
#4843=FACE_BOUND('',#4468,.T.);
#4844=FACE_BOUND('',#4469,.T.);
#4845=FACE_BOUND('',#4470,.T.);
#4846=FACE_BOUND('',#4471,.T.);
#4847=FACE_BOUND('',#4472,.T.);
#4848=FACE_BOUND('',#4473,.T.);
#4849=FACE_BOUND('',#4474,.T.);
#4850=FACE_BOUND('',#4475,.T.);
#4851=FACE_BOUND('',#4476,.T.);
#4852=FACE_BOUND('',#4477,.T.);
#4853=FACE_BOUND('',#4478,.T.);
#4854=FACE_BOUND('',#4479,.T.);
#4855=FACE_BOUND('',#4480,.T.);
#4856=FACE_BOUND('',#4481,.T.);
#4857=FACE_BOUND('',#4482,.T.);
#4858=FACE_BOUND('',#4483,.T.);
#4859=FACE_BOUND('',#4484,.T.);
#4860=FACE_BOUND('',#4485,.T.);
#4861=FACE_BOUND('',#4486,.T.);
#4862=FACE_BOUND('',#4487,.T.);
#4863=FACE_BOUND('',#4488,.T.);
#4864=FACE_BOUND('',#4489,.T.);
#4865=FACE_BOUND('',#4490,.T.);
#4866=FACE_BOUND('',#4491,.T.);
#4867=FACE_BOUND('',#4492,.T.);
#4868=FACE_BOUND('',#4493,.T.);
#4869=FACE_BOUND('',#4494,.T.);
#4870=FACE_BOUND('',#4495,.T.);
#4871=FACE_BOUND('',#4496,.T.);
#4872=FACE_BOUND('',#4497,.T.);
#4873=FACE_BOUND('',#4498,.T.);
#4874=FACE_BOUND('',#4499,.T.);
#4875=FACE_BOUND('',#4500,.T.);
#4876=FACE_BOUND('',#4501,.T.);
#4877=FACE_BOUND('',#4502,.T.);
#4878=FACE_BOUND('',#4503,.T.);
#4879=FACE_BOUND('',#4504,.T.);
#4880=FACE_BOUND('',#4505,.T.);
#4881=FACE_BOUND('',#4506,.T.);
#4882=FACE_BOUND('',#4507,.T.);
#4883=FACE_BOUND('',#4508,.T.);
#4884=FACE_BOUND('',#4509,.T.);
#4885=FACE_BOUND('',#4510,.T.);
#4886=FACE_BOUND('',#4511,.T.);
#4887=FACE_BOUND('',#4512,.T.);
#4888=FACE_BOUND('',#4513,.T.);
#4889=FACE_BOUND('',#4514,.T.);
#4890=FACE_BOUND('',#4515,.T.);
#4891=FACE_BOUND('',#4516,.T.);
#4892=FACE_BOUND('',#4517,.T.);
#4893=FACE_BOUND('',#4518,.T.);
#4894=FACE_BOUND('',#4519,.T.);
#4895=FACE_BOUND('',#4520,.T.);
#4896=FACE_BOUND('',#4521,.T.);
#4897=FACE_BOUND('',#4522,.T.);
#4898=FACE_BOUND('',#4523,.T.);
#4899=FACE_BOUND('',#4524,.T.);
#4900=FACE_BOUND('',#4525,.T.);
#4901=FACE_BOUND('',#4526,.T.);
#4902=FACE_BOUND('',#4527,.T.);
#4903=FACE_BOUND('',#4528,.T.);
#4904=FACE_BOUND('',#4529,.T.);
#4905=FACE_BOUND('',#4530,.T.);
#4906=FACE_BOUND('',#4531,.T.);
#4907=FACE_BOUND('',#4532,.T.);
#4908=FACE_BOUND('',#4533,.T.);
#4909=FACE_BOUND('',#4534,.T.);
#4910=FACE_BOUND('',#4535,.T.);
#4911=FACE_BOUND('',#4536,.T.);
#4912=FACE_BOUND('',#4537,.T.);
#4913=FACE_BOUND('',#4538,.T.);
#4914=FACE_BOUND('',#4539,.T.);
#4915=FACE_BOUND('',#4540,.T.);
#4916=FACE_BOUND('',#4541,.T.);
#4917=FACE_BOUND('',#4542,.T.);
#4918=FACE_BOUND('',#4543,.T.);
#4919=FACE_BOUND('',#4544,.T.);
#4920=FACE_BOUND('',#4545,.T.);
#4921=FACE_BOUND('',#4546,.T.);
#4922=FACE_BOUND('',#4547,.T.);
#4923=FACE_BOUND('',#4548,.T.);
#4924=FACE_BOUND('',#4549,.T.);
#4925=FACE_BOUND('',#4550,.T.);
#4926=FACE_BOUND('',#4551,.T.);
#4927=FACE_BOUND('',#4552,.T.);
#4928=FACE_BOUND('',#4553,.T.);
#4929=FACE_BOUND('',#4554,.T.);
#4930=FACE_BOUND('',#4555,.T.);
#4931=FACE_BOUND('',#4556,.T.);
#4932=FACE_BOUND('',#4557,.T.);
#4933=FACE_BOUND('',#4558,.T.);
#4934=FACE_BOUND('',#4559,.T.);
#4935=FACE_BOUND('',#4560,.T.);
#4936=FACE_BOUND('',#4561,.T.);
#4937=FACE_BOUND('',#4562,.T.);
#4938=FACE_BOUND('',#4563,.T.);
#4939=FACE_BOUND('',#4564,.T.);
#4940=FACE_BOUND('',#4565,.T.);
#4941=FACE_BOUND('',#4566,.T.);
#4942=FACE_BOUND('',#4567,.T.);
#4943=FACE_BOUND('',#4568,.T.);
#4944=FACE_BOUND('',#4569,.T.);
#4945=FACE_BOUND('',#4570,.T.);
#4946=FACE_BOUND('',#4571,.T.);
#4947=FACE_BOUND('',#4572,.T.);
#4948=FACE_BOUND('',#4573,.T.);
#4949=FACE_BOUND('',#4574,.T.);
#4950=FACE_BOUND('',#4575,.T.);
#4951=FACE_BOUND('',#4576,.T.);
#4952=FACE_BOUND('',#4577,.T.);
#4953=FACE_BOUND('',#4578,.T.);
#4954=FACE_BOUND('',#4579,.T.);
#4955=FACE_BOUND('',#4580,.T.);
#4956=FACE_BOUND('',#4581,.T.);
#4957=FACE_BOUND('',#4582,.T.);
#4958=FACE_BOUND('',#4583,.T.);
#4959=FACE_BOUND('',#4584,.T.);
#4960=FACE_BOUND('',#4585,.T.);
#4961=FACE_BOUND('',#4586,.T.);
#4962=FACE_BOUND('',#4587,.T.);
#4963=FACE_BOUND('',#4588,.T.);
#4964=FACE_BOUND('',#4589,.T.);
#4965=FACE_BOUND('',#4590,.T.);
#4966=FACE_BOUND('',#4591,.T.);
#4967=FACE_BOUND('',#4592,.T.);
#4968=FACE_BOUND('',#4593,.T.);
#4969=FACE_BOUND('',#4594,.T.);
#4970=FACE_BOUND('',#4595,.T.);
#4971=FACE_BOUND('',#4596,.T.);
#4972=FACE_BOUND('',#4597,.T.);
#4973=FACE_BOUND('',#4598,.T.);
#4974=FACE_BOUND('',#4599,.T.);
#4975=FACE_BOUND('',#4600,.T.);
#4976=FACE_BOUND('',#4601,.T.);
#4977=FACE_BOUND('',#4602,.T.);
#4978=FACE_BOUND('',#4603,.T.);
#4979=FACE_BOUND('',#4604,.T.);
#4980=FACE_BOUND('',#4605,.T.);
#4981=FACE_BOUND('',#4606,.T.);
#4982=FACE_BOUND('',#4607,.T.);
#4983=FACE_BOUND('',#4608,.T.);
#4984=FACE_BOUND('',#4609,.T.);
#4985=FACE_BOUND('',#4610,.T.);
#4986=FACE_BOUND('',#4611,.T.);
#4987=FACE_BOUND('',#4612,.T.);
#4988=FACE_BOUND('',#4613,.T.);
#4989=FACE_BOUND('',#4614,.T.);
#4990=FACE_BOUND('',#4615,.T.);
#4991=FACE_BOUND('',#4616,.T.);
#4992=FACE_BOUND('',#4617,.T.);
#4993=FACE_BOUND('',#4618,.T.);
#4994=FACE_BOUND('',#4619,.T.);
#4995=FACE_BOUND('',#4620,.T.);
#4996=FACE_BOUND('',#4621,.T.);
#4997=FACE_BOUND('',#4622,.T.);
#4998=FACE_BOUND('',#4623,.T.);
#4999=FACE_BOUND('',#4624,.T.);
#5000=PLANE('',#5435);
#5001=PLANE('',#5476);
#5002=PLANE('',#5517);
#5003=PLANE('',#5523);
#5004=PLANE('',#5530);
#5005=PLANE('',#5531);
#5006=PLANE('',#5532);
#5007=PLANE('',#5533);
#5008=PLANE('',#5534);
#5009=PLANE('',#5535);
#5010=PLANE('',#5536);
#5011=PLANE('',#5537);
#5012=PLANE('',#5538);
#5013=PLANE('',#5544);
#5014=PLANE('',#5550);
#5015=PLANE('',#5552);
#5016=PLANE('',#5557);
#5017=PLANE('',#5558);
#5018=PLANE('',#5560);
#5019=PLANE('',#5562);
#5020=PLANE('',#5575);
#5021=PLANE('',#5576);
#5022=PLANE('',#5577);
#5023=PLANE('',#5578);
#5024=PLANE('',#5579);
#5025=PLANE('',#5580);
#5026=PLANE('',#5581);
#5027=PLANE('',#5582);
#5028=PLANE('',#5583);
#5029=PLANE('',#5584);
#5030=PLANE('',#5585);
#5031=PLANE('',#5586);
#5032=PLANE('',#5587);
#5033=PLANE('',#5588);
#5034=PLANE('',#5630);
#5035=PLANE('',#5631);
#5036=PLANE('',#5632);
#5037=PLANE('',#5633);
#5038=PLANE('',#5634);
#5039=PLANE('',#5635);
#5040=PLANE('',#5636);
#5041=PLANE('',#5637);
#5042=PLANE('',#5638);
#5043=PLANE('',#5639);
#5044=PLANE('',#5641);
#5045=PLANE('',#5642);
#5046=PLANE('',#5689);
#5047=PLANE('',#5690);
#5048=PLANE('',#5691);
#5049=PLANE('',#5692);
#5050=PLANE('',#5693);
#5051=PLANE('',#5694);
#5052=PLANE('',#5695);
#5053=PLANE('',#5696);
#5054=PLANE('',#5697);
#5055=PLANE('',#5698);
#5056=PLANE('',#5699);
#5057=PLANE('',#5700);
#5058=PLANE('',#5701);
#5059=PLANE('',#5702);
#5060=PLANE('',#5703);
#5061=PLANE('',#5704);
#5062=PLANE('',#5705);
#5063=PLANE('',#5706);
#5064=PLANE('',#5707);
#5065=PLANE('',#5708);
#5066=PLANE('',#5709);
#5067=PLANE('',#5710);
#5068=PLANE('',#5711);
#5069=PLANE('',#5712);
#5070=PLANE('',#5713);
#5071=PLANE('',#5714);
#5072=PLANE('',#5715);
#5073=PLANE('',#5716);
#5074=PLANE('',#5717);
#5075=PLANE('',#5718);
#5076=PLANE('',#5719);
#5077=PLANE('',#5720);
#5078=PLANE('',#5721);
#5079=PLANE('',#5722);
#5080=PLANE('',#5723);
#5081=PLANE('',#5724);
#5082=PLANE('',#5725);
#5083=PLANE('',#5726);
#5084=PLANE('',#5727);
#5085=PLANE('',#5728);
#5086=ADVANCED_FACE('',(#4625,#4626,#4627,#4628,#4629,#4630,#4631,#4632,
#4633,#4634,#4635,#4636),#5000,.T.);
#5087=ADVANCED_FACE('',(#4637,#4638,#4639,#4640,#4641,#4642,#4643,#4644,
#4645,#4646,#4647,#4648,#4649,#4650),#5001,.F.);
#5088=ADVANCED_FACE('',(#4651,#4652),#5002,.F.);
#5089=ADVANCED_FACE('',(#4653,#4654),#5003,.T.);
#5090=ADVANCED_FACE('',(#4655),#5004,.T.);
#5091=ADVANCED_FACE('',(#4656),#5005,.T.);
#5092=ADVANCED_FACE('',(#4657),#5006,.F.);
#5093=ADVANCED_FACE('',(#4658),#5007,.T.);
#5094=ADVANCED_FACE('',(#4659),#5008,.T.);
#5095=ADVANCED_FACE('',(#4660),#5009,.F.);
#5096=ADVANCED_FACE('',(#4661),#5010,.T.);
#5097=ADVANCED_FACE('',(#4662),#5011,.T.);
#5098=ADVANCED_FACE('',(#4663,#4664),#5012,.T.);
#5099=ADVANCED_FACE('',(#4665,#4666),#5013,.F.);
#5100=ADVANCED_FACE('',(#4667),#5014,.T.);
#5101=ADVANCED_FACE('',(#4668),#5015,.T.);
#5102=ADVANCED_FACE('',(#4669,#4670),#122,.T.);
#5103=ADVANCED_FACE('',(#4671),#5016,.T.);
#5104=ADVANCED_FACE('',(#4672,#4673),#5017,.F.);
#5105=ADVANCED_FACE('',(#4674,#4675),#5018,.T.);
#5106=ADVANCED_FACE('',(#4676),#5019,.F.);
#5107=ADVANCED_FACE('',(#4677),#123,.T.);
#5108=ADVANCED_FACE('',(#4678),#124,.T.);
#5109=ADVANCED_FACE('',(#4679,#4680),#12,.T.);
#5110=ADVANCED_FACE('',(#4681),#125,.T.);
#5111=ADVANCED_FACE('',(#4682),#13,.T.);
#5112=ADVANCED_FACE('',(#4683),#14,.T.);
#5113=ADVANCED_FACE('',(#4684),#126,.T.);
#5114=ADVANCED_FACE('',(#4685),#5020,.F.);
#5115=ADVANCED_FACE('',(#4686),#5021,.F.);
#5116=ADVANCED_FACE('',(#4687),#5022,.F.);
#5117=ADVANCED_FACE('',(#4688),#5023,.T.);
#5118=ADVANCED_FACE('',(#4689),#5024,.T.);
#5119=ADVANCED_FACE('',(#4690),#5025,.F.);
#5120=ADVANCED_FACE('',(#4691),#5026,.F.);
#5121=ADVANCED_FACE('',(#4692),#5027,.T.);
#5122=ADVANCED_FACE('',(#4693),#5028,.T.);
#5123=ADVANCED_FACE('',(#4694),#5029,.F.);
#5124=ADVANCED_FACE('',(#4695),#5030,.T.);
#5125=ADVANCED_FACE('',(#4696),#5031,.F.);
#5126=ADVANCED_FACE('',(#4697),#5032,.F.);
#5127=ADVANCED_FACE('',(#4698),#5033,.T.);
#5128=ADVANCED_FACE('',(#4699),#127,.T.);
#5129=ADVANCED_FACE('',(#4700),#128,.F.);
#5130=ADVANCED_FACE('',(#4701),#15,.T.);
#5131=ADVANCED_FACE('',(#4702),#16,.T.);
#5132=ADVANCED_FACE('',(#4703),#17,.T.);
#5133=ADVANCED_FACE('',(#4704),#129,.T.);
#5134=ADVANCED_FACE('',(#4705),#130,.F.);
#5135=ADVANCED_FACE('',(#4706),#131,.T.);
#5136=ADVANCED_FACE('',(#4707),#132,.T.);
#5137=ADVANCED_FACE('',(#4708),#133,.F.);
#5138=ADVANCED_FACE('',(#4709),#18,.T.);
#5139=ADVANCED_FACE('',(#4710),#19,.T.);
#5140=ADVANCED_FACE('',(#4711),#20,.T.);
#5141=ADVANCED_FACE('',(#4712),#134,.T.);
#5142=ADVANCED_FACE('',(#4713),#135,.T.);
#5143=ADVANCED_FACE('',(#4714),#136,.T.);
#5144=ADVANCED_FACE('',(#4715),#21,.T.);
#5145=ADVANCED_FACE('',(#4716),#22,.T.);
#5146=ADVANCED_FACE('',(#4717),#137,.F.);
#5147=ADVANCED_FACE('',(#4718),#5034,.T.);
#5148=ADVANCED_FACE('',(#4719),#5035,.F.);
#5149=ADVANCED_FACE('',(#4720),#5036,.F.);
#5150=ADVANCED_FACE('',(#4721),#5037,.T.);
#5151=ADVANCED_FACE('',(#4722),#5038,.T.);
#5152=ADVANCED_FACE('',(#4723),#5039,.T.);
#5153=ADVANCED_FACE('',(#4724),#5040,.T.);
#5154=ADVANCED_FACE('',(#4725),#5041,.T.);
#5155=ADVANCED_FACE('',(#4726),#5042,.T.);
#5156=ADVANCED_FACE('',(#4727,#4728),#5043,.F.);
#5157=ADVANCED_FACE('',(#4729),#5044,.F.);
#5158=ADVANCED_FACE('',(#4730,#4731),#5045,.T.);
#5159=ADVANCED_FACE('',(#4732),#138,.T.);
#5160=ADVANCED_FACE('',(#4733),#23,.T.);
#5161=ADVANCED_FACE('',(#4734),#24,.T.);
#5162=ADVANCED_FACE('',(#4735),#139,.F.);
#5163=ADVANCED_FACE('',(#4736),#140,.T.);
#5164=ADVANCED_FACE('',(#4737),#141,.T.);
#5165=ADVANCED_FACE('',(#4738),#142,.T.);
#5166=ADVANCED_FACE('',(#4739),#143,.F.);
#5167=ADVANCED_FACE('',(#4740),#144,.T.);
#5168=ADVANCED_FACE('',(#4741),#25,.T.);
#5169=ADVANCED_FACE('',(#4742),#26,.T.);
#5170=ADVANCED_FACE('',(#4743),#27,.T.);
#5171=ADVANCED_FACE('',(#4744),#28,.T.);
#5172=ADVANCED_FACE('',(#4745),#145,.T.);
#5173=ADVANCED_FACE('',(#4746),#146,.F.);
#5174=ADVANCED_FACE('',(#4747),#147,.F.);
#5175=ADVANCED_FACE('',(#4748),#148,.T.);
#5176=ADVANCED_FACE('',(#4749),#29,.T.);
#5177=ADVANCED_FACE('',(#4750),#30,.T.);
#5178=ADVANCED_FACE('',(#4751),#149,.T.);
#5179=ADVANCED_FACE('',(#4752,#4753,#4754),#150,.F.);
#5180=ADVANCED_FACE('',(#4755),#5046,.T.);
#5181=ADVANCED_FACE('',(#4756),#5047,.F.);
#5182=ADVANCED_FACE('',(#4757),#5048,.F.);
#5183=ADVANCED_FACE('',(#4758),#5049,.T.);
#5184=ADVANCED_FACE('',(#4759),#5050,.T.);
#5185=ADVANCED_FACE('',(#4760),#5051,.F.);
#5186=ADVANCED_FACE('',(#4761),#5052,.F.);
#5187=ADVANCED_FACE('',(#4762),#5053,.T.);
#5188=ADVANCED_FACE('',(#4763),#5054,.T.);
#5189=ADVANCED_FACE('',(#4764),#5055,.F.);
#5190=ADVANCED_FACE('',(#4765),#5056,.F.);
#5191=ADVANCED_FACE('',(#4766),#5057,.T.);
#5192=ADVANCED_FACE('',(#4767),#5058,.T.);
#5193=ADVANCED_FACE('',(#4768),#5059,.T.);
#5194=ADVANCED_FACE('',(#4769),#5060,.F.);
#5195=ADVANCED_FACE('',(#4770),#5061,.F.);
#5196=ADVANCED_FACE('',(#4771),#5062,.T.);
#5197=ADVANCED_FACE('',(#4772),#5063,.F.);
#5198=ADVANCED_FACE('',(#4773),#5064,.F.);
#5199=ADVANCED_FACE('',(#4774),#5065,.T.);
#5200=ADVANCED_FACE('',(#4775),#5066,.T.);
#5201=ADVANCED_FACE('',(#4776),#5067,.F.);
#5202=ADVANCED_FACE('',(#4777),#5068,.F.);
#5203=ADVANCED_FACE('',(#4778),#5069,.T.);
#5204=ADVANCED_FACE('',(#4779),#5070,.T.);
#5205=ADVANCED_FACE('',(#4780),#5071,.F.);
#5206=ADVANCED_FACE('',(#4781),#5072,.F.);
#5207=ADVANCED_FACE('',(#4782),#5073,.T.);
#5208=ADVANCED_FACE('',(#4783),#5074,.T.);
#5209=ADVANCED_FACE('',(#4784),#5075,.F.);
#5210=ADVANCED_FACE('',(#4785),#5076,.F.);
#5211=ADVANCED_FACE('',(#4786),#5077,.T.);
#5212=ADVANCED_FACE('',(#4787),#5078,.T.);
#5213=ADVANCED_FACE('',(#4788),#5079,.F.);
#5214=ADVANCED_FACE('',(#4789),#5080,.F.);
#5215=ADVANCED_FACE('',(#4790),#5081,.T.);
#5216=ADVANCED_FACE('',(#4791),#5082,.T.);
#5217=ADVANCED_FACE('',(#4792),#5083,.F.);
#5218=ADVANCED_FACE('',(#4793),#5084,.F.);
#5219=ADVANCED_FACE('',(#4794),#5085,.T.);
#5220=ADVANCED_FACE('',(#4795),#151,.T.);
#5221=ADVANCED_FACE('',(#4796),#31,.T.);
#5222=ADVANCED_FACE('',(#4797),#32,.T.);
#5223=ADVANCED_FACE('',(#4798),#152,.F.);
#5224=ADVANCED_FACE('',(#4799),#153,.T.);
#5225=ADVANCED_FACE('',(#4800),#154,.T.);
#5226=ADVANCED_FACE('',(#4801),#155,.T.);
#5227=ADVANCED_FACE('',(#4802),#156,.F.);
#5228=ADVANCED_FACE('',(#4803),#157,.T.);
#5229=ADVANCED_FACE('',(#4804),#33,.T.);
#5230=ADVANCED_FACE('',(#4805),#34,.T.);
#5231=ADVANCED_FACE('',(#4806),#35,.T.);
#5232=ADVANCED_FACE('',(#4807),#36,.T.);
#5233=ADVANCED_FACE('',(#4808),#158,.T.);
#5234=ADVANCED_FACE('',(#4809),#159,.F.);
#5235=ADVANCED_FACE('',(#4810),#160,.F.);
#5236=ADVANCED_FACE('',(#4811),#161,.T.);
#5237=ADVANCED_FACE('',(#4812),#37,.T.);
#5238=ADVANCED_FACE('',(#4813),#38,.T.);
#5239=ADVANCED_FACE('',(#4814),#162,.T.);
#5240=ADVANCED_FACE('',(#4815),#163,.T.);
#5241=ADVANCED_FACE('',(#4816),#39,.T.);
#5242=ADVANCED_FACE('',(#4817),#40,.T.);
#5243=ADVANCED_FACE('',(#4818),#164,.T.);
#5244=ADVANCED_FACE('',(#4819),#165,.F.);
#5245=ADVANCED_FACE('',(#4820),#166,.T.);
#5246=ADVANCED_FACE('',(#4821),#167,.F.);
#5247=ADVANCED_FACE('',(#4822),#168,.T.);
#5248=ADVANCED_FACE('',(#4823),#169,.T.);
#5249=ADVANCED_FACE('',(#4824),#41,.T.);
#5250=ADVANCED_FACE('',(#4825),#42,.T.);
#5251=ADVANCED_FACE('',(#4826),#43,.T.);
#5252=ADVANCED_FACE('',(#4827),#44,.T.);
#5253=ADVANCED_FACE('',(#4828),#170,.F.);
#5254=ADVANCED_FACE('',(#4829),#171,.T.);
#5255=ADVANCED_FACE('',(#4830),#172,.T.);
#5256=ADVANCED_FACE('',(#4831),#173,.F.);
#5257=ADVANCED_FACE('',(#4832),#45,.T.);
#5258=ADVANCED_FACE('',(#4833),#46,.T.);
#5259=ADVANCED_FACE('',(#4834),#174,.T.);
#5260=ADVANCED_FACE('',(#4835),#175,.T.);
#5261=ADVANCED_FACE('',(#4836),#47,.T.);
#5262=ADVANCED_FACE('',(#4837),#48,.T.);
#5263=ADVANCED_FACE('',(#4838),#176,.F.);
#5264=ADVANCED_FACE('',(#4839),#177,.T.);
#5265=ADVANCED_FACE('',(#4840),#178,.T.);
#5266=ADVANCED_FACE('',(#4841),#179,.T.);
#5267=ADVANCED_FACE('',(#4842),#180,.F.);
#5268=ADVANCED_FACE('',(#4843),#181,.T.);
#5269=ADVANCED_FACE('',(#4844),#49,.T.);
#5270=ADVANCED_FACE('',(#4845),#50,.T.);
#5271=ADVANCED_FACE('',(#4846),#51,.T.);
#5272=ADVANCED_FACE('',(#4847),#52,.T.);
#5273=ADVANCED_FACE('',(#4848),#182,.T.);
#5274=ADVANCED_FACE('',(#4849),#183,.F.);
#5275=ADVANCED_FACE('',(#4850),#184,.F.);
#5276=ADVANCED_FACE('',(#4851),#185,.T.);
#5277=ADVANCED_FACE('',(#4852),#53,.T.);
#5278=ADVANCED_FACE('',(#4853),#54,.T.);
#5279=ADVANCED_FACE('',(#4854),#186,.T.);
#5280=ADVANCED_FACE('',(#4855),#187,.T.);
#5281=ADVANCED_FACE('',(#4856),#55,.T.);
#5282=ADVANCED_FACE('',(#4857),#56,.T.);
#5283=ADVANCED_FACE('',(#4858),#188,.F.);
#5284=ADVANCED_FACE('',(#4859),#189,.T.);
#5285=ADVANCED_FACE('',(#4860),#190,.T.);
#5286=ADVANCED_FACE('',(#4861),#191,.T.);
#5287=ADVANCED_FACE('',(#4862),#192,.F.);
#5288=ADVANCED_FACE('',(#4863),#193,.T.);
#5289=ADVANCED_FACE('',(#4864),#57,.T.);
#5290=ADVANCED_FACE('',(#4865),#58,.T.);
#5291=ADVANCED_FACE('',(#4866),#59,.T.);
#5292=ADVANCED_FACE('',(#4867),#60,.T.);
#5293=ADVANCED_FACE('',(#4868),#194,.T.);
#5294=ADVANCED_FACE('',(#4869),#195,.F.);
#5295=ADVANCED_FACE('',(#4870),#196,.F.);
#5296=ADVANCED_FACE('',(#4871),#197,.T.);
#5297=ADVANCED_FACE('',(#4872),#61,.T.);
#5298=ADVANCED_FACE('',(#4873),#62,.T.);
#5299=ADVANCED_FACE('',(#4874),#198,.T.);
#5300=ADVANCED_FACE('',(#4875),#199,.T.);
#5301=ADVANCED_FACE('',(#4876),#63,.T.);
#5302=ADVANCED_FACE('',(#4877),#64,.T.);
#5303=ADVANCED_FACE('',(#4878),#200,.T.);
#5304=ADVANCED_FACE('',(#4879),#201,.F.);
#5305=ADVANCED_FACE('',(#4880),#202,.T.);
#5306=ADVANCED_FACE('',(#4881),#203,.F.);
#5307=ADVANCED_FACE('',(#4882),#204,.T.);
#5308=ADVANCED_FACE('',(#4883),#205,.T.);
#5309=ADVANCED_FACE('',(#4884),#65,.T.);
#5310=ADVANCED_FACE('',(#4885),#66,.T.);
#5311=ADVANCED_FACE('',(#4886),#67,.T.);
#5312=ADVANCED_FACE('',(#4887),#68,.T.);
#5313=ADVANCED_FACE('',(#4888),#206,.F.);
#5314=ADVANCED_FACE('',(#4889),#207,.T.);
#5315=ADVANCED_FACE('',(#4890),#208,.T.);
#5316=ADVANCED_FACE('',(#4891),#209,.F.);
#5317=ADVANCED_FACE('',(#4892),#69,.T.);
#5318=ADVANCED_FACE('',(#4893),#70,.T.);
#5319=ADVANCED_FACE('',(#4894),#210,.T.);
#5320=ADVANCED_FACE('',(#4895),#211,.T.);
#5321=ADVANCED_FACE('',(#4896),#71,.T.);
#5322=ADVANCED_FACE('',(#4897),#72,.T.);
#5323=ADVANCED_FACE('',(#4898),#212,.T.);
#5324=ADVANCED_FACE('',(#4899),#213,.F.);
#5325=ADVANCED_FACE('',(#4900),#214,.T.);
#5326=ADVANCED_FACE('',(#4901),#215,.F.);
#5327=ADVANCED_FACE('',(#4902),#216,.T.);
#5328=ADVANCED_FACE('',(#4903),#217,.T.);
#5329=ADVANCED_FACE('',(#4904),#73,.T.);
#5330=ADVANCED_FACE('',(#4905),#74,.T.);
#5331=ADVANCED_FACE('',(#4906),#75,.T.);
#5332=ADVANCED_FACE('',(#4907),#76,.T.);
#5333=ADVANCED_FACE('',(#4908),#218,.F.);
#5334=ADVANCED_FACE('',(#4909),#219,.T.);
#5335=ADVANCED_FACE('',(#4910),#220,.T.);
#5336=ADVANCED_FACE('',(#4911),#221,.F.);
#5337=ADVANCED_FACE('',(#4912),#77,.T.);
#5338=ADVANCED_FACE('',(#4913),#78,.T.);
#5339=ADVANCED_FACE('',(#4914),#222,.T.);
#5340=ADVANCED_FACE('',(#4915),#223,.T.);
#5341=ADVANCED_FACE('',(#4916),#79,.T.);
#5342=ADVANCED_FACE('',(#4917),#80,.T.);
#5343=ADVANCED_FACE('',(#4918),#224,.F.);
#5344=ADVANCED_FACE('',(#4919),#225,.T.);
#5345=ADVANCED_FACE('',(#4920),#226,.T.);
#5346=ADVANCED_FACE('',(#4921),#227,.T.);
#5347=ADVANCED_FACE('',(#4922),#228,.F.);
#5348=ADVANCED_FACE('',(#4923),#229,.T.);
#5349=ADVANCED_FACE('',(#4924),#81,.T.);
#5350=ADVANCED_FACE('',(#4925),#82,.T.);
#5351=ADVANCED_FACE('',(#4926),#83,.T.);
#5352=ADVANCED_FACE('',(#4927),#84,.T.);
#5353=ADVANCED_FACE('',(#4928),#230,.T.);
#5354=ADVANCED_FACE('',(#4929),#231,.F.);
#5355=ADVANCED_FACE('',(#4930),#232,.F.);
#5356=ADVANCED_FACE('',(#4931),#233,.T.);
#5357=ADVANCED_FACE('',(#4932),#85,.T.);
#5358=ADVANCED_FACE('',(#4933),#86,.T.);
#5359=ADVANCED_FACE('',(#4934),#234,.T.);
#5360=ADVANCED_FACE('',(#4935),#235,.T.);
#5361=ADVANCED_FACE('',(#4936),#87,.T.);
#5362=ADVANCED_FACE('',(#4937),#88,.T.);
#5363=ADVANCED_FACE('',(#4938),#236,.T.);
#5364=ADVANCED_FACE('',(#4939),#237,.F.);
#5365=ADVANCED_FACE('',(#4940),#238,.T.);
#5366=ADVANCED_FACE('',(#4941),#239,.F.);
#5367=ADVANCED_FACE('',(#4942),#240,.T.);
#5368=ADVANCED_FACE('',(#4943),#241,.T.);
#5369=ADVANCED_FACE('',(#4944),#89,.T.);
#5370=ADVANCED_FACE('',(#4945),#90,.T.);
#5371=ADVANCED_FACE('',(#4946),#91,.T.);
#5372=ADVANCED_FACE('',(#4947),#92,.T.);
#5373=ADVANCED_FACE('',(#4948),#242,.F.);
#5374=ADVANCED_FACE('',(#4949),#243,.T.);
#5375=ADVANCED_FACE('',(#4950),#244,.T.);
#5376=ADVANCED_FACE('',(#4951),#245,.F.);
#5377=ADVANCED_FACE('',(#4952),#93,.T.);
#5378=ADVANCED_FACE('',(#4953),#94,.T.);
#5379=ADVANCED_FACE('',(#4954),#246,.T.);
#5380=ADVANCED_FACE('',(#4955),#247,.T.);
#5381=ADVANCED_FACE('',(#4956),#95,.T.);
#5382=ADVANCED_FACE('',(#4957),#96,.T.);
#5383=ADVANCED_FACE('',(#4958),#248,.T.);
#5384=ADVANCED_FACE('',(#4959),#249,.F.);
#5385=ADVANCED_FACE('',(#4960),#250,.T.);
#5386=ADVANCED_FACE('',(#4961),#251,.F.);
#5387=ADVANCED_FACE('',(#4962),#252,.T.);
#5388=ADVANCED_FACE('',(#4963),#253,.T.);
#5389=ADVANCED_FACE('',(#4964),#97,.T.);
#5390=ADVANCED_FACE('',(#4965),#98,.T.);
#5391=ADVANCED_FACE('',(#4966),#99,.T.);
#5392=ADVANCED_FACE('',(#4967),#100,.T.);
#5393=ADVANCED_FACE('',(#4968),#254,.F.);
#5394=ADVANCED_FACE('',(#4969),#255,.T.);
#5395=ADVANCED_FACE('',(#4970),#256,.T.);
#5396=ADVANCED_FACE('',(#4971),#257,.F.);
#5397=ADVANCED_FACE('',(#4972),#101,.T.);
#5398=ADVANCED_FACE('',(#4973),#102,.T.);
#5399=ADVANCED_FACE('',(#4974),#258,.T.);
#5400=ADVANCED_FACE('',(#4975),#259,.T.);
#5401=ADVANCED_FACE('',(#4976),#103,.T.);
#5402=ADVANCED_FACE('',(#4977),#104,.T.);
#5403=ADVANCED_FACE('',(#4978),#260,.T.);
#5404=ADVANCED_FACE('',(#4979),#261,.F.);
#5405=ADVANCED_FACE('',(#4980),#262,.T.);
#5406=ADVANCED_FACE('',(#4981),#263,.F.);
#5407=ADVANCED_FACE('',(#4982),#264,.T.);
#5408=ADVANCED_FACE('',(#4983),#265,.T.);
#5409=ADVANCED_FACE('',(#4984),#105,.T.);
#5410=ADVANCED_FACE('',(#4985),#106,.T.);
#5411=ADVANCED_FACE('',(#4986),#107,.T.);
#5412=ADVANCED_FACE('',(#4987),#108,.T.);
#5413=ADVANCED_FACE('',(#4988),#266,.F.);
#5414=ADVANCED_FACE('',(#4989),#267,.T.);
#5415=ADVANCED_FACE('',(#4990),#268,.T.);
#5416=ADVANCED_FACE('',(#4991),#269,.F.);
#5417=ADVANCED_FACE('',(#4992),#109,.T.);
#5418=ADVANCED_FACE('',(#4993),#110,.T.);
#5419=ADVANCED_FACE('',(#4994),#270,.T.);
#5420=ADVANCED_FACE('',(#4995,#4996,#4997),#271,.F.);
#5421=ADVANCED_FACE('',(#4998,#4999),#272,.F.);
#5422=CLOSED_SHELL('',(#5086,#5087,#5088,#5089,#5090,#5091,#5092,#5093,
#5094,#5095,#5096,#5097,#5098,#5099,#5100,#5101,#5102,#5103,#5104,#5105,
#5106,#5107,#5108,#5109,#5110,#5111,#5112,#5113,#5114,#5115,#5116,#5117,
#5118,#5119,#5120,#5121,#5122,#5123,#5124,#5125,#5126,#5127,#5128,#5129,
#5130,#5131,#5132,#5133,#5134,#5135,#5136,#5137,#5138,#5139,#5140,#5141,
#5142,#5143,#5144,#5145,#5146,#5147,#5148,#5149,#5150,#5151,#5152,#5153,
#5154,#5155,#5156,#5157,#5158,#5159,#5160,#5161,#5162,#5163,#5164,#5165,
#5166,#5167,#5168,#5169,#5170,#5171,#5172,#5173,#5174,#5175,#5176,#5177,
#5178,#5179,#5180,#5181,#5182,#5183,#5184,#5185,#5186,#5187,#5188,#5189,
#5190,#5191,#5192,#5193,#5194,#5195,#5196,#5197,#5198,#5199,#5200,#5201,
#5202,#5203,#5204,#5205,#5206,#5207,#5208,#5209,#5210,#5211,#5212,#5213,
#5214,#5215,#5216,#5217,#5218,#5219,#5220,#5221,#5222,#5223,#5224,#5225,
#5226,#5227,#5228,#5229,#5230,#5231,#5232,#5233,#5234,#5235,#5236,#5237,
#5238,#5239,#5240,#5241,#5242,#5243,#5244,#5245,#5246,#5247,#5248,#5249,
#5250,#5251,#5252,#5253,#5254,#5255,#5256,#5257,#5258,#5259,#5260,#5261,
#5262,#5263,#5264,#5265,#5266,#5267,#5268,#5269,#5270,#5271,#5272,#5273,
#5274,#5275,#5276,#5277,#5278,#5279,#5280,#5281,#5282,#5283,#5284,#5285,
#5286,#5287,#5288,#5289,#5290,#5291,#5292,#5293,#5294,#5295,#5296,#5297,
#5298,#5299,#5300,#5301,#5302,#5303,#5304,#5305,#5306,#5307,#5308,#5309,
#5310,#5311,#5312,#5313,#5314,#5315,#5316,#5317,#5318,#5319,#5320,#5321,
#5322,#5323,#5324,#5325,#5326,#5327,#5328,#5329,#5330,#5331,#5332,#5333,
#5334,#5335,#5336,#5337,#5338,#5339,#5340,#5341,#5342,#5343,#5344,#5345,
#5346,#5347,#5348,#5349,#5350,#5351,#5352,#5353,#5354,#5355,#5356,#5357,
#5358,#5359,#5360,#5361,#5362,#5363,#5364,#5365,#5366,#5367,#5368,#5369,
#5370,#5371,#5372,#5373,#5374,#5375,#5376,#5377,#5378,#5379,#5380,#5381,
#5382,#5383,#5384,#5385,#5386,#5387,#5388,#5389,#5390,#5391,#5392,#5393,
#5394,#5395,#5396,#5397,#5398,#5399,#5400,#5401,#5402,#5403,#5404,#5405,
#5406,#5407,#5408,#5409,#5410,#5411,#5412,#5413,#5414,#5415,#5416,#5417,
#5418,#5419,#5420,#5421));
#5423=STYLED_ITEM('',(#5424),#5431);
#5424=PRESENTATION_STYLE_ASSIGNMENT((#5425));
#5425=SURFACE_STYLE_USAGE(.BOTH.,#5426);
#5426=SURFACE_SIDE_STYLE('',(#5427));
#5427=SURFACE_STYLE_FILL_AREA(#5428);
#5428=FILL_AREA_STYLE('',(#5429));
#5429=FILL_AREA_STYLE_COLOUR('',#5430);
#5430=COLOUR_RGB('',0.615686274509804,0.811764705882353,0.929411764705882);
#5431=MANIFOLD_SOLID_BREP('Avionics Bay',#5422);
#5432=SHAPE_DEFINITION_REPRESENTATION(#9696,#5433);
#5433=SHAPE_REPRESENTATION('Avionics Bay',(#5434),#9691);
#5434=AXIS2_PLACEMENT_3D('',#8022,#6171,#6172);
#5435=AXIS2_PLACEMENT_3D('',#8023,#6173,#6174);
#5436=AXIS2_PLACEMENT_3D('',#8024,#6175,#6176);
#5437=AXIS2_PLACEMENT_3D('',#8029,#6178,#6179);
#5438=AXIS2_PLACEMENT_3D('',#8033,#6181,#6182);
#5439=AXIS2_PLACEMENT_3D('',#8037,#6184,#6185);
#5440=AXIS2_PLACEMENT_3D('',#8040,#6187,#6188);
#5441=AXIS2_PLACEMENT_3D('',#8045,#6190,#6191);
#5442=AXIS2_PLACEMENT_3D('',#8049,#6193,#6194);
#5443=AXIS2_PLACEMENT_3D('',#8053,#6196,#6197);
#5444=AXIS2_PLACEMENT_3D('',#8056,#6199,#6200);
#5445=AXIS2_PLACEMENT_3D('',#8061,#6202,#6203);
#5446=AXIS2_PLACEMENT_3D('',#8065,#6205,#6206);
#5447=AXIS2_PLACEMENT_3D('',#8069,#6208,#6209);
#5448=AXIS2_PLACEMENT_3D('',#8072,#6211,#6212);
#5449=AXIS2_PLACEMENT_3D('',#8077,#6214,#6215);
#5450=AXIS2_PLACEMENT_3D('',#8081,#6217,#6218);
#5451=AXIS2_PLACEMENT_3D('',#8085,#6220,#6221);
#5452=AXIS2_PLACEMENT_3D('',#8088,#6223,#6224);
#5453=AXIS2_PLACEMENT_3D('',#8093,#6226,#6227);
#5454=AXIS2_PLACEMENT_3D('',#8097,#6229,#6230);
#5455=AXIS2_PLACEMENT_3D('',#8101,#6232,#6233);
#5456=AXIS2_PLACEMENT_3D('',#8104,#6235,#6236);
#5457=AXIS2_PLACEMENT_3D('',#8109,#6238,#6239);
#5458=AXIS2_PLACEMENT_3D('',#8113,#6241,#6242);
#5459=AXIS2_PLACEMENT_3D('',#8117,#6244,#6245);
#5460=AXIS2_PLACEMENT_3D('',#8120,#6247,#6248);
#5461=AXIS2_PLACEMENT_3D('',#8125,#6250,#6251);
#5462=AXIS2_PLACEMENT_3D('',#8129,#6253,#6254);
#5463=AXIS2_PLACEMENT_3D('',#8133,#6256,#6257);
#5464=AXIS2_PLACEMENT_3D('',#8152,#6267,#6268);
#5465=AXIS2_PLACEMENT_3D('',#8157,#6270,#6271);
#5466=AXIS2_PLACEMENT_3D('',#8161,#6273,#6274);
#5467=AXIS2_PLACEMENT_3D('',#8165,#6276,#6277);
#5468=AXIS2_PLACEMENT_3D('',#8168,#6279,#6280);
#5469=AXIS2_PLACEMENT_3D('',#8173,#6282,#6283);
#5470=AXIS2_PLACEMENT_3D('',#8177,#6285,#6286);
#5471=AXIS2_PLACEMENT_3D('',#8181,#6288,#6289);
#5472=AXIS2_PLACEMENT_3D('',#8184,#6291,#6292);
#5473=AXIS2_PLACEMENT_3D('',#8189,#6294,#6295);
#5474=AXIS2_PLACEMENT_3D('',#8193,#6297,#6298);
#5475=AXIS2_PLACEMENT_3D('',#8197,#6300,#6301);
#5476=AXIS2_PLACEMENT_3D('',#8200,#6303,#6304);
#5477=AXIS2_PLACEMENT_3D('',#8201,#6305,#6306);
#5478=AXIS2_PLACEMENT_3D('',#8206,#6308,#6309);
#5479=AXIS2_PLACEMENT_3D('',#8210,#6311,#6312);
#5480=AXIS2_PLACEMENT_3D('',#8214,#6314,#6315);
#5481=AXIS2_PLACEMENT_3D('',#8217,#6317,#6318);
#5482=AXIS2_PLACEMENT_3D('',#8222,#6320,#6321);
#5483=AXIS2_PLACEMENT_3D('',#8226,#6323,#6324);
#5484=AXIS2_PLACEMENT_3D('',#8230,#6326,#6327);
#5485=AXIS2_PLACEMENT_3D('',#8233,#6329,#6330);
#5486=AXIS2_PLACEMENT_3D('',#8238,#6332,#6333);
#5487=AXIS2_PLACEMENT_3D('',#8242,#6335,#6336);
#5488=AXIS2_PLACEMENT_3D('',#8246,#6338,#6339);
#5489=AXIS2_PLACEMENT_3D('',#8249,#6341,#6342);
#5490=AXIS2_PLACEMENT_3D('',#8254,#6344,#6345);
#5491=AXIS2_PLACEMENT_3D('',#8258,#6347,#6348);
#5492=AXIS2_PLACEMENT_3D('',#8262,#6350,#6351);
#5493=AXIS2_PLACEMENT_3D('',#8265,#6353,#6354);
#5494=AXIS2_PLACEMENT_3D('',#8270,#6356,#6357);
#5495=AXIS2_PLACEMENT_3D('',#8274,#6359,#6360);
#5496=AXIS2_PLACEMENT_3D('',#8278,#6362,#6363);
#5497=AXIS2_PLACEMENT_3D('',#8281,#6365,#6366);
#5498=AXIS2_PLACEMENT_3D('',#8286,#6368,#6369);
#5499=AXIS2_PLACEMENT_3D('',#8290,#6371,#6372);
#5500=AXIS2_PLACEMENT_3D('',#8294,#6374,#6375);
#5501=AXIS2_PLACEMENT_3D('',#8297,#6377,#6378);
#5502=AXIS2_PLACEMENT_3D('',#8302,#6380,#6381);
#5503=AXIS2_PLACEMENT_3D('',#8306,#6383,#6384);
#5504=AXIS2_PLACEMENT_3D('',#8310,#6386,#6387);
#5505=AXIS2_PLACEMENT_3D('',#8361,#6413,#6414);
#5506=AXIS2_PLACEMENT_3D('',#8366,#6416,#6417);
#5507=AXIS2_PLACEMENT_3D('',#8370,#6419,#6420);
#5508=AXIS2_PLACEMENT_3D('',#8374,#6422,#6423);
#5509=AXIS2_PLACEMENT_3D('',#8377,#6425,#6426);
#5510=AXIS2_PLACEMENT_3D('',#8382,#6428,#6429);
#5511=AXIS2_PLACEMENT_3D('',#8386,#6431,#6432);
#5512=AXIS2_PLACEMENT_3D('',#8390,#6434,#6435);
#5513=AXIS2_PLACEMENT_3D('',#8393,#6437,#6438);
#5514=AXIS2_PLACEMENT_3D('',#8398,#6440,#6441);
#5515=AXIS2_PLACEMENT_3D('',#8402,#6443,#6444);
#5516=AXIS2_PLACEMENT_3D('',#8406,#6446,#6447);
#5517=AXIS2_PLACEMENT_3D('',#8409,#6449,#6450);
#5518=AXIS2_PLACEMENT_3D('',#8410,#6451,#6452);
#5519=AXIS2_PLACEMENT_3D('',#8411,#6453,#6454);
#5520=AXIS2_PLACEMENT_3D('',#8416,#6456,#6457);
#5521=AXIS2_PLACEMENT_3D('',#8420,#6459,#6460);
#5522=AXIS2_PLACEMENT_3D('',#8424,#6462,#6463);
#5523=AXIS2_PLACEMENT_3D('',#8427,#6465,#6466);
#5524=AXIS2_PLACEMENT_3D('',#8431,#6468,#6469);
#5525=AXIS2_PLACEMENT_3D('',#8435,#6471,#6472);
#5526=AXIS2_PLACEMENT_3D('',#8436,#6473,#6474);
#5527=AXIS2_PLACEMENT_3D('',#8441,#6476,#6477);
#5528=AXIS2_PLACEMENT_3D('',#8445,#6479,#6480);
#5529=AXIS2_PLACEMENT_3D('',#8449,#6482,#6483);
#5530=AXIS2_PLACEMENT_3D('',#8452,#6485,#6486);
#5531=AXIS2_PLACEMENT_3D('',#8462,#6492,#6493);
#5532=AXIS2_PLACEMENT_3D('',#8466,#6496,#6497);
#5533=AXIS2_PLACEMENT_3D('',#8474,#6502,#6503);
#5534=AXIS2_PLACEMENT_3D('',#8485,#6510,#6511);
#5535=AXIS2_PLACEMENT_3D('',#8491,#6515,#6516);
#5536=AXIS2_PLACEMENT_3D('',#8499,#6521,#6522);
#5537=AXIS2_PLACEMENT_3D('',#8507,#6527,#6528);
#5538=AXIS2_PLACEMENT_3D('',#8518,#6535,#6536);
#5539=AXIS2_PLACEMENT_3D('',#8519,#6537,#6538);
#5540=AXIS2_PLACEMENT_3D('',#8520,#6539,#6540);
#5541=AXIS2_PLACEMENT_3D('',#8525,#6542,#6543);
#5542=AXIS2_PLACEMENT_3D('',#8529,#6545,#6546);
#5543=AXIS2_PLACEMENT_3D('',#8533,#6548,#6549);
#5544=AXIS2_PLACEMENT_3D('',#8536,#6551,#6552);
#5545=AXIS2_PLACEMENT_3D('',#8537,#6553,#6554);
#5546=AXIS2_PLACEMENT_3D('',#8542,#6556,#6557);
#5547=AXIS2_PLACEMENT_3D('',#8546,#6559,#6560);
#5548=AXIS2_PLACEMENT_3D('',#8550,#6562,#6563);
#5549=AXIS2_PLACEMENT_3D('',#8553,#6565,#6566);
#5550=AXIS2_PLACEMENT_3D('',#8555,#6567,#6568);
#5551=AXIS2_PLACEMENT_3D('',#8556,#6569,#6570);
#5552=AXIS2_PLACEMENT_3D('',#8557,#6571,#6572);
#5553=AXIS2_PLACEMENT_3D('',#8558,#6573,#6574);
#5554=AXIS2_PLACEMENT_3D('',#8560,#6576,#6577);
#5555=AXIS2_PLACEMENT_3D('',#8561,#6578,#6579);
#5556=AXIS2_PLACEMENT_3D('',#8563,#6580,#6581);
#5557=AXIS2_PLACEMENT_3D('',#8564,#6582,#6583);
#5558=AXIS2_PLACEMENT_3D('',#8566,#6585,#6586);
#5559=AXIS2_PLACEMENT_3D('',#8567,#6587,#6588);
#5560=AXIS2_PLACEMENT_3D('',#8574,#6592,#6593);
#5561=AXIS2_PLACEMENT_3D('',#8575,#6594,#6595);
#5562=AXIS2_PLACEMENT_3D('',#8582,#6599,#6600);
#5563=AXIS2_PLACEMENT_3D('',#8583,#6601,#6602);
#5564=AXIS2_PLACEMENT_3D('',#8584,#6603,#6604);
#5565=AXIS2_PLACEMENT_3D('',#8585,#6605,#6606);
#5566=AXIS2_PLACEMENT_3D('',#8599,#6607,#6608);
#5567=AXIS2_PLACEMENT_3D('',#8600,#6609,#6610);
#5568=AXIS2_PLACEMENT_3D('',#8601,#6611,#6612);
#5569=AXIS2_PLACEMENT_3D('',#8615,#6613,#6614);
#5570=AXIS2_PLACEMENT_3D('',#8616,#6615,#6616);
#5571=AXIS2_PLACEMENT_3D('',#8617,#6617,#6618);
#5572=AXIS2_PLACEMENT_3D('',#8628,#6619,#6620);
#5573=AXIS2_PLACEMENT_3D('',#8638,#6621,#6622);
#5574=AXIS2_PLACEMENT_3D('',#8648,#6623,#6624);
#5575=AXIS2_PLACEMENT_3D('',#8649,#6625,#6626);
#5576=AXIS2_PLACEMENT_3D('',#8651,#6628,#6629);
#5577=AXIS2_PLACEMENT_3D('',#8653,#6631,#6632);
#5578=AXIS2_PLACEMENT_3D('',#8655,#6634,#6635);
#5579=AXIS2_PLACEMENT_3D('',#8657,#6637,#6638);
#5580=AXIS2_PLACEMENT_3D('',#8658,#6639,#6640);
#5581=AXIS2_PLACEMENT_3D('',#8660,#6642,#6643);
#5582=AXIS2_PLACEMENT_3D('',#8662,#6645,#6646);
#5583=AXIS2_PLACEMENT_3D('',#8664,#6648,#6649);
#5584=AXIS2_PLACEMENT_3D('',#8666,#6651,#6652);
#5585=AXIS2_PLACEMENT_3D('',#8667,#6653,#6654);
#5586=AXIS2_PLACEMENT_3D('',#8676,#6659,#6660);
#5587=AXIS2_PLACEMENT_3D('',#8685,#6665,#6666);
#5588=AXIS2_PLACEMENT_3D('',#8703,#6670,#6671);
#5589=AXIS2_PLACEMENT_3D('',#8712,#6676,#6677);
#5590=AXIS2_PLACEMENT_3D('',#8713,#6678,#6679);
#5591=AXIS2_PLACEMENT_3D('',#8714,#6680,#6681);
#5592=AXIS2_PLACEMENT_3D('',#8715,#6682,#6683);
#5593=AXIS2_PLACEMENT_3D('',#8716,#6684,#6685);
#5594=AXIS2_PLACEMENT_3D('',#8717,#6686,#6687);
#5595=AXIS2_PLACEMENT_3D('',#8718,#6688,#6689);
#5596=AXIS2_PLACEMENT_3D('',#8719,#6690,#6691);
#5597=AXIS2_PLACEMENT_3D('',#8720,#6692,#6693);
#5598=AXIS2_PLACEMENT_3D('',#8721,#6694,#6695);
#5599=AXIS2_PLACEMENT_3D('',#8722,#6696,#6697);
#5600=AXIS2_PLACEMENT_3D('',#8723,#6698,#6699);
#5601=AXIS2_PLACEMENT_3D('',#8724,#6700,#6701);
#5602=AXIS2_PLACEMENT_3D('',#8725,#6702,#6703);
#5603=AXIS2_PLACEMENT_3D('',#8726,#6704,#6705);
#5604=AXIS2_PLACEMENT_3D('',#8727,#6706,#6707);
#5605=AXIS2_PLACEMENT_3D('',#8728,#6708,#6709);
#5606=AXIS2_PLACEMENT_3D('',#8729,#6710,#6711);
#5607=AXIS2_PLACEMENT_3D('',#8730,#6712,#6713);
#5608=AXIS2_PLACEMENT_3D('',#8731,#6714,#6715);
#5609=AXIS2_PLACEMENT_3D('',#8732,#6716,#6717);
#5610=AXIS2_PLACEMENT_3D('',#8733,#6718,#6719);
#5611=AXIS2_PLACEMENT_3D('',#8734,#6720,#6721);
#5612=AXIS2_PLACEMENT_3D('',#8735,#6722,#6723);
#5613=AXIS2_PLACEMENT_3D('',#8736,#6724,#6725);
#5614=AXIS2_PLACEMENT_3D('',#8737,#6726,#6727);
#5615=AXIS2_PLACEMENT_3D('',#8738,#6728,#6729);
#5616=AXIS2_PLACEMENT_3D('',#8739,#6730,#6731);
#5617=AXIS2_PLACEMENT_3D('',#8740,#6732,#6733);
#5618=AXIS2_PLACEMENT_3D('',#8741,#6734,#6735);
#5619=AXIS2_PLACEMENT_3D('',#8742,#6736,#6737);
#5620=AXIS2_PLACEMENT_3D('',#8743,#6738,#6739);
#5621=AXIS2_PLACEMENT_3D('',#8744,#6740,#6741);
#5622=AXIS2_PLACEMENT_3D('',#8745,#6742,#6743);
#5623=AXIS2_PLACEMENT_3D('',#8746,#6744,#6745);
#5624=AXIS2_PLACEMENT_3D('',#8747,#6746,#6747);
#5625=AXIS2_PLACEMENT_3D('',#8748,#6748,#6749);
#5626=AXIS2_PLACEMENT_3D('',#8749,#6750,#6751);
#5627=AXIS2_PLACEMENT_3D('',#8750,#6752,#6753);
#5628=AXIS2_PLACEMENT_3D('',#8751,#6754,#6755);
#5629=AXIS2_PLACEMENT_3D('',#8752,#6756,#6757);
#5630=AXIS2_PLACEMENT_3D('',#8753,#6758,#6759);
#5631=AXIS2_PLACEMENT_3D('',#8756,#6762,#6763);
#5632=AXIS2_PLACEMENT_3D('',#8758,#6765,#6766);
#5633=AXIS2_PLACEMENT_3D('',#8760,#6768,#6769);
#5634=AXIS2_PLACEMENT_3D('',#8761,#6770,#6771);
#5635=AXIS2_PLACEMENT_3D('',#8763,#6773,#6774);
#5636=AXIS2_PLACEMENT_3D('',#8764,#6775,#6776);
#5637=AXIS2_PLACEMENT_3D('',#8766,#6778,#6779);
#5638=AXIS2_PLACEMENT_3D('',#8767,#6780,#6781);
#5639=AXIS2_PLACEMENT_3D('',#8776,#6786,#6787);
#5640=AXIS2_PLACEMENT_3D('',#8777,#6788,#6789);
#5641=AXIS2_PLACEMENT_3D('',#8787,#6794,#6795);
#5642=AXIS2_PLACEMENT_3D('',#8796,#6800,#6801);
#5643=AXIS2_PLACEMENT_3D('',#8797,#6802,#6803);
#5644=AXIS2_PLACEMENT_3D('',#8807,#6808,#6809);
#5645=AXIS2_PLACEMENT_3D('',#8808,#6810,#6811);
#5646=AXIS2_PLACEMENT_3D('',#8809,#6812,#6813);
#5647=AXIS2_PLACEMENT_3D('',#8810,#6814,#6815);
#5648=AXIS2_PLACEMENT_3D('',#8811,#6816,#6817);
#5649=AXIS2_PLACEMENT_3D('',#8812,#6818,#6819);
#5650=AXIS2_PLACEMENT_3D('',#8813,#6820,#6821);
#5651=AXIS2_PLACEMENT_3D('',#8814,#6822,#6823);
#5652=AXIS2_PLACEMENT_3D('',#8815,#6824,#6825);
#5653=AXIS2_PLACEMENT_3D('',#8816,#6826,#6827);
#5654=AXIS2_PLACEMENT_3D('',#8817,#6828,#6829);
#5655=AXIS2_PLACEMENT_3D('',#8818,#6830,#6831);
#5656=AXIS2_PLACEMENT_3D('',#8819,#6832,#6833);
#5657=AXIS2_PLACEMENT_3D('',#8820,#6834,#6835);
#5658=AXIS2_PLACEMENT_3D('',#8821,#6836,#6837);
#5659=AXIS2_PLACEMENT_3D('',#8822,#6838,#6839);
#5660=AXIS2_PLACEMENT_3D('',#8823,#6840,#6841);
#5661=AXIS2_PLACEMENT_3D('',#8824,#6842,#6843);
#5662=AXIS2_PLACEMENT_3D('',#8825,#6844,#6845);
#5663=AXIS2_PLACEMENT_3D('',#8826,#6846,#6847);
#5664=AXIS2_PLACEMENT_3D('',#8827,#6848,#6849);
#5665=AXIS2_PLACEMENT_3D('',#8828,#6850,#6851);
#5666=AXIS2_PLACEMENT_3D('',#8829,#6852,#6853);
#5667=AXIS2_PLACEMENT_3D('',#8830,#6854,#6855);
#5668=AXIS2_PLACEMENT_3D('',#8831,#6856,#6857);
#5669=AXIS2_PLACEMENT_3D('',#8832,#6858,#6859);
#5670=AXIS2_PLACEMENT_3D('',#8833,#6860,#6861);
#5671=AXIS2_PLACEMENT_3D('',#8834,#6862,#6863);
#5672=AXIS2_PLACEMENT_3D('',#8835,#6864,#6865);
#5673=AXIS2_PLACEMENT_3D('',#8836,#6866,#6867);
#5674=AXIS2_PLACEMENT_3D('',#8837,#6868,#6869);
#5675=AXIS2_PLACEMENT_3D('',#8838,#6870,#6871);
#5676=AXIS2_PLACEMENT_3D('',#8839,#6872,#6873);
#5677=AXIS2_PLACEMENT_3D('',#8840,#6874,#6875);
#5678=AXIS2_PLACEMENT_3D('',#8841,#6876,#6877);
#5679=AXIS2_PLACEMENT_3D('',#8842,#6878,#6879);
#5680=AXIS2_PLACEMENT_3D('',#8843,#6880,#6881);
#5681=AXIS2_PLACEMENT_3D('',#8844,#6882,#6883);
#5682=AXIS2_PLACEMENT_3D('',#8845,#6884,#6885);
#5683=AXIS2_PLACEMENT_3D('',#8846,#6886,#6887);
#5684=AXIS2_PLACEMENT_3D('',#8847,#6888,#6889);
#5685=AXIS2_PLACEMENT_3D('',#8848,#6890,#6891);
#5686=AXIS2_PLACEMENT_3D('',#8849,#6892,#6893);
#5687=AXIS2_PLACEMENT_3D('',#8850,#6894,#6895);
#5688=AXIS2_PLACEMENT_3D('',#8851,#6896,#6897);
#5689=AXIS2_PLACEMENT_3D('',#8888,#6898,#6899);
#5690=AXIS2_PLACEMENT_3D('',#8897,#6904,#6905);
#5691=AXIS2_PLACEMENT_3D('',#8906,#6910,#6911);
#5692=AXIS2_PLACEMENT_3D('',#8915,#6916,#6917);
#5693=AXIS2_PLACEMENT_3D('',#8924,#6922,#6923);
#5694=AXIS2_PLACEMENT_3D('',#8933,#6928,#6929);
#5695=AXIS2_PLACEMENT_3D('',#8942,#6934,#6935);
#5696=AXIS2_PLACEMENT_3D('',#8951,#6940,#6941);
#5697=AXIS2_PLACEMENT_3D('',#8960,#6946,#6947);
#5698=AXIS2_PLACEMENT_3D('',#8969,#6952,#6953);
#5699=AXIS2_PLACEMENT_3D('',#8978,#6958,#6959);
#5700=AXIS2_PLACEMENT_3D('',#8987,#6964,#6965);
#5701=AXIS2_PLACEMENT_3D('',#8996,#6970,#6971);
#5702=AXIS2_PLACEMENT_3D('',#9005,#6976,#6977);
#5703=AXIS2_PLACEMENT_3D('',#9014,#6982,#6983);
#5704=AXIS2_PLACEMENT_3D('',#9023,#6988,#6989);
#5705=AXIS2_PLACEMENT_3D('',#9032,#6994,#6995);
#5706=AXIS2_PLACEMENT_3D('',#9041,#7000,#7001);
#5707=AXIS2_PLACEMENT_3D('',#9050,#7006,#7007);
#5708=AXIS2_PLACEMENT_3D('',#9059,#7012,#7013);
#5709=AXIS2_PLACEMENT_3D('',#9068,#7018,#7019);
#5710=AXIS2_PLACEMENT_3D('',#9077,#7024,#7025);
#5711=AXIS2_PLACEMENT_3D('',#9086,#7030,#7031);
#5712=AXIS2_PLACEMENT_3D('',#9095,#7036,#7037);
#5713=AXIS2_PLACEMENT_3D('',#9104,#7042,#7043);
#5714=AXIS2_PLACEMENT_3D('',#9113,#7048,#7049);
#5715=AXIS2_PLACEMENT_3D('',#9122,#7054,#7055);
#5716=AXIS2_PLACEMENT_3D('',#9131,#7060,#7061);
#5717=AXIS2_PLACEMENT_3D('',#9140,#7066,#7067);
#5718=AXIS2_PLACEMENT_3D('',#9149,#7072,#7073);
#5719=AXIS2_PLACEMENT_3D('',#9158,#7078,#7079);
#5720=AXIS2_PLACEMENT_3D('',#9167,#7084,#7085);
#5721=AXIS2_PLACEMENT_3D('',#9176,#7090,#7091);
#5722=AXIS2_PLACEMENT_3D('',#9185,#7096,#7097);
#5723=AXIS2_PLACEMENT_3D('',#9194,#7102,#7103);
#5724=AXIS2_PLACEMENT_3D('',#9203,#7108,#7109);
#5725=AXIS2_PLACEMENT_3D('',#9212,#7114,#7115);
#5726=AXIS2_PLACEMENT_3D('',#9221,#7120,#7121);
#5727=AXIS2_PLACEMENT_3D('',#9230,#7126,#7127);
#5728=AXIS2_PLACEMENT_3D('',#9239,#7132,#7133);
#5729=AXIS2_PLACEMENT_3D('',#9248,#7138,#7139);
#5730=AXIS2_PLACEMENT_3D('',#9249,#7140,#7141);
#5731=AXIS2_PLACEMENT_3D('',#9250,#7142,#7143);
#5732=AXIS2_PLACEMENT_3D('',#9251,#7144,#7145);
#5733=AXIS2_PLACEMENT_3D('',#9252,#7146,#7147);
#5734=AXIS2_PLACEMENT_3D('',#9253,#7148,#7149);
#5735=AXIS2_PLACEMENT_3D('',#9254,#7150,#7151);
#5736=AXIS2_PLACEMENT_3D('',#9255,#7152,#7153);
#5737=AXIS2_PLACEMENT_3D('',#9256,#7154,#7155);
#5738=AXIS2_PLACEMENT_3D('',#9257,#7156,#7157);
#5739=AXIS2_PLACEMENT_3D('',#9258,#7158,#7159);
#5740=AXIS2_PLACEMENT_3D('',#9259,#7160,#7161);
#5741=AXIS2_PLACEMENT_3D('',#9260,#7162,#7163);
#5742=AXIS2_PLACEMENT_3D('',#9261,#7164,#7165);
#5743=AXIS2_PLACEMENT_3D('',#9262,#7166,#7167);
#5744=AXIS2_PLACEMENT_3D('',#9263,#7168,#7169);
#5745=AXIS2_PLACEMENT_3D('',#9264,#7170,#7171);
#5746=AXIS2_PLACEMENT_3D('',#9265,#7172,#7173);
#5747=AXIS2_PLACEMENT_3D('',#9266,#7174,#7175);
#5748=AXIS2_PLACEMENT_3D('',#9267,#7176,#7177);
#5749=AXIS2_PLACEMENT_3D('',#9268,#7178,#7179);
#5750=AXIS2_PLACEMENT_3D('',#9269,#7180,#7181);
#5751=AXIS2_PLACEMENT_3D('',#9270,#7182,#7183);
#5752=AXIS2_PLACEMENT_3D('',#9271,#7184,#7185);
#5753=AXIS2_PLACEMENT_3D('',#9272,#7186,#7187);
#5754=AXIS2_PLACEMENT_3D('',#9273,#7188,#7189);
#5755=AXIS2_PLACEMENT_3D('',#9274,#7190,#7191);
#5756=AXIS2_PLACEMENT_3D('',#9275,#7192,#7193);
#5757=AXIS2_PLACEMENT_3D('',#9276,#7194,#7195);
#5758=AXIS2_PLACEMENT_3D('',#9277,#7196,#7197);
#5759=AXIS2_PLACEMENT_3D('',#9278,#7198,#7199);
#5760=AXIS2_PLACEMENT_3D('',#9279,#7200,#7201);
#5761=AXIS2_PLACEMENT_3D('',#9280,#7202,#7203);
#5762=AXIS2_PLACEMENT_3D('',#9281,#7204,#7205);
#5763=AXIS2_PLACEMENT_3D('',#9282,#7206,#7207);
#5764=AXIS2_PLACEMENT_3D('',#9283,#7208,#7209);
#5765=AXIS2_PLACEMENT_3D('',#9284,#7210,#7211);
#5766=AXIS2_PLACEMENT_3D('',#9285,#7212,#7213);
#5767=AXIS2_PLACEMENT_3D('',#9286,#7214,#7215);
#5768=AXIS2_PLACEMENT_3D('',#9287,#7216,#7217);
#5769=AXIS2_PLACEMENT_3D('',#9288,#7218,#7219);
#5770=AXIS2_PLACEMENT_3D('',#9289,#7220,#7221);
#5771=AXIS2_PLACEMENT_3D('',#9290,#7222,#7223);
#5772=AXIS2_PLACEMENT_3D('',#9291,#7224,#7225);
#5773=AXIS2_PLACEMENT_3D('',#9292,#7226,#7227);
#5774=AXIS2_PLACEMENT_3D('',#9293,#7228,#7229);
#5775=AXIS2_PLACEMENT_3D('',#9294,#7230,#7231);
#5776=AXIS2_PLACEMENT_3D('',#9295,#7232,#7233);
#5777=AXIS2_PLACEMENT_3D('',#9296,#7234,#7235);
#5778=AXIS2_PLACEMENT_3D('',#9297,#7236,#7237);
#5779=AXIS2_PLACEMENT_3D('',#9298,#7238,#7239);
#5780=AXIS2_PLACEMENT_3D('',#9299,#7240,#7241);
#5781=AXIS2_PLACEMENT_3D('',#9300,#7242,#7243);
#5782=AXIS2_PLACEMENT_3D('',#9301,#7244,#7245);
#5783=AXIS2_PLACEMENT_3D('',#9302,#7246,#7247);
#5784=AXIS2_PLACEMENT_3D('',#9303,#7248,#7249);
#5785=AXIS2_PLACEMENT_3D('',#9304,#7250,#7251);
#5786=AXIS2_PLACEMENT_3D('',#9305,#7252,#7253);
#5787=AXIS2_PLACEMENT_3D('',#9306,#7254,#7255);
#5788=AXIS2_PLACEMENT_3D('',#9307,#7256,#7257);
#5789=AXIS2_PLACEMENT_3D('',#9308,#7258,#7259);
#5790=AXIS2_PLACEMENT_3D('',#9309,#7260,#7261);
#5791=AXIS2_PLACEMENT_3D('',#9310,#7262,#7263);
#5792=AXIS2_PLACEMENT_3D('',#9311,#7264,#7265);
#5793=AXIS2_PLACEMENT_3D('',#9312,#7266,#7267);
#5794=AXIS2_PLACEMENT_3D('',#9313,#7268,#7269);
#5795=AXIS2_PLACEMENT_3D('',#9314,#7270,#7271);
#5796=AXIS2_PLACEMENT_3D('',#9315,#7272,#7273);
#5797=AXIS2_PLACEMENT_3D('',#9316,#7274,#7275);
#5798=AXIS2_PLACEMENT_3D('',#9317,#7276,#7277);
#5799=AXIS2_PLACEMENT_3D('',#9318,#7278,#7279);
#5800=AXIS2_PLACEMENT_3D('',#9319,#7280,#7281);
#5801=AXIS2_PLACEMENT_3D('',#9320,#7282,#7283);
#5802=AXIS2_PLACEMENT_3D('',#9321,#7284,#7285);
#5803=AXIS2_PLACEMENT_3D('',#9322,#7286,#7287);
#5804=AXIS2_PLACEMENT_3D('',#9323,#7288,#7289);
#5805=AXIS2_PLACEMENT_3D('',#9324,#7290,#7291);
#5806=AXIS2_PLACEMENT_3D('',#9325,#7292,#7293);
#5807=AXIS2_PLACEMENT_3D('',#9326,#7294,#7295);
#5808=AXIS2_PLACEMENT_3D('',#9327,#7296,#7297);
#5809=AXIS2_PLACEMENT_3D('',#9328,#7298,#7299);
#5810=AXIS2_PLACEMENT_3D('',#9329,#7300,#7301);
#5811=AXIS2_PLACEMENT_3D('',#9330,#7302,#7303);
#5812=AXIS2_PLACEMENT_3D('',#9331,#7304,#7305);
#5813=AXIS2_PLACEMENT_3D('',#9332,#7306,#7307);
#5814=AXIS2_PLACEMENT_3D('',#9333,#7308,#7309);
#5815=AXIS2_PLACEMENT_3D('',#9334,#7310,#7311);
#5816=AXIS2_PLACEMENT_3D('',#9335,#7312,#7313);
#5817=AXIS2_PLACEMENT_3D('',#9336,#7314,#7315);
#5818=AXIS2_PLACEMENT_3D('',#9337,#7316,#7317);
#5819=AXIS2_PLACEMENT_3D('',#9338,#7318,#7319);
#5820=AXIS2_PLACEMENT_3D('',#9339,#7320,#7321);
#5821=AXIS2_PLACEMENT_3D('',#9340,#7322,#7323);
#5822=AXIS2_PLACEMENT_3D('',#9341,#7324,#7325);
#5823=AXIS2_PLACEMENT_3D('',#9342,#7326,#7327);
#5824=AXIS2_PLACEMENT_3D('',#9343,#7328,#7329);
#5825=AXIS2_PLACEMENT_3D('',#9344,#7330,#7331);
#5826=AXIS2_PLACEMENT_3D('',#9345,#7332,#7333);
#5827=AXIS2_PLACEMENT_3D('',#9346,#7334,#7335);
#5828=AXIS2_PLACEMENT_3D('',#9347,#7336,#7337);
#5829=AXIS2_PLACEMENT_3D('',#9348,#7338,#7339);
#5830=AXIS2_PLACEMENT_3D('',#9349,#7340,#7341);
#5831=AXIS2_PLACEMENT_3D('',#9350,#7342,#7343);
#5832=AXIS2_PLACEMENT_3D('',#9351,#7344,#7345);
#5833=AXIS2_PLACEMENT_3D('',#9352,#7346,#7347);
#5834=AXIS2_PLACEMENT_3D('',#9353,#7348,#7349);
#5835=AXIS2_PLACEMENT_3D('',#9354,#7350,#7351);
#5836=AXIS2_PLACEMENT_3D('',#9355,#7352,#7353);
#5837=AXIS2_PLACEMENT_3D('',#9356,#7354,#7355);
#5838=AXIS2_PLACEMENT_3D('',#9357,#7356,#7357);
#5839=AXIS2_PLACEMENT_3D('',#9358,#7358,#7359);
#5840=AXIS2_PLACEMENT_3D('',#9359,#7360,#7361);
#5841=AXIS2_PLACEMENT_3D('',#9360,#7362,#7363);
#5842=AXIS2_PLACEMENT_3D('',#9361,#7364,#7365);
#5843=AXIS2_PLACEMENT_3D('',#9362,#7366,#7367);
#5844=AXIS2_PLACEMENT_3D('',#9363,#7368,#7369);
#5845=AXIS2_PLACEMENT_3D('',#9364,#7370,#7371);
#5846=AXIS2_PLACEMENT_3D('',#9365,#7372,#7373);
#5847=AXIS2_PLACEMENT_3D('',#9366,#7374,#7375);
#5848=AXIS2_PLACEMENT_3D('',#9367,#7376,#7377);
#5849=AXIS2_PLACEMENT_3D('',#9368,#7378,#7379);
#5850=AXIS2_PLACEMENT_3D('',#9369,#7380,#7381);
#5851=AXIS2_PLACEMENT_3D('',#9370,#7382,#7383);
#5852=AXIS2_PLACEMENT_3D('',#9371,#7384,#7385);
#5853=AXIS2_PLACEMENT_3D('',#9372,#7386,#7387);
#5854=AXIS2_PLACEMENT_3D('',#9373,#7388,#7389);
#5855=AXIS2_PLACEMENT_3D('',#9374,#7390,#7391);
#5856=AXIS2_PLACEMENT_3D('',#9375,#7392,#7393);
#5857=AXIS2_PLACEMENT_3D('',#9376,#7394,#7395);
#5858=AXIS2_PLACEMENT_3D('',#9377,#7396,#7397);
#5859=AXIS2_PLACEMENT_3D('',#9378,#7398,#7399);
#5860=AXIS2_PLACEMENT_3D('',#9379,#7400,#7401);
#5861=AXIS2_PLACEMENT_3D('',#9380,#7402,#7403);
#5862=AXIS2_PLACEMENT_3D('',#9381,#7404,#7405);
#5863=AXIS2_PLACEMENT_3D('',#9382,#7406,#7407);
#5864=AXIS2_PLACEMENT_3D('',#9383,#7408,#7409);
#5865=AXIS2_PLACEMENT_3D('',#9384,#7410,#7411);
#5866=AXIS2_PLACEMENT_3D('',#9385,#7412,#7413);
#5867=AXIS2_PLACEMENT_3D('',#9386,#7414,#7415);
#5868=AXIS2_PLACEMENT_3D('',#9387,#7416,#7417);
#5869=AXIS2_PLACEMENT_3D('',#9388,#7418,#7419);
#5870=AXIS2_PLACEMENT_3D('',#9389,#7420,#7421);
#5871=AXIS2_PLACEMENT_3D('',#9390,#7422,#7423);
#5872=AXIS2_PLACEMENT_3D('',#9391,#7424,#7425);
#5873=AXIS2_PLACEMENT_3D('',#9392,#7426,#7427);
#5874=AXIS2_PLACEMENT_3D('',#9393,#7428,#7429);
#5875=AXIS2_PLACEMENT_3D('',#9394,#7430,#7431);
#5876=AXIS2_PLACEMENT_3D('',#9395,#7432,#7433);
#5877=AXIS2_PLACEMENT_3D('',#9396,#7434,#7435);
#5878=AXIS2_PLACEMENT_3D('',#9397,#7436,#7437);
#5879=AXIS2_PLACEMENT_3D('',#9398,#7438,#7439);
#5880=AXIS2_PLACEMENT_3D('',#9399,#7440,#7441);
#5881=AXIS2_PLACEMENT_3D('',#9400,#7442,#7443);
#5882=AXIS2_PLACEMENT_3D('',#9401,#7444,#7445);
#5883=AXIS2_PLACEMENT_3D('',#9402,#7446,#7447);
#5884=AXIS2_PLACEMENT_3D('',#9403,#7448,#7449);
#5885=AXIS2_PLACEMENT_3D('',#9404,#7450,#7451);
#5886=AXIS2_PLACEMENT_3D('',#9405,#7452,#7453);
#5887=AXIS2_PLACEMENT_3D('',#9406,#7454,#7455);
#5888=AXIS2_PLACEMENT_3D('',#9407,#7456,#7457);
#5889=AXIS2_PLACEMENT_3D('',#9408,#7458,#7459);
#5890=AXIS2_PLACEMENT_3D('',#9409,#7460,#7461);
#5891=AXIS2_PLACEMENT_3D('',#9410,#7462,#7463);
#5892=AXIS2_PLACEMENT_3D('',#9411,#7464,#7465);
#5893=AXIS2_PLACEMENT_3D('',#9412,#7466,#7467);
#5894=AXIS2_PLACEMENT_3D('',#9413,#7468,#7469);
#5895=AXIS2_PLACEMENT_3D('',#9414,#7470,#7471);
#5896=AXIS2_PLACEMENT_3D('',#9415,#7472,#7473);
#5897=AXIS2_PLACEMENT_3D('',#9416,#7474,#7475);
#5898=AXIS2_PLACEMENT_3D('',#9417,#7476,#7477);
#5899=AXIS2_PLACEMENT_3D('',#9418,#7478,#7479);
#5900=AXIS2_PLACEMENT_3D('',#9419,#7480,#7481);
#5901=AXIS2_PLACEMENT_3D('',#9420,#7482,#7483);
#5902=AXIS2_PLACEMENT_3D('',#9421,#7484,#7485);
#5903=AXIS2_PLACEMENT_3D('',#9422,#7486,#7487);
#5904=AXIS2_PLACEMENT_3D('',#9423,#7488,#7489);
#5905=AXIS2_PLACEMENT_3D('',#9424,#7490,#7491);
#5906=AXIS2_PLACEMENT_3D('',#9425,#7492,#7493);
#5907=AXIS2_PLACEMENT_3D('',#9426,#7494,#7495);
#5908=AXIS2_PLACEMENT_3D('',#9427,#7496,#7497);
#5909=AXIS2_PLACEMENT_3D('',#9428,#7498,#7499);
#5910=AXIS2_PLACEMENT_3D('',#9429,#7500,#7501);
#5911=AXIS2_PLACEMENT_3D('',#9430,#7502,#7503);
#5912=AXIS2_PLACEMENT_3D('',#9431,#7504,#7505);
#5913=AXIS2_PLACEMENT_3D('',#9432,#7506,#7507);
#5914=AXIS2_PLACEMENT_3D('',#9433,#7508,#7509);
#5915=AXIS2_PLACEMENT_3D('',#9434,#7510,#7511);
#5916=AXIS2_PLACEMENT_3D('',#9435,#7512,#7513);
#5917=AXIS2_PLACEMENT_3D('',#9436,#7514,#7515);
#5918=AXIS2_PLACEMENT_3D('',#9437,#7516,#7517);
#5919=AXIS2_PLACEMENT_3D('',#9438,#7518,#7519);
#5920=AXIS2_PLACEMENT_3D('',#9439,#7520,#7521);
#5921=AXIS2_PLACEMENT_3D('',#9440,#7522,#7523);
#5922=AXIS2_PLACEMENT_3D('',#9441,#7524,#7525);
#5923=AXIS2_PLACEMENT_3D('',#9442,#7526,#7527);
#5924=AXIS2_PLACEMENT_3D('',#9443,#7528,#7529);
#5925=AXIS2_PLACEMENT_3D('',#9444,#7530,#7531);
#5926=AXIS2_PLACEMENT_3D('',#9445,#7532,#7533);
#5927=AXIS2_PLACEMENT_3D('',#9446,#7534,#7535);
#5928=AXIS2_PLACEMENT_3D('',#9447,#7536,#7537);
#5929=AXIS2_PLACEMENT_3D('',#9448,#7538,#7539);
#5930=AXIS2_PLACEMENT_3D('',#9449,#7540,#7541);
#5931=AXIS2_PLACEMENT_3D('',#9450,#7542,#7543);
#5932=AXIS2_PLACEMENT_3D('',#9451,#7544,#7545);
#5933=AXIS2_PLACEMENT_3D('',#9452,#7546,#7547);
#5934=AXIS2_PLACEMENT_3D('',#9453,#7548,#7549);
#5935=AXIS2_PLACEMENT_3D('',#9454,#7550,#7551);
#5936=AXIS2_PLACEMENT_3D('',#9455,#7552,#7553);
#5937=AXIS2_PLACEMENT_3D('',#9456,#7554,#7555);
#5938=AXIS2_PLACEMENT_3D('',#9457,#7556,#7557);
#5939=AXIS2_PLACEMENT_3D('',#9458,#7558,#7559);
#5940=AXIS2_PLACEMENT_3D('',#9459,#7560,#7561);
#5941=AXIS2_PLACEMENT_3D('',#9460,#7562,#7563);
#5942=AXIS2_PLACEMENT_3D('',#9461,#7564,#7565);
#5943=AXIS2_PLACEMENT_3D('',#9462,#7566,#7567);
#5944=AXIS2_PLACEMENT_3D('',#9463,#7568,#7569);
#5945=AXIS2_PLACEMENT_3D('',#9464,#7570,#7571);
#5946=AXIS2_PLACEMENT_3D('',#9465,#7572,#7573);
#5947=AXIS2_PLACEMENT_3D('',#9466,#7574,#7575);
#5948=AXIS2_PLACEMENT_3D('',#9467,#7576,#7577);
#5949=AXIS2_PLACEMENT_3D('',#9468,#7578,#7579);
#5950=AXIS2_PLACEMENT_3D('',#9469,#7580,#7581);
#5951=AXIS2_PLACEMENT_3D('',#9470,#7582,#7583);
#5952=AXIS2_PLACEMENT_3D('',#9471,#7584,#7585);
#5953=AXIS2_PLACEMENT_3D('',#9472,#7586,#7587);
#5954=AXIS2_PLACEMENT_3D('',#9473,#7588,#7589);
#5955=AXIS2_PLACEMENT_3D('',#9474,#7590,#7591);
#5956=AXIS2_PLACEMENT_3D('',#9475,#7592,#7593);
#5957=AXIS2_PLACEMENT_3D('',#9476,#7594,#7595);
#5958=AXIS2_PLACEMENT_3D('',#9477,#7596,#7597);
#5959=AXIS2_PLACEMENT_3D('',#9478,#7598,#7599);
#5960=AXIS2_PLACEMENT_3D('',#9479,#7600,#7601);
#5961=AXIS2_PLACEMENT_3D('',#9480,#7602,#7603);
#5962=AXIS2_PLACEMENT_3D('',#9481,#7604,#7605);
#5963=AXIS2_PLACEMENT_3D('',#9482,#7606,#7607);
#5964=AXIS2_PLACEMENT_3D('',#9483,#7608,#7609);
#5965=AXIS2_PLACEMENT_3D('',#9484,#7610,#7611);
#5966=AXIS2_PLACEMENT_3D('',#9485,#7612,#7613);
#5967=AXIS2_PLACEMENT_3D('',#9486,#7614,#7615);
#5968=AXIS2_PLACEMENT_3D('',#9487,#7616,#7617);
#5969=AXIS2_PLACEMENT_3D('',#9488,#7618,#7619);
#5970=AXIS2_PLACEMENT_3D('',#9489,#7620,#7621);
#5971=AXIS2_PLACEMENT_3D('',#9490,#7622,#7623);
#5972=AXIS2_PLACEMENT_3D('',#9491,#7624,#7625);
#5973=AXIS2_PLACEMENT_3D('',#9492,#7626,#7627);
#5974=AXIS2_PLACEMENT_3D('',#9493,#7628,#7629);
#5975=AXIS2_PLACEMENT_3D('',#9494,#7630,#7631);
#5976=AXIS2_PLACEMENT_3D('',#9495,#7632,#7633);
#5977=AXIS2_PLACEMENT_3D('',#9496,#7634,#7635);
#5978=AXIS2_PLACEMENT_3D('',#9497,#7636,#7637);
#5979=AXIS2_PLACEMENT_3D('',#9498,#7638,#7639);
#5980=AXIS2_PLACEMENT_3D('',#9499,#7640,#7641);
#5981=AXIS2_PLACEMENT_3D('',#9500,#7642,#7643);
#5982=AXIS2_PLACEMENT_3D('',#9501,#7644,#7645);
#5983=AXIS2_PLACEMENT_3D('',#9502,#7646,#7647);
#5984=AXIS2_PLACEMENT_3D('',#9503,#7648,#7649);
#5985=AXIS2_PLACEMENT_3D('',#9504,#7650,#7651);
#5986=AXIS2_PLACEMENT_3D('',#9505,#7652,#7653);
#5987=AXIS2_PLACEMENT_3D('',#9506,#7654,#7655);
#5988=AXIS2_PLACEMENT_3D('',#9507,#7656,#7657);
#5989=AXIS2_PLACEMENT_3D('',#9508,#7658,#7659);
#5990=AXIS2_PLACEMENT_3D('',#9509,#7660,#7661);
#5991=AXIS2_PLACEMENT_3D('',#9510,#7662,#7663);
#5992=AXIS2_PLACEMENT_3D('',#9511,#7664,#7665);
#5993=AXIS2_PLACEMENT_3D('',#9512,#7666,#7667);
#5994=AXIS2_PLACEMENT_3D('',#9513,#7668,#7669);
#5995=AXIS2_PLACEMENT_3D('',#9514,#7670,#7671);
#5996=AXIS2_PLACEMENT_3D('',#9515,#7672,#7673);
#5997=AXIS2_PLACEMENT_3D('',#9516,#7674,#7675);
#5998=AXIS2_PLACEMENT_3D('',#9517,#7676,#7677);
#5999=AXIS2_PLACEMENT_3D('',#9518,#7678,#7679);
#6000=AXIS2_PLACEMENT_3D('',#9519,#7680,#7681);
#6001=AXIS2_PLACEMENT_3D('',#9520,#7682,#7683);
#6002=AXIS2_PLACEMENT_3D('',#9521,#7684,#7685);
#6003=AXIS2_PLACEMENT_3D('',#9522,#7686,#7687);
#6004=AXIS2_PLACEMENT_3D('',#9523,#7688,#7689);
#6005=AXIS2_PLACEMENT_3D('',#9524,#7690,#7691);
#6006=AXIS2_PLACEMENT_3D('',#9525,#7692,#7693);
#6007=AXIS2_PLACEMENT_3D('',#9526,#7694,#7695);
#6008=AXIS2_PLACEMENT_3D('',#9527,#7696,#7697);
#6009=AXIS2_PLACEMENT_3D('',#9528,#7698,#7699);
#6010=AXIS2_PLACEMENT_3D('',#9529,#7700,#7701);
#6011=AXIS2_PLACEMENT_3D('',#9530,#7702,#7703);
#6012=AXIS2_PLACEMENT_3D('',#9531,#7704,#7705);
#6013=AXIS2_PLACEMENT_3D('',#9532,#7706,#7707);
#6014=AXIS2_PLACEMENT_3D('',#9533,#7708,#7709);
#6015=AXIS2_PLACEMENT_3D('',#9534,#7710,#7711);
#6016=AXIS2_PLACEMENT_3D('',#9535,#7712,#7713);
#6017=AXIS2_PLACEMENT_3D('',#9536,#7714,#7715);
#6018=AXIS2_PLACEMENT_3D('',#9537,#7716,#7717);
#6019=AXIS2_PLACEMENT_3D('',#9538,#7718,#7719);
#6020=AXIS2_PLACEMENT_3D('',#9539,#7720,#7721);
#6021=AXIS2_PLACEMENT_3D('',#9540,#7722,#7723);
#6022=AXIS2_PLACEMENT_3D('',#9541,#7724,#7725);
#6023=AXIS2_PLACEMENT_3D('',#9542,#7726,#7727);
#6024=AXIS2_PLACEMENT_3D('',#9543,#7728,#7729);
#6025=AXIS2_PLACEMENT_3D('',#9544,#7730,#7731);
#6026=AXIS2_PLACEMENT_3D('',#9545,#7732,#7733);
#6027=AXIS2_PLACEMENT_3D('',#9546,#7734,#7735);
#6028=AXIS2_PLACEMENT_3D('',#9547,#7736,#7737);
#6029=AXIS2_PLACEMENT_3D('',#9548,#7738,#7739);
#6030=AXIS2_PLACEMENT_3D('',#9549,#7740,#7741);
#6031=AXIS2_PLACEMENT_3D('',#9550,#7742,#7743);
#6032=AXIS2_PLACEMENT_3D('',#9551,#7744,#7745);
#6033=AXIS2_PLACEMENT_3D('',#9552,#7746,#7747);
#6034=AXIS2_PLACEMENT_3D('',#9553,#7748,#7749);
#6035=AXIS2_PLACEMENT_3D('',#9554,#7750,#7751);
#6036=AXIS2_PLACEMENT_3D('',#9555,#7752,#7753);
#6037=AXIS2_PLACEMENT_3D('',#9556,#7754,#7755);
#6038=AXIS2_PLACEMENT_3D('',#9557,#7756,#7757);
#6039=AXIS2_PLACEMENT_3D('',#9558,#7758,#7759);
#6040=AXIS2_PLACEMENT_3D('',#9559,#7760,#7761);
#6041=AXIS2_PLACEMENT_3D('',#9560,#7762,#7763);
#6042=AXIS2_PLACEMENT_3D('',#9561,#7764,#7765);
#6043=AXIS2_PLACEMENT_3D('',#9562,#7766,#7767);
#6044=AXIS2_PLACEMENT_3D('',#9563,#7768,#7769);
#6045=AXIS2_PLACEMENT_3D('',#9564,#7770,#7771);
#6046=AXIS2_PLACEMENT_3D('',#9565,#7772,#7773);
#6047=AXIS2_PLACEMENT_3D('',#9566,#7774,#7775);
#6048=AXIS2_PLACEMENT_3D('',#9567,#7776,#7777);
#6049=AXIS2_PLACEMENT_3D('',#9568,#7778,#7779);
#6050=AXIS2_PLACEMENT_3D('',#9569,#7780,#7781);
#6051=AXIS2_PLACEMENT_3D('',#9570,#7782,#7783);
#6052=AXIS2_PLACEMENT_3D('',#9571,#7784,#7785);
#6053=AXIS2_PLACEMENT_3D('',#9572,#7786,#7787);
#6054=AXIS2_PLACEMENT_3D('',#9573,#7788,#7789);
#6055=AXIS2_PLACEMENT_3D('',#9574,#7790,#7791);
#6056=AXIS2_PLACEMENT_3D('',#9575,#7792,#7793);
#6057=AXIS2_PLACEMENT_3D('',#9576,#7794,#7795);
#6058=AXIS2_PLACEMENT_3D('',#9577,#7796,#7797);
#6059=AXIS2_PLACEMENT_3D('',#9578,#7798,#7799);
#6060=AXIS2_PLACEMENT_3D('',#9579,#7800,#7801);
#6061=AXIS2_PLACEMENT_3D('',#9580,#7802,#7803);
#6062=AXIS2_PLACEMENT_3D('',#9581,#7804,#7805);
#6063=AXIS2_PLACEMENT_3D('',#9582,#7806,#7807);
#6064=AXIS2_PLACEMENT_3D('',#9583,#7808,#7809);
#6065=AXIS2_PLACEMENT_3D('',#9584,#7810,#7811);
#6066=AXIS2_PLACEMENT_3D('',#9585,#7812,#7813);
#6067=AXIS2_PLACEMENT_3D('',#9586,#7814,#7815);
#6068=AXIS2_PLACEMENT_3D('',#9587,#7816,#7817);
#6069=AXIS2_PLACEMENT_3D('',#9588,#7818,#7819);
#6070=AXIS2_PLACEMENT_3D('',#9589,#7820,#7821);
#6071=AXIS2_PLACEMENT_3D('',#9590,#7822,#7823);
#6072=AXIS2_PLACEMENT_3D('',#9591,#7824,#7825);
#6073=AXIS2_PLACEMENT_3D('',#9592,#7826,#7827);
#6074=AXIS2_PLACEMENT_3D('',#9593,#7828,#7829);
#6075=AXIS2_PLACEMENT_3D('',#9594,#7830,#7831);
#6076=AXIS2_PLACEMENT_3D('',#9595,#7832,#7833);
#6077=AXIS2_PLACEMENT_3D('',#9596,#7834,#7835);
#6078=AXIS2_PLACEMENT_3D('',#9597,#7836,#7837);
#6079=AXIS2_PLACEMENT_3D('',#9598,#7838,#7839);
#6080=AXIS2_PLACEMENT_3D('',#9599,#7840,#7841);
#6081=AXIS2_PLACEMENT_3D('',#9600,#7842,#7843);
#6082=AXIS2_PLACEMENT_3D('',#9601,#7844,#7845);
#6083=AXIS2_PLACEMENT_3D('',#9602,#7846,#7847);
#6084=AXIS2_PLACEMENT_3D('',#9603,#7848,#7849);
#6085=AXIS2_PLACEMENT_3D('',#9604,#7850,#7851);
#6086=AXIS2_PLACEMENT_3D('',#9605,#7852,#7853);
#6087=AXIS2_PLACEMENT_3D('',#9606,#7854,#7855);
#6088=AXIS2_PLACEMENT_3D('',#9607,#7856,#7857);
#6089=AXIS2_PLACEMENT_3D('',#9608,#7858,#7859);
#6090=AXIS2_PLACEMENT_3D('',#9609,#7860,#7861);
#6091=AXIS2_PLACEMENT_3D('',#9610,#7862,#7863);
#6092=AXIS2_PLACEMENT_3D('',#9611,#7864,#7865);
#6093=AXIS2_PLACEMENT_3D('',#9612,#7866,#7867);
#6094=AXIS2_PLACEMENT_3D('',#9613,#7868,#7869);
#6095=AXIS2_PLACEMENT_3D('',#9614,#7870,#7871);
#6096=AXIS2_PLACEMENT_3D('',#9615,#7872,#7873);
#6097=AXIS2_PLACEMENT_3D('',#9616,#7874,#7875);
#6098=AXIS2_PLACEMENT_3D('',#9617,#7876,#7877);
#6099=AXIS2_PLACEMENT_3D('',#9618,#7878,#7879);
#6100=AXIS2_PLACEMENT_3D('',#9619,#7880,#7881);
#6101=AXIS2_PLACEMENT_3D('',#9620,#7882,#7883);
#6102=AXIS2_PLACEMENT_3D('',#9621,#7884,#7885);
#6103=AXIS2_PLACEMENT_3D('',#9622,#7886,#7887);
#6104=AXIS2_PLACEMENT_3D('',#9623,#7888,#7889);
#6105=AXIS2_PLACEMENT_3D('',#9624,#7890,#7891);
#6106=AXIS2_PLACEMENT_3D('',#9625,#7892,#7893);
#6107=AXIS2_PLACEMENT_3D('',#9626,#7894,#7895);
#6108=AXIS2_PLACEMENT_3D('',#9627,#7896,#7897);
#6109=AXIS2_PLACEMENT_3D('',#9628,#7898,#7899);
#6110=AXIS2_PLACEMENT_3D('',#9629,#7900,#7901);
#6111=AXIS2_PLACEMENT_3D('',#9630,#7902,#7903);
#6112=AXIS2_PLACEMENT_3D('',#9631,#7904,#7905);
#6113=AXIS2_PLACEMENT_3D('',#9632,#7906,#7907);
#6114=AXIS2_PLACEMENT_3D('',#9633,#7908,#7909);
#6115=AXIS2_PLACEMENT_3D('',#9634,#7910,#7911);
#6116=AXIS2_PLACEMENT_3D('',#9635,#7912,#7913);
#6117=AXIS2_PLACEMENT_3D('',#9636,#7914,#7915);
#6118=AXIS2_PLACEMENT_3D('',#9637,#7916,#7917);
#6119=AXIS2_PLACEMENT_3D('',#9638,#7918,#7919);
#6120=AXIS2_PLACEMENT_3D('',#9639,#7920,#7921);
#6121=AXIS2_PLACEMENT_3D('',#9640,#7922,#7923);
#6122=AXIS2_PLACEMENT_3D('',#9641,#7924,#7925);
#6123=AXIS2_PLACEMENT_3D('',#9642,#7926,#7927);
#6124=AXIS2_PLACEMENT_3D('',#9643,#7928,#7929);
#6125=AXIS2_PLACEMENT_3D('',#9644,#7930,#7931);
#6126=AXIS2_PLACEMENT_3D('',#9645,#7932,#7933);
#6127=AXIS2_PLACEMENT_3D('',#9646,#7934,#7935);
#6128=AXIS2_PLACEMENT_3D('',#9647,#7936,#7937);
#6129=AXIS2_PLACEMENT_3D('',#9648,#7938,#7939);
#6130=AXIS2_PLACEMENT_3D('',#9649,#7940,#7941);
#6131=AXIS2_PLACEMENT_3D('',#9650,#7942,#7943);
#6132=AXIS2_PLACEMENT_3D('',#9651,#7944,#7945);
#6133=AXIS2_PLACEMENT_3D('',#9652,#7946,#7947);
#6134=AXIS2_PLACEMENT_3D('',#9653,#7948,#7949);
#6135=AXIS2_PLACEMENT_3D('',#9654,#7950,#7951);
#6136=AXIS2_PLACEMENT_3D('',#9655,#7952,#7953);
#6137=AXIS2_PLACEMENT_3D('',#9656,#7954,#7955);
#6138=AXIS2_PLACEMENT_3D('',#9657,#7956,#7957);
#6139=AXIS2_PLACEMENT_3D('',#9658,#7958,#7959);
#6140=AXIS2_PLACEMENT_3D('',#9659,#7960,#7961);
#6141=AXIS2_PLACEMENT_3D('',#9660,#7962,#7963);
#6142=AXIS2_PLACEMENT_3D('',#9661,#7964,#7965);
#6143=AXIS2_PLACEMENT_3D('',#9662,#7966,#7967);
#6144=AXIS2_PLACEMENT_3D('',#9663,#7968,#7969);
#6145=AXIS2_PLACEMENT_3D('',#9664,#7970,#7971);
#6146=AXIS2_PLACEMENT_3D('',#9665,#7972,#7973);
#6147=AXIS2_PLACEMENT_3D('',#9666,#7974,#7975);
#6148=AXIS2_PLACEMENT_3D('',#9667,#7976,#7977);
#6149=AXIS2_PLACEMENT_3D('',#9668,#7978,#7979);
#6150=AXIS2_PLACEMENT_3D('',#9669,#7980,#7981);
#6151=AXIS2_PLACEMENT_3D('',#9670,#7982,#7983);
#6152=AXIS2_PLACEMENT_3D('',#9671,#7984,#7985);
#6153=AXIS2_PLACEMENT_3D('',#9672,#7986,#7987);
#6154=AXIS2_PLACEMENT_3D('',#9673,#7988,#7989);
#6155=AXIS2_PLACEMENT_3D('',#9674,#7990,#7991);
#6156=AXIS2_PLACEMENT_3D('',#9675,#7992,#7993);
#6157=AXIS2_PLACEMENT_3D('',#9676,#7994,#7995);
#6158=AXIS2_PLACEMENT_3D('',#9677,#7996,#7997);
#6159=AXIS2_PLACEMENT_3D('',#9678,#7998,#7999);
#6160=AXIS2_PLACEMENT_3D('',#9679,#8000,#8001);
#6161=AXIS2_PLACEMENT_3D('',#9680,#8002,#8003);
#6162=AXIS2_PLACEMENT_3D('',#9681,#8004,#8005);
#6163=AXIS2_PLACEMENT_3D('',#9682,#8006,#8007);
#6164=AXIS2_PLACEMENT_3D('',#9683,#8008,#8009);
#6165=AXIS2_PLACEMENT_3D('',#9684,#8010,#8011);
#6166=AXIS2_PLACEMENT_3D('',#9685,#8012,#8013);
#6167=AXIS2_PLACEMENT_3D('',#9686,#8014,#8015);
#6168=AXIS2_PLACEMENT_3D('',#9687,#8016,#8017);
#6169=AXIS2_PLACEMENT_3D('',#9688,#8018,#8019);
#6170=AXIS2_PLACEMENT_3D('',#9689,#8020,#8021);
#6171=DIRECTION('',(0.,0.,1.));
#6172=DIRECTION('',(1.,0.,0.));
#6173=DIRECTION('',(0.,1.,0.));
#6174=DIRECTION('',(0.,0.,1.));
#6175=DIRECTION('',(0.,1.,0.));
#6176=DIRECTION('',(0.,0.,1.));
#6177=DIRECTION('',(-1.,0.,0.));
#6178=DIRECTION('',(0.,1.,0.));
#6179=DIRECTION('',(0.,0.,1.));
#6180=DIRECTION('',(0.,0.,1.));
#6181=DIRECTION('',(0.,1.,0.));
#6182=DIRECTION('',(0.,0.,1.));
#6183=DIRECTION('',(-1.,0.,0.));
#6184=DIRECTION('',(0.,1.,0.));
#6185=DIRECTION('',(0.,0.,1.));
#6186=DIRECTION('',(0.,0.,1.));
#6187=DIRECTION('',(0.,1.,0.));
#6188=DIRECTION('',(0.,0.,1.));
#6189=DIRECTION('',(-1.,0.,0.));
#6190=DIRECTION('',(0.,1.,0.));
#6191=DIRECTION('',(0.,0.,1.));
#6192=DIRECTION('',(0.,0.,1.));
#6193=DIRECTION('',(0.,1.,0.));
#6194=DIRECTION('',(0.,0.,1.));
#6195=DIRECTION('',(-1.,0.,0.));
#6196=DIRECTION('',(0.,1.,0.));
#6197=DIRECTION('',(0.,0.,1.));
#6198=DIRECTION('',(0.,0.,1.));
#6199=DIRECTION('',(0.,1.,0.));
#6200=DIRECTION('',(0.,0.,1.));
#6201=DIRECTION('',(-1.,0.,0.));
#6202=DIRECTION('',(0.,1.,0.));
#6203=DIRECTION('',(0.,0.,1.));
#6204=DIRECTION('',(0.,0.,1.));
#6205=DIRECTION('',(0.,1.,0.));
#6206=DIRECTION('',(0.,0.,1.));
#6207=DIRECTION('',(-1.,0.,0.));
#6208=DIRECTION('',(0.,1.,0.));
#6209=DIRECTION('',(0.,0.,1.));
#6210=DIRECTION('',(0.,0.,1.));
#6211=DIRECTION('',(0.,1.,0.));
#6212=DIRECTION('',(0.,0.,1.));
#6213=DIRECTION('',(-1.,0.,0.));
#6214=DIRECTION('',(0.,1.,0.));
#6215=DIRECTION('',(0.,0.,1.));
#6216=DIRECTION('',(0.,0.,1.));
#6217=DIRECTION('',(0.,1.,0.));
#6218=DIRECTION('',(0.,0.,1.));
#6219=DIRECTION('',(-1.,0.,0.));
#6220=DIRECTION('',(0.,1.,0.));
#6221=DIRECTION('',(0.,0.,1.));
#6222=DIRECTION('',(0.,0.,1.));
#6223=DIRECTION('',(0.,1.,0.));
#6224=DIRECTION('',(0.,0.,1.));
#6225=DIRECTION('',(-1.,0.,0.));
#6226=DIRECTION('',(0.,1.,0.));
#6227=DIRECTION('',(0.,0.,1.));
#6228=DIRECTION('',(0.,0.,1.));
#6229=DIRECTION('',(0.,1.,0.));
#6230=DIRECTION('',(0.,0.,1.));
#6231=DIRECTION('',(-1.,0.,0.));
#6232=DIRECTION('',(0.,1.,0.));
#6233=DIRECTION('',(0.,0.,1.));
#6234=DIRECTION('',(0.,0.,1.));
#6235=DIRECTION('',(0.,1.,0.));
#6236=DIRECTION('',(0.,0.,1.));
#6237=DIRECTION('',(-1.,0.,0.));
#6238=DIRECTION('',(0.,1.,0.));
#6239=DIRECTION('',(0.,0.,1.));
#6240=DIRECTION('',(0.,0.,1.));
#6241=DIRECTION('',(0.,1.,0.));
#6242=DIRECTION('',(0.,0.,1.));
#6243=DIRECTION('',(-1.,0.,0.));
#6244=DIRECTION('',(0.,1.,0.));
#6245=DIRECTION('',(0.,0.,1.));
#6246=DIRECTION('',(0.,0.,1.));
#6247=DIRECTION('',(0.,1.,0.));
#6248=DIRECTION('',(0.,0.,1.));
#6249=DIRECTION('',(0.,0.,1.));
#6250=DIRECTION('',(0.,1.,0.));
#6251=DIRECTION('',(0.,0.,1.));
#6252=DIRECTION('',(-1.,0.,0.));
#6253=DIRECTION('',(0.,1.,0.));
#6254=DIRECTION('',(0.,0.,1.));
#6255=DIRECTION('',(0.,0.,1.));
#6256=DIRECTION('',(0.,1.,0.));
#6257=DIRECTION('',(0.,0.,1.));
#6258=DIRECTION('',(-1.,0.,0.));
#6259=DIRECTION('',(0.,0.,-1.));
#6260=DIRECTION('',(-1.,0.,0.));
#6261=DIRECTION('',(0.,0.,-1.));
#6262=DIRECTION('',(-1.,0.,0.));
#6263=DIRECTION('',(1.,0.,0.));
#6264=DIRECTION('',(0.,0.,-1.));
#6265=DIRECTION('',(1.,0.,0.));
#6266=DIRECTION('',(0.,0.,-1.));
#6267=DIRECTION('',(0.,1.,0.));
#6268=DIRECTION('',(0.,0.,1.));
#6269=DIRECTION('',(0.,0.,1.));
#6270=DIRECTION('',(0.,1.,0.));
#6271=DIRECTION('',(0.,0.,1.));
#6272=DIRECTION('',(-1.,0.,0.));
#6273=DIRECTION('',(0.,1.,0.));
#6274=DIRECTION('',(0.,0.,1.));
#6275=DIRECTION('',(0.,0.,1.));
#6276=DIRECTION('',(0.,1.,0.));
#6277=DIRECTION('',(0.,0.,1.));
#6278=DIRECTION('',(-1.,0.,0.));
#6279=DIRECTION('',(0.,1.,0.));
#6280=DIRECTION('',(0.,0.,1.));
#6281=DIRECTION('',(0.,0.,1.));
#6282=DIRECTION('',(0.,1.,0.));
#6283=DIRECTION('',(0.,0.,1.));
#6284=DIRECTION('',(-1.,0.,0.));
#6285=DIRECTION('',(0.,1.,0.));
#6286=DIRECTION('',(0.,0.,1.));
#6287=DIRECTION('',(0.,0.,1.));
#6288=DIRECTION('',(0.,1.,0.));
#6289=DIRECTION('',(0.,0.,1.));
#6290=DIRECTION('',(-1.,0.,0.));
#6291=DIRECTION('',(0.,1.,0.));
#6292=DIRECTION('',(0.,0.,1.));
#6293=DIRECTION('',(0.,0.,1.));
#6294=DIRECTION('',(0.,1.,0.));
#6295=DIRECTION('',(0.,0.,1.));
#6296=DIRECTION('',(-1.,0.,0.));
#6297=DIRECTION('',(0.,1.,0.));
#6298=DIRECTION('',(0.,0.,1.));
#6299=DIRECTION('',(0.,0.,1.));
#6300=DIRECTION('',(0.,1.,0.));
#6301=DIRECTION('',(0.,0.,1.));
#6302=DIRECTION('',(-1.,0.,0.));
#6303=DIRECTION('',(0.,1.,0.));
#6304=DIRECTION('',(0.,0.,1.));
#6305=DIRECTION('',(0.,1.,0.));
#6306=DIRECTION('',(0.,0.,1.));
#6307=DIRECTION('',(0.,0.,-1.));
#6308=DIRECTION('',(0.,1.,0.));
#6309=DIRECTION('',(0.,0.,1.));
#6310=DIRECTION('',(1.,0.,0.));
#6311=DIRECTION('',(0.,1.,0.));
#6312=DIRECTION('',(0.,0.,1.));
#6313=DIRECTION('',(0.,0.,-1.));
#6314=DIRECTION('',(0.,1.,0.));
#6315=DIRECTION('',(0.,0.,1.));
#6316=DIRECTION('',(1.,0.,0.));
#6317=DIRECTION('',(0.,1.,0.));
#6318=DIRECTION('',(0.,0.,1.));
#6319=DIRECTION('',(0.,0.,-1.));
#6320=DIRECTION('',(0.,1.,0.));
#6321=DIRECTION('',(0.,0.,1.));
#6322=DIRECTION('',(1.,0.,0.));
#6323=DIRECTION('',(0.,1.,0.));
#6324=DIRECTION('',(0.,0.,1.));
#6325=DIRECTION('',(0.,0.,-1.));
#6326=DIRECTION('',(0.,1.,0.));
#6327=DIRECTION('',(0.,0.,1.));
#6328=DIRECTION('',(1.,0.,0.));
#6329=DIRECTION('',(0.,1.,0.));
#6330=DIRECTION('',(0.,0.,1.));
#6331=DIRECTION('',(0.,0.,-1.));
#6332=DIRECTION('',(0.,1.,0.));
#6333=DIRECTION('',(0.,0.,1.));
#6334=DIRECTION('',(1.,0.,0.));
#6335=DIRECTION('',(0.,1.,0.));
#6336=DIRECTION('',(0.,0.,1.));
#6337=DIRECTION('',(0.,0.,-1.));
#6338=DIRECTION('',(0.,1.,0.));
#6339=DIRECTION('',(0.,0.,1.));
#6340=DIRECTION('',(1.,0.,0.));
#6341=DIRECTION('',(0.,1.,0.));
#6342=DIRECTION('',(0.,0.,1.));
#6343=DIRECTION('',(0.,0.,-1.));
#6344=DIRECTION('',(0.,1.,0.));
#6345=DIRECTION('',(0.,0.,1.));
#6346=DIRECTION('',(1.,0.,0.));
#6347=DIRECTION('',(0.,1.,0.));
#6348=DIRECTION('',(0.,0.,1.));
#6349=DIRECTION('',(0.,0.,-1.));
#6350=DIRECTION('',(0.,1.,0.));
#6351=DIRECTION('',(0.,0.,1.));
#6352=DIRECTION('',(1.,0.,0.));
#6353=DIRECTION('',(0.,1.,0.));
#6354=DIRECTION('',(0.,0.,1.));
#6355=DIRECTION('',(0.,0.,-1.));
#6356=DIRECTION('',(0.,1.,0.));
#6357=DIRECTION('',(0.,0.,1.));
#6358=DIRECTION('',(1.,0.,0.));
#6359=DIRECTION('',(0.,1.,0.));
#6360=DIRECTION('',(0.,0.,1.));
#6361=DIRECTION('',(0.,0.,-1.));
#6362=DIRECTION('',(0.,1.,0.));
#6363=DIRECTION('',(0.,0.,1.));
#6364=DIRECTION('',(1.,0.,0.));
#6365=DIRECTION('',(0.,1.,0.));
#6366=DIRECTION('',(0.,0.,1.));
#6367=DIRECTION('',(0.,0.,-1.));
#6368=DIRECTION('',(0.,1.,0.));
#6369=DIRECTION('',(0.,0.,1.));
#6370=DIRECTION('',(1.,0.,0.));
#6371=DIRECTION('',(0.,1.,0.));
#6372=DIRECTION('',(0.,0.,1.));
#6373=DIRECTION('',(0.,0.,-1.));
#6374=DIRECTION('',(0.,1.,0.));
#6375=DIRECTION('',(0.,0.,1.));
#6376=DIRECTION('',(1.,0.,0.));
#6377=DIRECTION('',(0.,1.,0.));
#6378=DIRECTION('',(0.,0.,1.));
#6379=DIRECTION('',(0.,0.,-1.));
#6380=DIRECTION('',(0.,1.,0.));
#6381=DIRECTION('',(0.,0.,1.));
#6382=DIRECTION('',(1.,0.,0.));
#6383=DIRECTION('',(0.,1.,0.));
#6384=DIRECTION('',(0.,0.,1.));
#6385=DIRECTION('',(0.,0.,-1.));
#6386=DIRECTION('',(0.,1.,0.));
#6387=DIRECTION('',(0.,0.,1.));
#6388=DIRECTION('',(1.,0.,0.));
#6389=DIRECTION('',(-1.,0.,0.));
#6390=DIRECTION('',(0.,0.,-1.));
#6391=DIRECTION('',(-1.,0.,0.));
#6392=DIRECTION('',(0.,0.,-1.));
#6393=DIRECTION('',(0.,0.,-1.));
#6394=DIRECTION('',(1.,0.,0.));
#6395=DIRECTION('',(0.,0.,-1.));
#6396=DIRECTION('',(1.,0.,0.));
#6397=DIRECTION('',(-1.30922526488816E-16,0.,-1.));
#6398=DIRECTION('',(1.,0.,0.));
#6399=DIRECTION('',(0.,0.,1.));
#6400=DIRECTION('',(1.,0.,0.));
#6401=DIRECTION('',(1.,0.,0.));
#6402=DIRECTION('',(0.,0.,-1.));
#6403=DIRECTION('',(1.,0.,0.));
#6404=DIRECTION('',(0.,0.,-1.));
#6405=DIRECTION('',(1.,0.,0.));
#6406=DIRECTION('',(0.,0.,1.));
#6407=DIRECTION('',(1.,0.,0.));
#6408=DIRECTION('',(-1.30922526488816E-16,0.,-1.));
#6409=DIRECTION('',(1.,0.,0.));
#6410=DIRECTION('',(0.,0.,-1.));
#6411=DIRECTION('',(1.,0.,0.));
#6412=DIRECTION('',(0.,0.,-1.));
#6413=DIRECTION('',(0.,1.,0.));
#6414=DIRECTION('',(0.,0.,1.));
#6415=DIRECTION('',(1.,0.,0.));
#6416=DIRECTION('',(0.,1.,0.));
#6417=DIRECTION('',(0.,0.,1.));
#6418=DIRECTION('',(0.,0.,-1.));
#6419=DIRECTION('',(0.,1.,0.));
#6420=DIRECTION('',(0.,0.,1.));
#6421=DIRECTION('',(1.,0.,0.));
#6422=DIRECTION('',(0.,1.,0.));
#6423=DIRECTION('',(0.,0.,1.));
#6424=DIRECTION('',(0.,0.,-1.));
#6425=DIRECTION('',(0.,1.,0.));
#6426=DIRECTION('',(0.,0.,1.));
#6427=DIRECTION('',(0.,0.,-1.));
#6428=DIRECTION('',(0.,1.,0.));
#6429=DIRECTION('',(0.,0.,1.));
#6430=DIRECTION('',(1.,0.,0.));
#6431=DIRECTION('',(0.,1.,0.));
#6432=DIRECTION('',(0.,0.,1.));
#6433=DIRECTION('',(0.,0.,-1.));
#6434=DIRECTION('',(0.,1.,0.));
#6435=DIRECTION('',(0.,0.,1.));
#6436=DIRECTION('',(1.,0.,0.));
#6437=DIRECTION('',(0.,1.,0.));
#6438=DIRECTION('',(0.,0.,1.));
#6439=DIRECTION('',(0.,0.,-1.));
#6440=DIRECTION('',(0.,1.,0.));
#6441=DIRECTION('',(0.,0.,1.));
#6442=DIRECTION('',(1.,0.,0.));
#6443=DIRECTION('',(0.,1.,0.));
#6444=DIRECTION('',(0.,0.,1.));
#6445=DIRECTION('',(0.,0.,-1.));
#6446=DIRECTION('',(0.,1.,0.));
#6447=DIRECTION('',(0.,0.,1.));
#6448=DIRECTION('',(1.,0.,0.));
#6449=DIRECTION('',(0.,0.,1.));
#6450=DIRECTION('',(1.,0.,0.));
#6451=DIRECTION('',(0.,0.,1.));
#6452=DIRECTION('',(1.,0.,0.));
#6453=DIRECTION('',(0.,0.,1.));
#6454=DIRECTION('',(1.,0.,0.));
#6455=DIRECTION('',(1.,0.,0.));
#6456=DIRECTION('',(0.,0.,1.));
#6457=DIRECTION('',(1.,0.,0.));
#6458=DIRECTION('',(0.,1.,0.));
#6459=DIRECTION('',(0.,0.,1.));
#6460=DIRECTION('',(1.,0.,0.));
#6461=DIRECTION('',(1.,0.,0.));
#6462=DIRECTION('',(0.,0.,1.));
#6463=DIRECTION('',(1.,0.,0.));
#6464=DIRECTION('',(0.,1.,0.));
#6465=DIRECTION('',(0.,0.,1.));
#6466=DIRECTION('',(1.,0.,0.));
#6467=DIRECTION('',(0.,-1.,0.));
#6468=DIRECTION('',(0.,0.,1.));
#6469=DIRECTION('',(1.,0.,0.));
#6470=DIRECTION('',(0.,-1.,0.));
#6471=DIRECTION('',(0.,0.,1.));
#6472=DIRECTION('',(1.,0.,0.));
#6473=DIRECTION('',(0.,0.,1.));
#6474=DIRECTION('',(1.,0.,0.));
#6475=DIRECTION('',(1.,0.,0.));
#6476=DIRECTION('',(0.,0.,1.));
#6477=DIRECTION('',(1.,0.,0.));
#6478=DIRECTION('',(0.,1.,0.));
#6479=DIRECTION('',(0.,0.,1.));
#6480=DIRECTION('',(1.,0.,0.));
#6481=DIRECTION('',(1.,0.,0.));
#6482=DIRECTION('',(0.,0.,1.));
#6483=DIRECTION('',(1.,0.,0.));
#6484=DIRECTION('',(0.,1.,0.));
#6485=DIRECTION('',(1.,0.,0.));
#6486=DIRECTION('',(0.,0.,-1.));
#6487=DIRECTION('',(0.,1.,0.));
#6488=DIRECTION('',(0.,0.,-1.));
#6489=DIRECTION('',(0.,-1.,0.));
#6490=DIRECTION('',(0.,0.,-1.));
#6491=DIRECTION('',(0.,1.,0.));
#6492=DIRECTION('',(0.,0.,1.));
#6493=DIRECTION('',(1.,0.,0.));
#6494=DIRECTION('',(0.,1.,0.));
#6495=DIRECTION('',(1.,0.,0.));
#6496=DIRECTION('',(1.,0.,0.));
#6497=DIRECTION('',(0.,0.,-1.));
#6498=DIRECTION('',(0.,0.,-1.));
#6499=DIRECTION('',(0.,1.,0.));
#6500=DIRECTION('',(0.,0.,-1.));
#6501=DIRECTION('',(0.,-1.,0.));
#6502=DIRECTION('',(0.,-1.,0.));
#6503=DIRECTION('',(1.,0.,0.));
#6504=DIRECTION('',(-1.,0.,0.));
#6505=DIRECTION('',(1.,0.,0.));
#6506=DIRECTION('',(-1.30922526488816E-16,0.,-1.));
#6507=DIRECTION('',(1.,0.,0.));
#6508=DIRECTION('',(0.,0.,1.));
#6509=DIRECTION('',(1.,0.,0.));
#6510=DIRECTION('',(0.,0.,1.));
#6511=DIRECTION('',(1.,0.,0.));
#6512=DIRECTION('',(0.,1.,0.));
#6513=DIRECTION('',(1.,0.,0.));
#6514=DIRECTION('',(0.,1.,0.));
#6515=DIRECTION('',(1.,0.,0.));
#6516=DIRECTION('',(0.,0.,-1.));
#6517=DIRECTION('',(0.,0.,-1.));
#6518=DIRECTION('',(0.,1.,0.));
#6519=DIRECTION('',(0.,0.,-1.));
#6520=DIRECTION('',(0.,-1.,0.));
#6521=DIRECTION('',(1.,0.,0.));
#6522=DIRECTION('',(0.,0.,-1.));
#6523=DIRECTION('',(0.,0.,-1.));
#6524=DIRECTION('',(0.,-1.,0.));
#6525=DIRECTION('',(0.,0.,-1.));
#6526=DIRECTION('',(0.,1.,0.));
#6527=DIRECTION('',(0.,-1.,0.));
#6528=DIRECTION('',(1.,0.,0.));
#6529=DIRECTION('',(-1.,0.,0.));
#6530=DIRECTION('',(1.,0.,0.));
#6531=DIRECTION('',(0.,0.,1.));
#6532=DIRECTION('',(1.,0.,0.));
#6533=DIRECTION('',(-1.30922526488816E-16,0.,-1.));
#6534=DIRECTION('',(1.,0.,0.));
#6535=DIRECTION('',(0.,0.,1.));
#6536=DIRECTION('',(1.,0.,0.));
#6537=DIRECTION('',(0.,0.,1.));
#6538=DIRECTION('',(1.,0.,0.));
#6539=DIRECTION('',(0.,0.,1.));
#6540=DIRECTION('',(1.,0.,0.));
#6541=DIRECTION('',(1.,0.,0.));
#6542=DIRECTION('',(0.,0.,1.));
#6543=DIRECTION('',(1.,0.,0.));
#6544=DIRECTION('',(0.,-1.,0.));
#6545=DIRECTION('',(0.,0.,1.));
#6546=DIRECTION('',(1.,0.,0.));
#6547=DIRECTION('',(1.,-5.48756998764681E-16,0.));
#6548=DIRECTION('',(0.,0.,1.));
#6549=DIRECTION('',(1.,0.,0.));
#6550=DIRECTION('',(0.,-1.,0.));
#6551=DIRECTION('',(0.,0.,1.));
#6552=DIRECTION('',(1.,0.,0.));
#6553=DIRECTION('',(0.,0.,1.));
#6554=DIRECTION('',(1.,0.,0.));
#6555=DIRECTION('',(0.,-1.,0.));
#6556=DIRECTION('',(0.,0.,1.));
#6557=DIRECTION('',(1.,0.,0.));
#6558=DIRECTION('',(1.,0.,0.));
#6559=DIRECTION('',(0.,0.,1.));
#6560=DIRECTION('',(1.,0.,0.));
#6561=DIRECTION('',(0.,-1.,0.));
#6562=DIRECTION('',(0.,0.,1.));
#6563=DIRECTION('',(1.,0.,0.));
#6564=DIRECTION('',(1.,-5.48756998764681E-16,0.));
#6565=DIRECTION('',(0.,0.,1.));
#6566=DIRECTION('',(1.,0.,0.));
#6567=DIRECTION('',(0.,0.,1.));
#6568=DIRECTION('',(1.,0.,0.));
#6569=DIRECTION('',(0.,0.,1.));
#6570=DIRECTION('',(1.,0.,0.));
#6571=DIRECTION('',(0.,0.,1.));
#6572=DIRECTION('',(1.,0.,0.));
#6573=DIRECTION('',(0.,0.,1.));
#6574=DIRECTION('',(1.,0.,0.));
#6575=DIRECTION('',(0.,-1.,0.));
#6576=DIRECTION('',(0.,0.,-1.));
#6577=DIRECTION('',(-1.,0.,0.));
#6578=DIRECTION('',(0.,0.,1.));
#6579=DIRECTION('',(1.,0.,0.));
#6580=DIRECTION('',(0.,0.,1.));
#6581=DIRECTION('',(1.,0.,0.));
#6582=DIRECTION('',(0.,0.,1.));
#6583=DIRECTION('',(1.,0.,0.));
#6584=DIRECTION('',(0.,-1.,0.));
#6585=DIRECTION('',(1.,0.,0.));
#6586=DIRECTION('',(0.,0.,-1.));
#6587=DIRECTION('',(1.,0.,0.));
#6588=DIRECTION('',(0.,0.,-1.));
#6589=DIRECTION('',(0.,0.,-1.));
#6590=DIRECTION('',(0.,-1.,0.));
#6591=DIRECTION('',(0.,0.,-1.));
#6592=DIRECTION('',(1.,0.,0.));
#6593=DIRECTION('',(0.,0.,-1.));
#6594=DIRECTION('',(1.,0.,0.));
#6595=DIRECTION('',(0.,0.,-1.));
#6596=DIRECTION('',(0.,0.,-1.));
#6597=DIRECTION('',(0.,-1.,0.));
#6598=DIRECTION('',(0.,0.,-1.));
#6599=DIRECTION('',(0.,0.,1.));
#6600=DIRECTION('',(1.,0.,0.));
#6601=DIRECTION('',(0.,0.,1.));
#6602=DIRECTION('',(1.,0.,0.));
#6603=DIRECTION('',(0.,0.,-1.));
#6604=DIRECTION('',(-1.,0.,0.));
#6605=DIRECTION('',(0.,0.,1.));
#6606=DIRECTION('',(1.,0.,0.));
#6607=DIRECTION('',(0.,0.,1.));
#6608=DIRECTION('',(1.,0.,0.));
#6609=DIRECTION('',(0.,0.,-1.));
#6610=DIRECTION('',(-1.,0.,0.));
#6611=DIRECTION('',(0.,0.,1.));
#6612=DIRECTION('',(1.,0.,0.));
#6613=DIRECTION('',(0.,0.,1.));
#6614=DIRECTION('',(1.,0.,0.));
#6615=DIRECTION('',(0.,0.,1.));
#6616=DIRECTION('',(1.,0.,0.));
#6617=DIRECTION('',(0.,1.,0.));
#6618=DIRECTION('',(0.,0.,1.));
#6619=DIRECTION('',(0.,0.,1.));
#6620=DIRECTION('',(1.,0.,0.));
#6621=DIRECTION('',(0.,0.,1.));
#6622=DIRECTION('',(1.,0.,0.));
#6623=DIRECTION('',(0.,-1.,0.));
#6624=DIRECTION('',(0.,0.,-1.));
#6625=DIRECTION('',(0.,0.,1.));
#6626=DIRECTION('',(1.,0.,0.));
#6627=DIRECTION('',(0.,1.,0.));
#6628=DIRECTION('',(0.,0.,1.));
#6629=DIRECTION('',(1.,0.,0.));
#6630=DIRECTION('',(0.,1.,0.));
#6631=DIRECTION('',(1.,0.,-1.30922526488816E-16));
#6632=DIRECTION('',(-1.30922526488816E-16,0.,-1.));
#6633=DIRECTION('',(0.,1.,0.));
#6634=DIRECTION('',(0.,0.,1.));
#6635=DIRECTION('',(1.,0.,0.));
#6636=DIRECTION('',(0.,1.,0.));
#6637=DIRECTION('',(-1.,0.,0.));
#6638=DIRECTION('',(0.,0.,1.));
#6639=DIRECTION('',(0.,0.,1.));
#6640=DIRECTION('',(1.,0.,0.));
#6641=DIRECTION('',(0.,1.,0.));
#6642=DIRECTION('',(-1.,0.,0.));
#6643=DIRECTION('',(0.,0.,1.));
#6644=DIRECTION('',(0.,1.,0.));
#6645=DIRECTION('',(0.,0.,1.));
#6646=DIRECTION('',(1.,0.,0.));
#6647=DIRECTION('',(0.,1.,0.));
#6648=DIRECTION('',(1.,0.,-1.30922526488816E-16));
#6649=DIRECTION('',(-1.30922526488816E-16,0.,-1.));
#6650=DIRECTION('',(0.,1.,0.));
#6651=DIRECTION('',(0.,0.,1.));
#6652=DIRECTION('',(1.,0.,0.));
#6653=DIRECTION('',(-5.48756998764681E-16,-1.,0.));
#6654=DIRECTION('',(1.,-5.48756998764681E-16,0.));
#6655=DIRECTION('',(0.,0.,1.));
#6656=DIRECTION('',(1.,-5.48756998764681E-16,0.));
#6657=DIRECTION('',(0.,0.,1.));
#6658=DIRECTION('',(1.,-5.48756998764681E-16,0.));
#6659=DIRECTION('',(-1.,0.,0.));
#6660=DIRECTION('',(0.,0.,1.));
#6661=DIRECTION('',(0.,-1.,0.));
#6662=DIRECTION('',(0.,0.,1.));
#6663=DIRECTION('',(0.,-1.,0.));
#6664=DIRECTION('',(0.,0.,1.));
#6665=DIRECTION('',(0.,-1.,0.));
#6666=DIRECTION('',(0.,0.,-1.));
#6667=DIRECTION('',(0.,0.,1.));
#6668=DIRECTION('',(1.,0.,0.));
#6669=DIRECTION('',(0.,0.,1.));
#6670=DIRECTION('',(-1.,0.,0.));
#6671=DIRECTION('',(0.,0.,1.));
#6672=DIRECTION('',(0.,-1.,0.));
#6673=DIRECTION('',(0.,0.,1.));
#6674=DIRECTION('',(0.,-1.,0.));
#6675=DIRECTION('',(0.,0.,1.));
#6676=DIRECTION('',(0.,1.,0.));
#6677=DIRECTION('',(0.,0.,1.));
#6678=DIRECTION('',(0.,-1.,0.));
#6679=DIRECTION('',(0.,0.,-1.));
#6680=DIRECTION('',(0.,1.,0.));
#6681=DIRECTION('',(0.,0.,1.));
#6682=DIRECTION('',(0.,0.,-1.));
#6683=DIRECTION('',(-1.,0.,0.));
#6684=DIRECTION('',(0.,0.,1.));
#6685=DIRECTION('',(1.,0.,0.));
#6686=DIRECTION('',(0.,0.,1.));
#6687=DIRECTION('',(1.,0.,0.));
#6688=DIRECTION('',(0.,0.,1.));
#6689=DIRECTION('',(1.,0.,0.));
#6690=DIRECTION('',(1.,0.,0.));
#6691=DIRECTION('',(0.,0.,-1.));
#6692=DIRECTION('',(0.,0.,1.));
#6693=DIRECTION('',(1.,0.,0.));
#6694=DIRECTION('',(0.,0.,1.));
#6695=DIRECTION('',(1.,0.,0.));
#6696=DIRECTION('',(0.,0.,1.));
#6697=DIRECTION('',(1.,0.,0.));
#6698=DIRECTION('',(1.,0.,0.));
#6699=DIRECTION('',(0.,0.,-1.));
#6700=DIRECTION('',(0.,1.,0.));
#6701=DIRECTION('',(0.,0.,1.));
#6702=DIRECTION('',(-1.,5.48756998764681E-16,0.));
#6703=DIRECTION('',(-5.48756998764681E-16,-1.,0.));
#6704=DIRECTION('',(-1.,0.,0.));
#6705=DIRECTION('',(0.,0.,1.));
#6706=DIRECTION('',(0.,0.,1.));
#6707=DIRECTION('',(1.,0.,0.));
#6708=DIRECTION('',(0.,0.,1.));
#6709=DIRECTION('',(1.,0.,0.));
#6710=DIRECTION('',(0.,-1.,0.));
#6711=DIRECTION('',(0.,0.,-1.));
#6712=DIRECTION('',(0.,-1.,0.));
#6713=DIRECTION('',(0.,0.,-1.));
#6714=DIRECTION('',(1.,-5.48756998764681E-16,0.));
#6715=DIRECTION('',(5.48756998764681E-16,1.,0.));
#6716=DIRECTION('',(-1.,0.,0.));
#6717=DIRECTION('',(0.,0.,1.));
#6718=DIRECTION('',(0.,0.,1.));
#6719=DIRECTION('',(1.,0.,0.));
#6720=DIRECTION('',(0.,0.,1.));
#6721=DIRECTION('',(1.,0.,0.));
#6722=DIRECTION('',(0.,0.,1.));
#6723=DIRECTION('',(1.,0.,0.));
#6724=DIRECTION('',(0.,0.,1.));
#6725=DIRECTION('',(1.,0.,0.));
#6726=DIRECTION('',(0.,1.,0.));
#6727=DIRECTION('',(0.,0.,1.));
#6728=DIRECTION('',(0.,0.,1.));
#6729=DIRECTION('',(1.,0.,0.));
#6730=DIRECTION('',(1.,0.,0.));
#6731=DIRECTION('',(0.,0.,-1.));
#6732=DIRECTION('',(0.,0.,1.));
#6733=DIRECTION('',(1.,0.,0.));
#6734=DIRECTION('',(0.,1.,0.));
#6735=DIRECTION('',(0.,0.,1.));
#6736=DIRECTION('',(0.,-1.,0.));
#6737=DIRECTION('',(0.,0.,-1.));
#6738=DIRECTION('',(0.,-1.,0.));
#6739=DIRECTION('',(0.,0.,-1.));
#6740=DIRECTION('',(-1.,0.,0.));
#6741=DIRECTION('',(0.,0.,1.));
#6742=DIRECTION('',(-1.,0.,0.));
#6743=DIRECTION('',(0.,0.,1.));
#6744=DIRECTION('',(0.,1.,0.));
#6745=DIRECTION('',(0.,0.,1.));
#6746=DIRECTION('',(0.,-1.,0.));
#6747=DIRECTION('',(0.,0.,-1.));
#6748=DIRECTION('',(0.,0.,1.));
#6749=DIRECTION('',(1.,0.,0.));
#6750=DIRECTION('',(0.,0.,1.));
#6751=DIRECTION('',(1.,0.,0.));
#6752=DIRECTION('',(0.,0.,1.));
#6753=DIRECTION('',(1.,0.,0.));
#6754=DIRECTION('',(0.,0.,1.));
#6755=DIRECTION('',(1.,0.,0.));
#6756=DIRECTION('',(0.,0.,-1.));
#6757=DIRECTION('',(-1.,0.,0.));
#6758=DIRECTION('',(0.,0.,-1.));
#6759=DIRECTION('',(-1.,0.,0.));
#6760=DIRECTION('',(0.,1.,0.));
#6761=DIRECTION('',(0.,1.,0.));
#6762=DIRECTION('',(1.,0.,0.));
#6763=DIRECTION('',(0.,0.,-1.));
#6764=DIRECTION('',(0.,1.,0.));
#6765=DIRECTION('',(0.,0.,-1.));
#6766=DIRECTION('',(-1.,0.,0.));
#6767=DIRECTION('',(0.,1.,0.));
#6768=DIRECTION('',(1.,0.,0.));
#6769=DIRECTION('',(0.,0.,-1.));
#6770=DIRECTION('',(0.,0.,1.));
#6771=DIRECTION('',(1.,0.,0.));
#6772=DIRECTION('',(1.,0.,0.));
#6773=DIRECTION('',(0.,-1.,0.));
#6774=DIRECTION('',(0.,0.,-1.));
#6775=DIRECTION('',(0.,0.,1.));
#6776=DIRECTION('',(1.,0.,0.));
#6777=DIRECTION('',(1.,0.,0.));
#6778=DIRECTION('',(0.,-1.,0.));
#6779=DIRECTION('',(0.,0.,-1.));
#6780=DIRECTION('',(1.,0.,0.));
#6781=DIRECTION('',(0.,0.,-1.));
#6782=DIRECTION('',(0.,1.,0.));
#6783=DIRECTION('',(0.,0.,1.));
#6784=DIRECTION('',(0.,1.,0.));
#6785=DIRECTION('',(0.,0.,1.));
#6786=DIRECTION('',(0.,-1.,0.));
#6787=DIRECTION('',(0.,0.,-1.));
#6788=DIRECTION('',(0.,-1.,0.));
#6789=DIRECTION('',(0.,0.,-1.));
#6790=DIRECTION('',(0.,0.,1.));
#6791=DIRECTION('',(1.,0.,0.));
#6792=DIRECTION('',(0.,0.,1.));
#6793=DIRECTION('',(1.,0.,0.));
#6794=DIRECTION('',(1.,0.,0.));
#6795=DIRECTION('',(0.,0.,-1.));
#6796=DIRECTION('',(0.,1.,0.));
#6797=DIRECTION('',(0.,0.,1.));
#6798=DIRECTION('',(0.,1.,0.));
#6799=DIRECTION('',(0.,0.,1.));
#6800=DIRECTION('',(0.,-1.,0.));
#6801=DIRECTION('',(0.,0.,-1.));
#6802=DIRECTION('',(0.,-1.,0.));
#6803=DIRECTION('',(0.,0.,-1.));
#6804=DIRECTION('',(0.,0.,1.));
#6805=DIRECTION('',(1.,0.,0.));
#6806=DIRECTION('',(0.,0.,1.));
#6807=DIRECTION('',(1.,0.,0.));
#6808=DIRECTION('',(0.,-1.,0.));
#6809=DIRECTION('',(0.,0.,-1.));
#6810=DIRECTION('',(0.,-1.,0.));
#6811=DIRECTION('',(0.,0.,-1.));
#6812=DIRECTION('',(0.,1.,0.));
#6813=DIRECTION('',(0.,0.,1.));
#6814=DIRECTION('',(0.,0.,1.));
#6815=DIRECTION('',(1.,0.,0.));
#6816=DIRECTION('',(0.,0.,1.));
#6817=DIRECTION('',(1.,0.,0.));
#6818=DIRECTION('',(-1.,0.,0.));
#6819=DIRECTION('',(0.,0.,1.));
#6820=DIRECTION('',(0.,0.,1.));
#6821=DIRECTION('',(1.,0.,0.));
#6822=DIRECTION('',(-1.,0.,0.));
#6823=DIRECTION('',(0.,0.,1.));
#6824=DIRECTION('',(0.,0.,1.));
#6825=DIRECTION('',(1.,0.,0.));
#6826=DIRECTION('',(0.,0.,1.));
#6827=DIRECTION('',(1.,0.,0.));
#6828=DIRECTION('',(0.,0.,1.));
#6829=DIRECTION('',(1.,0.,0.));
#6830=DIRECTION('',(1.,0.,0.));
#6831=DIRECTION('',(0.,0.,-1.));
#6832=DIRECTION('',(1.,0.,0.));
#6833=DIRECTION('',(0.,0.,-1.));
#6834=DIRECTION('',(0.,1.,0.));
#6835=DIRECTION('',(0.,0.,1.));
#6836=DIRECTION('',(0.,1.,0.));
#6837=DIRECTION('',(0.,0.,1.));
#6838=DIRECTION('',(0.,-1.,0.));
#6839=DIRECTION('',(0.,0.,-1.));
#6840=DIRECTION('',(-1.,0.,0.));
#6841=DIRECTION('',(0.,0.,1.));
#6842=DIRECTION('',(1.,0.,0.));
#6843=DIRECTION('',(0.,0.,-1.));
#6844=DIRECTION('',(0.,0.,-1.));
#6845=DIRECTION('',(-1.,0.,0.));
#6846=DIRECTION('',(0.,0.,1.));
#6847=DIRECTION('',(1.,0.,0.));
#6848=DIRECTION('',(0.,1.,0.));
#6849=DIRECTION('',(0.,0.,1.));
#6850=DIRECTION('',(0.,1.,0.));
#6851=DIRECTION('',(0.,0.,1.));
#6852=DIRECTION('',(0.,-1.,0.));
#6853=DIRECTION('',(0.,0.,-1.));
#6854=DIRECTION('',(0.,0.,1.));
#6855=DIRECTION('',(1.,0.,0.));
#6856=DIRECTION('',(-1.,0.,0.));
#6857=DIRECTION('',(0.,0.,1.));
#6858=DIRECTION('',(0.,0.,1.));
#6859=DIRECTION('',(1.,0.,0.));
#6860=DIRECTION('',(0.,0.,1.));
#6861=DIRECTION('',(1.,0.,0.));
#6862=DIRECTION('',(0.,0.,1.));
#6863=DIRECTION('',(1.,0.,0.));
#6864=DIRECTION('',(0.,0.,1.));
#6865=DIRECTION('',(1.,0.,0.));
#6866=DIRECTION('',(0.,0.,1.));
#6867=DIRECTION('',(1.,0.,0.));
#6868=DIRECTION('',(-1.,0.,0.));
#6869=DIRECTION('',(0.,0.,1.));
#6870=DIRECTION('',(-1.,0.,0.));
#6871=DIRECTION('',(0.,0.,1.));
#6872=DIRECTION('',(1.,0.,0.));
#6873=DIRECTION('',(0.,0.,-1.));
#6874=DIRECTION('',(0.,0.,-1.));
#6875=DIRECTION('',(-1.,0.,0.));
#6876=DIRECTION('',(0.,0.,1.));
#6877=DIRECTION('',(1.,0.,0.));
#6878=DIRECTION('',(0.,0.,1.));
#6879=DIRECTION('',(1.,0.,0.));
#6880=DIRECTION('',(0.,0.,1.));
#6881=DIRECTION('',(1.,0.,0.));
#6882=DIRECTION('',(1.,0.,0.));
#6883=DIRECTION('',(0.,0.,-1.));
#6884=DIRECTION('',(1.,0.,0.));
#6885=DIRECTION('',(0.,0.,-1.));
#6886=DIRECTION('',(0.,0.,1.));
#6887=DIRECTION('',(1.,0.,0.));
#6888=DIRECTION('',(0.,-1.,0.));
#6889=DIRECTION('',(0.,0.,-1.));
#6890=DIRECTION('',(0.,0.,1.));
#6891=DIRECTION('',(1.,0.,0.));
#6892=DIRECTION('',(0.,1.,0.));
#6893=DIRECTION('',(0.,0.,1.));
#6894=DIRECTION('',(0.,-1.,0.));
#6895=DIRECTION('',(0.,0.,-1.));
#6896=DIRECTION('',(1.,0.,0.));
#6897=DIRECTION('',(0.,0.,-1.));
#6898=DIRECTION('',(0.,0.,-1.));
#6899=DIRECTION('',(-1.,0.,0.));
#6900=DIRECTION('',(1.,0.,0.));
#6901=DIRECTION('',(0.,-1.,0.));
#6902=DIRECTION('',(-1.,0.,0.));
#6903=DIRECTION('',(0.,-1.,0.));
#6904=DIRECTION('',(-1.,0.,0.));
#6905=DIRECTION('',(0.,0.,1.));
#6906=DIRECTION('',(0.,0.,1.));
#6907=DIRECTION('',(0.,-1.,0.));
#6908=DIRECTION('',(0.,0.,-1.));
#6909=DIRECTION('',(0.,-1.,0.));
#6910=DIRECTION('',(0.,0.,-1.));
#6911=DIRECTION('',(-1.,0.,0.));
#6912=DIRECTION('',(0.,-1.,0.));
#6913=DIRECTION('',(1.,0.,0.));
#6914=DIRECTION('',(0.,-1.,0.));
#6915=DIRECTION('',(-1.,0.,0.));
#6916=DIRECTION('',(-1.,0.,0.));
#6917=DIRECTION('',(0.,0.,1.));
#6918=DIRECTION('',(0.,0.,-1.));
#6919=DIRECTION('',(0.,-1.,0.));
#6920=DIRECTION('',(0.,0.,1.));
#6921=DIRECTION('',(0.,-1.,0.));
#6922=DIRECTION('',(0.,0.,-1.));
#6923=DIRECTION('',(-1.,0.,0.));
#6924=DIRECTION('',(-1.,0.,0.));
#6925=DIRECTION('',(0.,-1.,0.));
#6926=DIRECTION('',(1.,0.,0.));
#6927=DIRECTION('',(0.,-1.,0.));
#6928=DIRECTION('',(-1.,0.,0.));
#6929=DIRECTION('',(0.,0.,1.));
#6930=DIRECTION('',(0.,-1.,0.));
#6931=DIRECTION('',(0.,0.,-1.));
#6932=DIRECTION('',(0.,-1.,0.));
#6933=DIRECTION('',(0.,0.,1.));
#6934=DIRECTION('',(0.,0.,-1.));
#6935=DIRECTION('',(-1.,0.,0.));
#6936=DIRECTION('',(1.,0.,0.));
#6937=DIRECTION('',(0.,-1.,0.));
#6938=DIRECTION('',(-1.,0.,0.));
#6939=DIRECTION('',(0.,-1.,0.));
#6940=DIRECTION('',(-1.,0.,0.));
#6941=DIRECTION('',(0.,0.,1.));
#6942=DIRECTION('',(0.,0.,-1.));
#6943=DIRECTION('',(0.,-1.,0.));
#6944=DIRECTION('',(0.,0.,1.));
#6945=DIRECTION('',(0.,-1.,0.));
#6946=DIRECTION('',(0.,0.,-1.));
#6947=DIRECTION('',(-1.,0.,0.));
#6948=DIRECTION('',(1.,0.,0.));
#6949=DIRECTION('',(0.,-1.,0.));
#6950=DIRECTION('',(-1.,0.,0.));
#6951=DIRECTION('',(0.,-1.,0.));
#6952=DIRECTION('',(-1.,0.,0.));
#6953=DIRECTION('',(0.,0.,1.));
#6954=DIRECTION('',(0.,0.,1.));
#6955=DIRECTION('',(0.,-1.,0.));
#6956=DIRECTION('',(0.,0.,-1.));
#6957=DIRECTION('',(0.,-1.,0.));
#6958=DIRECTION('',(0.,0.,-1.));
#6959=DIRECTION('',(-1.,0.,0.));
#6960=DIRECTION('',(-1.,0.,0.));
#6961=DIRECTION('',(0.,-1.,0.));
#6962=DIRECTION('',(1.,0.,0.));
#6963=DIRECTION('',(0.,-1.,0.));
#6964=DIRECTION('',(-1.,0.,0.));
#6965=DIRECTION('',(0.,0.,1.));
#6966=DIRECTION('',(0.,-1.,0.));
#6967=DIRECTION('',(0.,0.,-1.));
#6968=DIRECTION('',(0.,-1.,0.));
#6969=DIRECTION('',(0.,0.,1.));
#6970=DIRECTION('',(-1.,0.,0.));
#6971=DIRECTION('',(0.,0.,1.));
#6972=DIRECTION('',(0.,0.,1.));
#6973=DIRECTION('',(0.,-1.,0.));
#6974=DIRECTION('',(0.,0.,-1.));
#6975=DIRECTION('',(0.,-1.,0.));
#6976=DIRECTION('',(0.,0.,-1.));
#6977=DIRECTION('',(-1.,0.,0.));
#6978=DIRECTION('',(0.,-1.,0.));
#6979=DIRECTION('',(1.,0.,0.));
#6980=DIRECTION('',(0.,-1.,0.));
#6981=DIRECTION('',(-1.,0.,0.));
#6982=DIRECTION('',(-1.,0.,0.));
#6983=DIRECTION('',(0.,0.,1.));
#6984=DIRECTION('',(0.,0.,-1.));
#6985=DIRECTION('',(0.,-1.,0.));
#6986=DIRECTION('',(0.,0.,1.));
#6987=DIRECTION('',(0.,-1.,0.));
#6988=DIRECTION('',(0.,0.,-1.));
#6989=DIRECTION('',(-1.,0.,0.));
#6990=DIRECTION('',(1.,0.,0.));
#6991=DIRECTION('',(0.,-1.,0.));
#6992=DIRECTION('',(-1.,0.,0.));
#6993=DIRECTION('',(0.,-1.,0.));
#6994=DIRECTION('',(0.,0.,-1.));
#6995=DIRECTION('',(-1.,0.,0.));
#6996=DIRECTION('',(0.,-1.,0.));
#6997=DIRECTION('',(1.,0.,0.));
#6998=DIRECTION('',(0.,-1.,0.));
#6999=DIRECTION('',(-1.,0.,0.));
#7000=DIRECTION('',(-1.,0.,0.));
#7001=DIRECTION('',(0.,0.,1.));
#7002=DIRECTION('',(0.,0.,-1.));
#7003=DIRECTION('',(0.,-1.,0.));
#7004=DIRECTION('',(0.,0.,1.));
#7005=DIRECTION('',(0.,-1.,0.));
#7006=DIRECTION('',(0.,0.,-1.));
#7007=DIRECTION('',(-1.,0.,0.));
#7008=DIRECTION('',(1.,0.,0.));
#7009=DIRECTION('',(0.,-1.,0.));
#7010=DIRECTION('',(-1.,0.,0.));
#7011=DIRECTION('',(0.,-1.,0.));
#7012=DIRECTION('',(-1.,0.,0.));
#7013=DIRECTION('',(0.,0.,1.));
#7014=DIRECTION('',(0.,0.,1.));
#7015=DIRECTION('',(0.,-1.,0.));
#7016=DIRECTION('',(0.,0.,-1.));
#7017=DIRECTION('',(0.,-1.,0.));
#7018=DIRECTION('',(0.,0.,-1.));
#7019=DIRECTION('',(-1.,0.,0.));
#7020=DIRECTION('',(1.,0.,0.));
#7021=DIRECTION('',(0.,-1.,0.));
#7022=DIRECTION('',(-1.,0.,0.));
#7023=DIRECTION('',(0.,-1.,0.));
#7024=DIRECTION('',(-1.,0.,0.));
#7025=DIRECTION('',(0.,0.,1.));
#7026=DIRECTION('',(0.,0.,1.));
#7027=DIRECTION('',(0.,-1.,0.));
#7028=DIRECTION('',(0.,0.,-1.));
#7029=DIRECTION('',(0.,-1.,0.));
#7030=DIRECTION('',(0.,0.,-1.));
#7031=DIRECTION('',(-1.,0.,0.));
#7032=DIRECTION('',(-1.,0.,0.));
#7033=DIRECTION('',(0.,-1.,0.));
#7034=DIRECTION('',(1.,0.,0.));
#7035=DIRECTION('',(0.,-1.,0.));
#7036=DIRECTION('',(-1.,0.,0.));
#7037=DIRECTION('',(0.,0.,1.));
#7038=DIRECTION('',(0.,-1.,0.));
#7039=DIRECTION('',(0.,0.,-1.));
#7040=DIRECTION('',(0.,-1.,0.));
#7041=DIRECTION('',(0.,0.,1.));
#7042=DIRECTION('',(0.,0.,-1.));
#7043=DIRECTION('',(-1.,0.,0.));
#7044=DIRECTION('',(-1.,0.,0.));
#7045=DIRECTION('',(0.,-1.,0.));
#7046=DIRECTION('',(1.,0.,0.));
#7047=DIRECTION('',(0.,-1.,0.));
#7048=DIRECTION('',(-1.,0.,0.));
#7049=DIRECTION('',(0.,0.,1.));
#7050=DIRECTION('',(0.,-1.,0.));
#7051=DIRECTION('',(0.,0.,-1.));
#7052=DIRECTION('',(0.,-1.,0.));
#7053=DIRECTION('',(0.,0.,1.));
#7054=DIRECTION('',(0.,0.,-1.));
#7055=DIRECTION('',(-1.,0.,0.));
#7056=DIRECTION('',(1.,0.,0.));
#7057=DIRECTION('',(0.,-1.,0.));
#7058=DIRECTION('',(-1.,0.,0.));
#7059=DIRECTION('',(0.,-1.,0.));
#7060=DIRECTION('',(-1.,0.,0.));
#7061=DIRECTION('',(0.,0.,1.));
#7062=DIRECTION('',(0.,0.,1.));
#7063=DIRECTION('',(0.,-1.,0.));
#7064=DIRECTION('',(0.,0.,-1.));
#7065=DIRECTION('',(0.,-1.,0.));
#7066=DIRECTION('',(0.,0.,-1.));
#7067=DIRECTION('',(-1.,0.,0.));
#7068=DIRECTION('',(1.,0.,0.));
#7069=DIRECTION('',(0.,-1.,0.));
#7070=DIRECTION('',(-1.,0.,0.));
#7071=DIRECTION('',(0.,-1.,0.));
#7072=DIRECTION('',(-1.,0.,0.));
#7073=DIRECTION('',(0.,0.,1.));
#7074=DIRECTION('',(0.,0.,1.));
#7075=DIRECTION('',(0.,-1.,0.));
#7076=DIRECTION('',(0.,0.,-1.));
#7077=DIRECTION('',(0.,-1.,0.));
#7078=DIRECTION('',(0.,0.,-1.));
#7079=DIRECTION('',(-1.,0.,0.));
#7080=DIRECTION('',(0.,-1.,0.));
#7081=DIRECTION('',(1.,0.,0.));
#7082=DIRECTION('',(0.,-1.,0.));
#7083=DIRECTION('',(-1.,0.,0.));
#7084=DIRECTION('',(-1.,0.,0.));
#7085=DIRECTION('',(0.,0.,1.));
#7086=DIRECTION('',(0.,0.,-1.));
#7087=DIRECTION('',(0.,-1.,0.));
#7088=DIRECTION('',(0.,0.,1.));
#7089=DIRECTION('',(0.,-1.,0.));
#7090=DIRECTION('',(0.,0.,-1.));
#7091=DIRECTION('',(-1.,0.,0.));
#7092=DIRECTION('',(-1.,0.,0.));
#7093=DIRECTION('',(0.,-1.,0.));
#7094=DIRECTION('',(1.,0.,0.));
#7095=DIRECTION('',(0.,-1.,0.));
#7096=DIRECTION('',(-1.,0.,0.));
#7097=DIRECTION('',(0.,0.,1.));
#7098=DIRECTION('',(0.,-1.,0.));
#7099=DIRECTION('',(0.,0.,-1.));
#7100=DIRECTION('',(0.,-1.,0.));
#7101=DIRECTION('',(0.,0.,1.));
#7102=DIRECTION('',(0.,0.,-1.));
#7103=DIRECTION('',(-1.,0.,0.));
#7104=DIRECTION('',(1.,0.,0.));
#7105=DIRECTION('',(0.,-1.,0.));
#7106=DIRECTION('',(-1.,0.,0.));
#7107=DIRECTION('',(0.,-1.,0.));
#7108=DIRECTION('',(-1.,0.,0.));
#7109=DIRECTION('',(0.,0.,1.));
#7110=DIRECTION('',(0.,0.,1.));
#7111=DIRECTION('',(0.,-1.,0.));
#7112=DIRECTION('',(0.,0.,-1.));
#7113=DIRECTION('',(0.,-1.,0.));
#7114=DIRECTION('',(0.,0.,-1.));
#7115=DIRECTION('',(-1.,0.,0.));
#7116=DIRECTION('',(-1.,0.,0.));
#7117=DIRECTION('',(0.,-1.,0.));
#7118=DIRECTION('',(1.,0.,0.));
#7119=DIRECTION('',(0.,-1.,0.));
#7120=DIRECTION('',(-1.,0.,0.));
#7121=DIRECTION('',(0.,0.,1.));
#7122=DIRECTION('',(0.,-1.,0.));
#7123=DIRECTION('',(0.,0.,-1.));
#7124=DIRECTION('',(0.,-1.,0.));
#7125=DIRECTION('',(0.,0.,1.));
#7126=DIRECTION('',(0.,0.,-1.));
#7127=DIRECTION('',(-1.,0.,0.));
#7128=DIRECTION('',(1.,0.,0.));
#7129=DIRECTION('',(0.,-1.,0.));
#7130=DIRECTION('',(-1.,0.,0.));
#7131=DIRECTION('',(0.,-1.,0.));
#7132=DIRECTION('',(-1.,0.,0.));
#7133=DIRECTION('',(0.,0.,1.));
#7134=DIRECTION('',(0.,0.,1.));
#7135=DIRECTION('',(0.,-1.,0.));
#7136=DIRECTION('',(0.,0.,-1.));
#7137=DIRECTION('',(0.,-1.,0.));
#7138=DIRECTION('',(0.,0.,1.));
#7139=DIRECTION('',(1.,0.,0.));
#7140=DIRECTION('',(0.,0.,1.));
#7141=DIRECTION('',(1.,0.,0.));
#7142=DIRECTION('',(0.,0.,-1.));
#7143=DIRECTION('',(-1.,0.,0.));
#7144=DIRECTION('',(0.,1.,0.));
#7145=DIRECTION('',(0.,0.,1.));
#7146=DIRECTION('',(0.,1.,0.));
#7147=DIRECTION('',(0.,0.,1.));
#7148=DIRECTION('',(1.,0.,0.));
#7149=DIRECTION('',(0.,0.,-1.));
#7150=DIRECTION('',(0.,1.,0.));
#7151=DIRECTION('',(0.,0.,1.));
#7152=DIRECTION('',(1.,0.,0.));
#7153=DIRECTION('',(0.,0.,-1.));
#7154=DIRECTION('',(0.,1.,0.));
#7155=DIRECTION('',(0.,0.,1.));
#7156=DIRECTION('',(0.,1.,0.));
#7157=DIRECTION('',(0.,0.,1.));
#7158=DIRECTION('',(0.,1.,0.));
#7159=DIRECTION('',(0.,0.,1.));
#7160=DIRECTION('',(-1.,0.,0.));
#7161=DIRECTION('',(0.,0.,1.));
#7162=DIRECTION('',(-1.,0.,0.));
#7163=DIRECTION('',(0.,0.,1.));
#7164=DIRECTION('',(0.,0.,-1.));
#7165=DIRECTION('',(-1.,0.,0.));
#7166=DIRECTION('',(0.,0.,-1.));
#7167=DIRECTION('',(-1.,0.,0.));
#7168=DIRECTION('',(0.,0.,1.));
#7169=DIRECTION('',(1.,0.,0.));
#7170=DIRECTION('',(1.,0.,0.));
#7171=DIRECTION('',(0.,0.,-1.));
#7172=DIRECTION('',(-1.,0.,0.));
#7173=DIRECTION('',(0.,0.,1.));
#7174=DIRECTION('',(0.,-1.,0.));
#7175=DIRECTION('',(0.,0.,-1.));
#7176=DIRECTION('',(0.,1.,0.));
#7177=DIRECTION('',(0.,0.,1.));
#7178=DIRECTION('',(0.,0.,1.));
#7179=DIRECTION('',(1.,0.,0.));
#7180=DIRECTION('',(0.,0.,-1.));
#7181=DIRECTION('',(-1.,0.,0.));
#7182=DIRECTION('',(0.,0.,1.));
#7183=DIRECTION('',(1.,0.,0.));
#7184=DIRECTION('',(0.,1.,0.));
#7185=DIRECTION('',(0.,0.,1.));
#7186=DIRECTION('',(1.,0.,0.));
#7187=DIRECTION('',(0.,0.,-1.));
#7188=DIRECTION('',(0.,1.,0.));
#7189=DIRECTION('',(0.,0.,1.));
#7190=DIRECTION('',(0.,1.,0.));
#7191=DIRECTION('',(0.,0.,1.));
#7192=DIRECTION('',(0.,1.,0.));
#7193=DIRECTION('',(0.,0.,1.));
#7194=DIRECTION('',(0.,1.,0.));
#7195=DIRECTION('',(0.,0.,1.));
#7196=DIRECTION('',(0.,1.,0.));
#7197=DIRECTION('',(0.,0.,1.));
#7198=DIRECTION('',(1.,0.,0.));
#7199=DIRECTION('',(0.,0.,-1.));
#7200=DIRECTION('',(-1.,0.,0.));
#7201=DIRECTION('',(0.,0.,1.));
#7202=DIRECTION('',(-1.,0.,0.));
#7203=DIRECTION('',(0.,0.,1.));
#7204=DIRECTION('',(0.,-1.,0.));
#7205=DIRECTION('',(0.,0.,-1.));
#7206=DIRECTION('',(0.,1.,0.));
#7207=DIRECTION('',(0.,0.,1.));
#7208=DIRECTION('',(0.,1.,0.));
#7209=DIRECTION('',(0.,0.,1.));
#7210=DIRECTION('',(0.,1.,0.));
#7211=DIRECTION('',(0.,0.,1.));
#7212=DIRECTION('',(1.,0.,0.));
#7213=DIRECTION('',(0.,0.,-1.));
#7214=DIRECTION('',(-1.,0.,0.));
#7215=DIRECTION('',(0.,0.,1.));
#7216=DIRECTION('',(0.,1.,0.));
#7217=DIRECTION('',(0.,0.,1.));
#7218=DIRECTION('',(0.,0.,1.));
#7219=DIRECTION('',(1.,0.,0.));
#7220=DIRECTION('',(0.,1.,0.));
#7221=DIRECTION('',(0.,0.,1.));
#7222=DIRECTION('',(0.,0.,-1.));
#7223=DIRECTION('',(-1.,0.,0.));
#7224=DIRECTION('',(0.,0.,-1.));
#7225=DIRECTION('',(-1.,0.,0.));
#7226=DIRECTION('',(1.,0.,0.));
#7227=DIRECTION('',(0.,0.,-1.));
#7228=DIRECTION('',(1.,0.,0.));
#7229=DIRECTION('',(0.,0.,-1.));
#7230=DIRECTION('',(-1.,0.,0.));
#7231=DIRECTION('',(0.,0.,1.));
#7232=DIRECTION('',(0.,1.,0.));
#7233=DIRECTION('',(0.,0.,1.));
#7234=DIRECTION('',(0.,0.,-1.));
#7235=DIRECTION('',(-1.,0.,0.));
#7236=DIRECTION('',(0.,1.,0.));
#7237=DIRECTION('',(0.,0.,1.));
#7238=DIRECTION('',(0.,1.,0.));
#7239=DIRECTION('',(0.,0.,1.));
#7240=DIRECTION('',(0.,1.,0.));
#7241=DIRECTION('',(0.,0.,1.));
#7242=DIRECTION('',(0.,0.,-1.));
#7243=DIRECTION('',(-1.,0.,0.));
#7244=DIRECTION('',(0.,0.,-1.));
#7245=DIRECTION('',(-1.,0.,0.));
#7246=DIRECTION('',(0.,0.,1.));
#7247=DIRECTION('',(1.,0.,0.));
#7248=DIRECTION('',(0.,1.,0.));
#7249=DIRECTION('',(0.,0.,1.));
#7250=DIRECTION('',(0.,1.,0.));
#7251=DIRECTION('',(0.,0.,1.));
#7252=DIRECTION('',(1.,0.,0.));
#7253=DIRECTION('',(0.,0.,-1.));
#7254=DIRECTION('',(1.,0.,0.));
#7255=DIRECTION('',(0.,0.,-1.));
#7256=DIRECTION('',(-1.,0.,0.));
#7257=DIRECTION('',(0.,0.,1.));
#7258=DIRECTION('',(0.,-1.,0.));
#7259=DIRECTION('',(0.,0.,-1.));
#7260=DIRECTION('',(0.,1.,0.));
#7261=DIRECTION('',(0.,0.,1.));
#7262=DIRECTION('',(0.,0.,1.));
#7263=DIRECTION('',(1.,0.,0.));
#7264=DIRECTION('',(0.,0.,1.));
#7265=DIRECTION('',(1.,0.,0.));
#7266=DIRECTION('',(-1.,0.,0.));
#7267=DIRECTION('',(0.,0.,1.));
#7268=DIRECTION('',(-1.,0.,0.));
#7269=DIRECTION('',(0.,0.,1.));
#7270=DIRECTION('',(1.,0.,0.));
#7271=DIRECTION('',(0.,0.,-1.));
#7272=DIRECTION('',(0.,1.,0.));
#7273=DIRECTION('',(0.,0.,1.));
#7274=DIRECTION('',(0.,1.,0.));
#7275=DIRECTION('',(0.,0.,1.));
#7276=DIRECTION('',(0.,1.,0.));
#7277=DIRECTION('',(0.,0.,1.));
#7278=DIRECTION('',(0.,0.,-1.));
#7279=DIRECTION('',(-1.,0.,0.));
#7280=DIRECTION('',(0.,1.,0.));
#7281=DIRECTION('',(0.,0.,1.));
#7282=DIRECTION('',(0.,0.,-1.));
#7283=DIRECTION('',(-1.,0.,0.));
#7284=DIRECTION('',(0.,1.,0.));
#7285=DIRECTION('',(0.,0.,1.));
#7286=DIRECTION('',(0.,1.,0.));
#7287=DIRECTION('',(0.,0.,1.));
#7288=DIRECTION('',(0.,-1.,0.));
#7289=DIRECTION('',(0.,0.,-1.));
#7290=DIRECTION('',(0.,1.,0.));
#7291=DIRECTION('',(0.,0.,1.));
#7292=DIRECTION('',(0.,0.,-1.));
#7293=DIRECTION('',(-1.,0.,0.));
#7294=DIRECTION('',(0.,0.,1.));
#7295=DIRECTION('',(1.,0.,0.));
#7296=DIRECTION('',(0.,0.,1.));
#7297=DIRECTION('',(1.,0.,0.));
#7298=DIRECTION('',(0.,0.,1.));
#7299=DIRECTION('',(1.,0.,0.));
#7300=DIRECTION('',(0.,1.,0.));
#7301=DIRECTION('',(0.,0.,1.));
#7302=DIRECTION('',(0.,1.,0.));
#7303=DIRECTION('',(0.,0.,1.));
#7304=DIRECTION('',(0.,1.,0.));
#7305=DIRECTION('',(0.,0.,1.));
#7306=DIRECTION('',(-1.,0.,0.));
#7307=DIRECTION('',(0.,0.,1.));
#7308=DIRECTION('',(0.,1.,0.));
#7309=DIRECTION('',(0.,0.,1.));
#7310=DIRECTION('',(1.,0.,0.));
#7311=DIRECTION('',(0.,0.,-1.));
#7312=DIRECTION('',(-1.,0.,0.));
#7313=DIRECTION('',(0.,0.,1.));
#7314=DIRECTION('',(-1.,0.,0.));
#7315=DIRECTION('',(0.,0.,1.));
#7316=DIRECTION('',(-1.,0.,0.));
#7317=DIRECTION('',(0.,0.,1.));
#7318=DIRECTION('',(1.,0.,0.));
#7319=DIRECTION('',(0.,0.,-1.));
#7320=DIRECTION('',(0.,1.,0.));
#7321=DIRECTION('',(0.,0.,1.));
#7322=DIRECTION('',(0.,1.,0.));
#7323=DIRECTION('',(0.,0.,1.));
#7324=DIRECTION('',(0.,0.,1.));
#7325=DIRECTION('',(1.,0.,0.));
#7326=DIRECTION('',(0.,1.,0.));
#7327=DIRECTION('',(0.,0.,1.));
#7328=DIRECTION('',(0.,0.,1.));
#7329=DIRECTION('',(1.,0.,0.));
#7330=DIRECTION('',(0.,1.,0.));
#7331=DIRECTION('',(0.,0.,1.));
#7332=DIRECTION('',(0.,-1.,0.));
#7333=DIRECTION('',(0.,0.,-1.));
#7334=DIRECTION('',(0.,1.,0.));
#7335=DIRECTION('',(0.,0.,1.));
#7336=DIRECTION('',(0.,0.,-1.));
#7337=DIRECTION('',(-1.,0.,0.));
#7338=DIRECTION('',(0.,0.,-1.));
#7339=DIRECTION('',(-1.,0.,0.));
#7340=DIRECTION('',(1.,0.,0.));
#7341=DIRECTION('',(0.,0.,-1.));
#7342=DIRECTION('',(1.,0.,0.));
#7343=DIRECTION('',(0.,0.,-1.));
#7344=DIRECTION('',(-1.,0.,0.));
#7345=DIRECTION('',(0.,0.,1.));
#7346=DIRECTION('',(0.,0.,1.));
#7347=DIRECTION('',(1.,0.,0.));
#7348=DIRECTION('',(0.,0.,-1.));
#7349=DIRECTION('',(-1.,0.,0.));
#7350=DIRECTION('',(0.,1.,0.));
#7351=DIRECTION('',(0.,0.,1.));
#7352=DIRECTION('',(0.,1.,0.));
#7353=DIRECTION('',(0.,0.,1.));
#7354=DIRECTION('',(-1.,0.,0.));
#7355=DIRECTION('',(0.,0.,1.));
#7356=DIRECTION('',(1.,0.,0.));
#7357=DIRECTION('',(0.,0.,-1.));
#7358=DIRECTION('',(-1.,0.,0.));
#7359=DIRECTION('',(0.,0.,1.));
#7360=DIRECTION('',(0.,1.,0.));
#7361=DIRECTION('',(0.,0.,1.));
#7362=DIRECTION('',(0.,0.,1.));
#7363=DIRECTION('',(1.,0.,0.));
#7364=DIRECTION('',(0.,1.,0.));
#7365=DIRECTION('',(0.,0.,1.));
#7366=DIRECTION('',(0.,1.,0.));
#7367=DIRECTION('',(0.,0.,1.));
#7368=DIRECTION('',(0.,1.,0.));
#7369=DIRECTION('',(0.,0.,1.));
#7370=DIRECTION('',(0.,1.,0.));
#7371=DIRECTION('',(0.,0.,1.));
#7372=DIRECTION('',(0.,1.,0.));
#7373=DIRECTION('',(0.,0.,1.));
#7374=DIRECTION('',(0.,0.,1.));
#7375=DIRECTION('',(1.,0.,0.));
#7376=DIRECTION('',(0.,0.,-1.));
#7377=DIRECTION('',(-1.,0.,0.));
#7378=DIRECTION('',(0.,0.,-1.));
#7379=DIRECTION('',(-1.,0.,0.));
#7380=DIRECTION('',(0.,1.,0.));
#7381=DIRECTION('',(0.,0.,1.));
#7382=DIRECTION('',(0.,1.,0.));
#7383=DIRECTION('',(0.,0.,1.));
#7384=DIRECTION('',(0.,-1.,0.));
#7385=DIRECTION('',(0.,0.,-1.));
#7386=DIRECTION('',(0.,1.,0.));
#7387=DIRECTION('',(0.,0.,1.));
#7388=DIRECTION('',(0.,0.,1.));
#7389=DIRECTION('',(1.,0.,0.));
#7390=DIRECTION('',(0.,0.,-1.));
#7391=DIRECTION('',(-1.,0.,0.));
#7392=DIRECTION('',(0.,1.,0.));
#7393=DIRECTION('',(0.,0.,1.));
#7394=DIRECTION('',(-1.,0.,0.));
#7395=DIRECTION('',(0.,0.,1.));
#7396=DIRECTION('',(0.,1.,0.));
#7397=DIRECTION('',(0.,0.,1.));
#7398=DIRECTION('',(1.,0.,0.));
#7399=DIRECTION('',(0.,0.,-1.));
#7400=DIRECTION('',(1.,0.,0.));
#7401=DIRECTION('',(0.,0.,-1.));
#7402=DIRECTION('',(0.,0.,1.));
#7403=DIRECTION('',(1.,0.,0.));
#7404=DIRECTION('',(0.,0.,1.));
#7405=DIRECTION('',(1.,0.,0.));
#7406=DIRECTION('',(0.,0.,-1.));
#7407=DIRECTION('',(-1.,0.,0.));
#7408=DIRECTION('',(0.,1.,0.));
#7409=DIRECTION('',(0.,0.,1.));
#7410=DIRECTION('',(0.,1.,0.));
#7411=DIRECTION('',(0.,0.,1.));
#7412=DIRECTION('',(1.,0.,0.));
#7413=DIRECTION('',(0.,0.,-1.));
#7414=DIRECTION('',(0.,1.,0.));
#7415=DIRECTION('',(0.,0.,1.));
#7416=DIRECTION('',(1.,0.,0.));
#7417=DIRECTION('',(0.,0.,-1.));
#7418=DIRECTION('',(0.,1.,0.));
#7419=DIRECTION('',(0.,0.,1.));
#7420=DIRECTION('',(0.,1.,0.));
#7421=DIRECTION('',(0.,0.,1.));
#7422=DIRECTION('',(0.,1.,0.));
#7423=DIRECTION('',(0.,0.,1.));
#7424=DIRECTION('',(-1.,0.,0.));
#7425=DIRECTION('',(0.,0.,1.));
#7426=DIRECTION('',(-1.,0.,0.));
#7427=DIRECTION('',(0.,0.,1.));
#7428=DIRECTION('',(0.,0.,-1.));
#7429=DIRECTION('',(-1.,0.,0.));
#7430=DIRECTION('',(0.,0.,-1.));
#7431=DIRECTION('',(-1.,0.,0.));
#7432=DIRECTION('',(0.,0.,1.));
#7433=DIRECTION('',(1.,0.,0.));
#7434=DIRECTION('',(1.,0.,0.));
#7435=DIRECTION('',(0.,0.,-1.));
#7436=DIRECTION('',(-1.,0.,0.));
#7437=DIRECTION('',(0.,0.,1.));
#7438=DIRECTION('',(0.,-1.,0.));
#7439=DIRECTION('',(0.,0.,-1.));
#7440=DIRECTION('',(0.,1.,0.));
#7441=DIRECTION('',(0.,0.,1.));
#7442=DIRECTION('',(0.,0.,1.));
#7443=DIRECTION('',(1.,0.,0.));
#7444=DIRECTION('',(0.,0.,-1.));
#7445=DIRECTION('',(-1.,0.,0.));
#7446=DIRECTION('',(0.,0.,1.));
#7447=DIRECTION('',(1.,0.,0.));
#7448=DIRECTION('',(0.,1.,0.));
#7449=DIRECTION('',(0.,0.,1.));
#7450=DIRECTION('',(1.,0.,0.));
#7451=DIRECTION('',(0.,0.,-1.));
#7452=DIRECTION('',(0.,1.,0.));
#7453=DIRECTION('',(0.,0.,1.));
#7454=DIRECTION('',(0.,1.,0.));
#7455=DIRECTION('',(0.,0.,1.));
#7456=DIRECTION('',(0.,1.,0.));
#7457=DIRECTION('',(0.,0.,1.));
#7458=DIRECTION('',(0.,1.,0.));
#7459=DIRECTION('',(0.,0.,1.));
#7460=DIRECTION('',(0.,1.,0.));
#7461=DIRECTION('',(0.,0.,1.));
#7462=DIRECTION('',(1.,0.,0.));
#7463=DIRECTION('',(0.,0.,-1.));
#7464=DIRECTION('',(-1.,0.,0.));
#7465=DIRECTION('',(0.,0.,1.));
#7466=DIRECTION('',(-1.,0.,0.));
#7467=DIRECTION('',(0.,0.,1.));
#7468=DIRECTION('',(0.,-1.,0.));
#7469=DIRECTION('',(0.,0.,-1.));
#7470=DIRECTION('',(0.,1.,0.));
#7471=DIRECTION('',(0.,0.,1.));
#7472=DIRECTION('',(0.,1.,0.));
#7473=DIRECTION('',(0.,0.,1.));
#7474=DIRECTION('',(0.,1.,0.));
#7475=DIRECTION('',(0.,0.,1.));
#7476=DIRECTION('',(1.,0.,0.));
#7477=DIRECTION('',(0.,0.,-1.));
#7478=DIRECTION('',(-1.,0.,0.));
#7479=DIRECTION('',(0.,0.,1.));
#7480=DIRECTION('',(0.,1.,0.));
#7481=DIRECTION('',(0.,0.,1.));
#7482=DIRECTION('',(0.,0.,1.));
#7483=DIRECTION('',(1.,0.,0.));
#7484=DIRECTION('',(0.,1.,0.));
#7485=DIRECTION('',(0.,0.,1.));
#7486=DIRECTION('',(0.,0.,-1.));
#7487=DIRECTION('',(-1.,0.,0.));
#7488=DIRECTION('',(0.,0.,-1.));
#7489=DIRECTION('',(-1.,0.,0.));
#7490=DIRECTION('',(0.,0.,-1.));
#7491=DIRECTION('',(-1.,0.,0.));
#7492=DIRECTION('',(0.,0.,-1.));
#7493=DIRECTION('',(-1.,0.,0.));
#7494=DIRECTION('',(0.,0.,1.));
#7495=DIRECTION('',(1.,0.,0.));
#7496=DIRECTION('',(0.,1.,0.));
#7497=DIRECTION('',(0.,0.,1.));
#7498=DIRECTION('',(-1.,0.,0.));
#7499=DIRECTION('',(0.,0.,1.));
#7500=DIRECTION('',(0.,1.,0.));
#7501=DIRECTION('',(0.,0.,1.));
#7502=DIRECTION('',(0.,1.,0.));
#7503=DIRECTION('',(0.,0.,1.));
#7504=DIRECTION('',(0.,1.,0.));
#7505=DIRECTION('',(0.,0.,1.));
#7506=DIRECTION('',(-1.,0.,0.));
#7507=DIRECTION('',(0.,0.,1.));
#7508=DIRECTION('',(-1.,0.,0.));
#7509=DIRECTION('',(0.,0.,1.));
#7510=DIRECTION('',(1.,0.,0.));
#7511=DIRECTION('',(0.,0.,-1.));
#7512=DIRECTION('',(0.,-1.,0.));
#7513=DIRECTION('',(0.,0.,-1.));
#7514=DIRECTION('',(0.,1.,0.));
#7515=DIRECTION('',(0.,0.,1.));
#7516=DIRECTION('',(0.,0.,-1.));
#7517=DIRECTION('',(-1.,0.,0.));
#7518=DIRECTION('',(0.,0.,-1.));
#7519=DIRECTION('',(-1.,0.,0.));
#7520=DIRECTION('',(0.,0.,1.));
#7521=DIRECTION('',(1.,0.,0.));
#7522=DIRECTION('',(0.,1.,0.));
#7523=DIRECTION('',(0.,0.,1.));
#7524=DIRECTION('',(0.,1.,0.));
#7525=DIRECTION('',(0.,0.,1.));
#7526=DIRECTION('',(1.,0.,0.));
#7527=DIRECTION('',(0.,0.,-1.));
#7528=DIRECTION('',(1.,0.,0.));
#7529=DIRECTION('',(0.,0.,-1.));
#7530=DIRECTION('',(0.,0.,1.));
#7531=DIRECTION('',(1.,0.,0.));
#7532=DIRECTION('',(0.,0.,1.));
#7533=DIRECTION('',(1.,0.,0.));
#7534=DIRECTION('',(0.,0.,-1.));
#7535=DIRECTION('',(-1.,0.,0.));
#7536=DIRECTION('',(0.,1.,0.));
#7537=DIRECTION('',(0.,0.,1.));
#7538=DIRECTION('',(0.,1.,0.));
#7539=DIRECTION('',(0.,0.,1.));
#7540=DIRECTION('',(0.,1.,0.));
#7541=DIRECTION('',(0.,0.,1.));
#7542=DIRECTION('',(-1.,0.,0.));
#7543=DIRECTION('',(0.,0.,1.));
#7544=DIRECTION('',(0.,1.,0.));
#7545=DIRECTION('',(0.,0.,1.));
#7546=DIRECTION('',(-1.,0.,0.));
#7547=DIRECTION('',(0.,0.,1.));
#7548=DIRECTION('',(0.,1.,0.));
#7549=DIRECTION('',(0.,0.,1.));
#7550=DIRECTION('',(0.,1.,0.));
#7551=DIRECTION('',(0.,0.,1.));
#7552=DIRECTION('',(0.,1.,0.));
#7553=DIRECTION('',(0.,0.,1.));
#7554=DIRECTION('',(0.,1.,0.));
#7555=DIRECTION('',(0.,0.,1.));
#7556=DIRECTION('',(-1.,0.,0.));
#7557=DIRECTION('',(0.,0.,1.));
#7558=DIRECTION('',(1.,0.,0.));
#7559=DIRECTION('',(0.,0.,-1.));
#7560=DIRECTION('',(1.,0.,0.));
#7561=DIRECTION('',(0.,0.,-1.));
#7562=DIRECTION('',(1.,0.,0.));
#7563=DIRECTION('',(0.,0.,-1.));
#7564=DIRECTION('',(0.,-1.,0.));
#7565=DIRECTION('',(0.,0.,-1.));
#7566=DIRECTION('',(0.,1.,0.));
#7567=DIRECTION('',(0.,0.,1.));
#7568=DIRECTION('',(0.,1.,0.));
#7569=DIRECTION('',(0.,0.,1.));
#7570=DIRECTION('',(0.,0.,1.));
#7571=DIRECTION('',(1.,0.,0.));
#7572=DIRECTION('',(0.,1.,0.));
#7573=DIRECTION('',(0.,0.,1.));
#7574=DIRECTION('',(0.,0.,-1.));
#7575=DIRECTION('',(-1.,0.,0.));
#7576=DIRECTION('',(0.,0.,1.));
#7577=DIRECTION('',(1.,0.,0.));
#7578=DIRECTION('',(0.,0.,-1.));
#7579=DIRECTION('',(-1.,0.,0.));
#7580=DIRECTION('',(0.,0.,-1.));
#7581=DIRECTION('',(-1.,0.,0.));
#7582=DIRECTION('',(0.,0.,1.));
#7583=DIRECTION('',(1.,0.,0.));
#7584=DIRECTION('',(0.,1.,0.));
#7585=DIRECTION('',(0.,0.,1.));
#7586=DIRECTION('',(-1.,0.,0.));
#7587=DIRECTION('',(0.,0.,1.));
#7588=DIRECTION('',(0.,1.,0.));
#7589=DIRECTION('',(0.,0.,1.));
#7590=DIRECTION('',(0.,1.,0.));
#7591=DIRECTION('',(0.,0.,1.));
#7592=DIRECTION('',(0.,1.,0.));
#7593=DIRECTION('',(0.,0.,1.));
#7594=DIRECTION('',(-1.,0.,0.));
#7595=DIRECTION('',(0.,0.,1.));
#7596=DIRECTION('',(-1.,0.,0.));
#7597=DIRECTION('',(0.,0.,1.));
#7598=DIRECTION('',(1.,0.,0.));
#7599=DIRECTION('',(0.,0.,-1.));
#7600=DIRECTION('',(0.,-1.,0.));
#7601=DIRECTION('',(0.,0.,-1.));
#7602=DIRECTION('',(0.,1.,0.));
#7603=DIRECTION('',(0.,0.,1.));
#7604=DIRECTION('',(0.,0.,-1.));
#7605=DIRECTION('',(-1.,0.,0.));
#7606=DIRECTION('',(0.,0.,-1.));
#7607=DIRECTION('',(-1.,0.,0.));
#7608=DIRECTION('',(0.,0.,1.));
#7609=DIRECTION('',(1.,0.,0.));
#7610=DIRECTION('',(0.,1.,0.));
#7611=DIRECTION('',(0.,0.,1.));
#7612=DIRECTION('',(0.,1.,0.));
#7613=DIRECTION('',(0.,0.,1.));
#7614=DIRECTION('',(1.,0.,0.));
#7615=DIRECTION('',(0.,0.,-1.));
#7616=DIRECTION('',(1.,0.,0.));
#7617=DIRECTION('',(0.,0.,-1.));
#7618=DIRECTION('',(0.,0.,1.));
#7619=DIRECTION('',(1.,0.,0.));
#7620=DIRECTION('',(0.,0.,1.));
#7621=DIRECTION('',(1.,0.,0.));
#7622=DIRECTION('',(0.,0.,-1.));
#7623=DIRECTION('',(-1.,0.,0.));
#7624=DIRECTION('',(0.,1.,0.));
#7625=DIRECTION('',(0.,0.,1.));
#7626=DIRECTION('',(0.,1.,0.));
#7627=DIRECTION('',(0.,0.,1.));
#7628=DIRECTION('',(0.,1.,0.));
#7629=DIRECTION('',(0.,0.,1.));
#7630=DIRECTION('',(-1.,0.,0.));
#7631=DIRECTION('',(0.,0.,1.));
#7632=DIRECTION('',(0.,1.,0.));
#7633=DIRECTION('',(0.,0.,1.));
#7634=DIRECTION('',(-1.,0.,0.));
#7635=DIRECTION('',(0.,0.,1.));
#7636=DIRECTION('',(0.,1.,0.));
#7637=DIRECTION('',(0.,0.,1.));
#7638=DIRECTION('',(0.,1.,0.));
#7639=DIRECTION('',(0.,0.,1.));
#7640=DIRECTION('',(0.,1.,0.));
#7641=DIRECTION('',(0.,0.,1.));
#7642=DIRECTION('',(0.,1.,0.));
#7643=DIRECTION('',(0.,0.,1.));
#7644=DIRECTION('',(-1.,0.,0.));
#7645=DIRECTION('',(0.,0.,1.));
#7646=DIRECTION('',(1.,0.,0.));
#7647=DIRECTION('',(0.,0.,-1.));
#7648=DIRECTION('',(1.,0.,0.));
#7649=DIRECTION('',(0.,0.,-1.));
#7650=DIRECTION('',(1.,0.,0.));
#7651=DIRECTION('',(0.,0.,-1.));
#7652=DIRECTION('',(0.,-1.,0.));
#7653=DIRECTION('',(0.,0.,-1.));
#7654=DIRECTION('',(0.,1.,0.));
#7655=DIRECTION('',(0.,0.,1.));
#7656=DIRECTION('',(0.,1.,0.));
#7657=DIRECTION('',(0.,0.,1.));
#7658=DIRECTION('',(0.,0.,1.));
#7659=DIRECTION('',(1.,0.,0.));
#7660=DIRECTION('',(0.,1.,0.));
#7661=DIRECTION('',(0.,0.,1.));
#7662=DIRECTION('',(0.,0.,-1.));
#7663=DIRECTION('',(-1.,0.,0.));
#7664=DIRECTION('',(0.,0.,1.));
#7665=DIRECTION('',(1.,0.,0.));
#7666=DIRECTION('',(0.,0.,1.));
#7667=DIRECTION('',(1.,0.,0.));
#7668=DIRECTION('',(0.,0.,1.));
#7669=DIRECTION('',(1.,0.,0.));
#7670=DIRECTION('',(0.,0.,-1.));
#7671=DIRECTION('',(-1.,0.,0.));
#7672=DIRECTION('',(0.,1.,0.));
#7673=DIRECTION('',(0.,0.,1.));
#7674=DIRECTION('',(0.,1.,0.));
#7675=DIRECTION('',(0.,0.,1.));
#7676=DIRECTION('',(1.,0.,0.));
#7677=DIRECTION('',(0.,0.,-1.));
#7678=DIRECTION('',(0.,1.,0.));
#7679=DIRECTION('',(0.,0.,1.));
#7680=DIRECTION('',(1.,0.,0.));
#7681=DIRECTION('',(0.,0.,-1.));
#7682=DIRECTION('',(0.,1.,0.));
#7683=DIRECTION('',(0.,0.,1.));
#7684=DIRECTION('',(0.,1.,0.));
#7685=DIRECTION('',(0.,0.,1.));
#7686=DIRECTION('',(0.,1.,0.));
#7687=DIRECTION('',(0.,0.,1.));
#7688=DIRECTION('',(-1.,0.,0.));
#7689=DIRECTION('',(0.,0.,1.));
#7690=DIRECTION('',(-1.,0.,0.));
#7691=DIRECTION('',(0.,0.,1.));
#7692=DIRECTION('',(0.,0.,-1.));
#7693=DIRECTION('',(-1.,0.,0.));
#7694=DIRECTION('',(0.,0.,-1.));
#7695=DIRECTION('',(-1.,0.,0.));
#7696=DIRECTION('',(0.,0.,1.));
#7697=DIRECTION('',(1.,0.,0.));
#7698=DIRECTION('',(1.,0.,0.));
#7699=DIRECTION('',(0.,0.,-1.));
#7700=DIRECTION('',(-1.,0.,0.));
#7701=DIRECTION('',(0.,0.,1.));
#7702=DIRECTION('',(0.,-1.,0.));
#7703=DIRECTION('',(0.,0.,-1.));
#7704=DIRECTION('',(0.,1.,0.));
#7705=DIRECTION('',(0.,0.,1.));
#7706=DIRECTION('',(0.,0.,1.));
#7707=DIRECTION('',(1.,0.,0.));
#7708=DIRECTION('',(0.,0.,-1.));
#7709=DIRECTION('',(-1.,0.,0.));
#7710=DIRECTION('',(0.,0.,1.));
#7711=DIRECTION('',(1.,0.,0.));
#7712=DIRECTION('',(0.,1.,0.));
#7713=DIRECTION('',(0.,0.,1.));
#7714=DIRECTION('',(1.,0.,0.));
#7715=DIRECTION('',(0.,0.,-1.));
#7716=DIRECTION('',(0.,1.,0.));
#7717=DIRECTION('',(0.,0.,1.));
#7718=DIRECTION('',(0.,1.,0.));
#7719=DIRECTION('',(0.,0.,1.));
#7720=DIRECTION('',(0.,1.,0.));
#7721=DIRECTION('',(0.,0.,1.));
#7722=DIRECTION('',(0.,1.,0.));
#7723=DIRECTION('',(0.,0.,1.));
#7724=DIRECTION('',(0.,1.,0.));
#7725=DIRECTION('',(0.,0.,1.));
#7726=DIRECTION('',(1.,0.,0.));
#7727=DIRECTION('',(0.,0.,-1.));
#7728=DIRECTION('',(-1.,0.,0.));
#7729=DIRECTION('',(0.,0.,1.));
#7730=DIRECTION('',(-1.,0.,0.));
#7731=DIRECTION('',(0.,0.,1.));
#7732=DIRECTION('',(0.,-1.,0.));
#7733=DIRECTION('',(0.,0.,-1.));
#7734=DIRECTION('',(0.,1.,0.));
#7735=DIRECTION('',(0.,0.,1.));
#7736=DIRECTION('',(0.,1.,0.));
#7737=DIRECTION('',(0.,0.,1.));
#7738=DIRECTION('',(0.,1.,0.));
#7739=DIRECTION('',(0.,0.,1.));
#7740=DIRECTION('',(1.,0.,0.));
#7741=DIRECTION('',(0.,0.,-1.));
#7742=DIRECTION('',(-1.,0.,0.));
#7743=DIRECTION('',(0.,0.,1.));
#7744=DIRECTION('',(0.,1.,0.));
#7745=DIRECTION('',(0.,0.,1.));
#7746=DIRECTION('',(0.,0.,1.));
#7747=DIRECTION('',(1.,0.,0.));
#7748=DIRECTION('',(0.,1.,0.));
#7749=DIRECTION('',(0.,0.,1.));
#7750=DIRECTION('',(0.,0.,-1.));
#7751=DIRECTION('',(-1.,0.,0.));
#7752=DIRECTION('',(0.,0.,-1.));
#7753=DIRECTION('',(-1.,0.,0.));
#7754=DIRECTION('',(0.,0.,-1.));
#7755=DIRECTION('',(-1.,0.,0.));
#7756=DIRECTION('',(0.,0.,-1.));
#7757=DIRECTION('',(-1.,0.,0.));
#7758=DIRECTION('',(0.,0.,1.));
#7759=DIRECTION('',(1.,0.,0.));
#7760=DIRECTION('',(0.,1.,0.));
#7761=DIRECTION('',(0.,0.,1.));
#7762=DIRECTION('',(-1.,0.,0.));
#7763=DIRECTION('',(0.,0.,1.));
#7764=DIRECTION('',(0.,1.,0.));
#7765=DIRECTION('',(0.,0.,1.));
#7766=DIRECTION('',(0.,1.,0.));
#7767=DIRECTION('',(0.,0.,1.));
#7768=DIRECTION('',(0.,1.,0.));
#7769=DIRECTION('',(0.,0.,1.));
#7770=DIRECTION('',(-1.,0.,0.));
#7771=DIRECTION('',(0.,0.,1.));
#7772=DIRECTION('',(-1.,0.,0.));
#7773=DIRECTION('',(0.,0.,1.));
#7774=DIRECTION('',(1.,0.,0.));
#7775=DIRECTION('',(0.,0.,-1.));
#7776=DIRECTION('',(0.,-1.,0.));
#7777=DIRECTION('',(0.,0.,-1.));
#7778=DIRECTION('',(0.,1.,0.));
#7779=DIRECTION('',(0.,0.,1.));
#7780=DIRECTION('',(0.,0.,-1.));
#7781=DIRECTION('',(-1.,0.,0.));
#7782=DIRECTION('',(0.,0.,-1.));
#7783=DIRECTION('',(-1.,0.,0.));
#7784=DIRECTION('',(0.,0.,1.));
#7785=DIRECTION('',(1.,0.,0.));
#7786=DIRECTION('',(0.,1.,0.));
#7787=DIRECTION('',(0.,0.,1.));
#7788=DIRECTION('',(0.,1.,0.));
#7789=DIRECTION('',(0.,0.,1.));
#7790=DIRECTION('',(1.,0.,0.));
#7791=DIRECTION('',(0.,0.,-1.));
#7792=DIRECTION('',(1.,0.,0.));
#7793=DIRECTION('',(0.,0.,-1.));
#7794=DIRECTION('',(0.,0.,1.));
#7795=DIRECTION('',(1.,0.,0.));
#7796=DIRECTION('',(0.,0.,1.));
#7797=DIRECTION('',(1.,0.,0.));
#7798=DIRECTION('',(0.,0.,-1.));
#7799=DIRECTION('',(-1.,0.,0.));
#7800=DIRECTION('',(0.,1.,0.));
#7801=DIRECTION('',(0.,0.,1.));
#7802=DIRECTION('',(0.,1.,0.));
#7803=DIRECTION('',(0.,0.,1.));
#7804=DIRECTION('',(0.,1.,0.));
#7805=DIRECTION('',(0.,0.,1.));
#7806=DIRECTION('',(-1.,0.,0.));
#7807=DIRECTION('',(0.,0.,1.));
#7808=DIRECTION('',(0.,1.,0.));
#7809=DIRECTION('',(0.,0.,1.));
#7810=DIRECTION('',(-1.,0.,0.));
#7811=DIRECTION('',(0.,0.,1.));
#7812=DIRECTION('',(0.,1.,0.));
#7813=DIRECTION('',(0.,0.,1.));
#7814=DIRECTION('',(0.,1.,0.));
#7815=DIRECTION('',(0.,0.,1.));
#7816=DIRECTION('',(0.,1.,0.));
#7817=DIRECTION('',(0.,0.,1.));
#7818=DIRECTION('',(0.,1.,0.));
#7819=DIRECTION('',(0.,0.,1.));
#7820=DIRECTION('',(-1.,0.,0.));
#7821=DIRECTION('',(0.,0.,1.));
#7822=DIRECTION('',(1.,0.,0.));
#7823=DIRECTION('',(0.,0.,-1.));
#7824=DIRECTION('',(1.,0.,0.));
#7825=DIRECTION('',(0.,0.,-1.));
#7826=DIRECTION('',(1.,0.,0.));
#7827=DIRECTION('',(0.,0.,-1.));
#7828=DIRECTION('',(0.,-1.,0.));
#7829=DIRECTION('',(0.,0.,-1.));
#7830=DIRECTION('',(0.,1.,0.));
#7831=DIRECTION('',(0.,0.,1.));
#7832=DIRECTION('',(0.,1.,0.));
#7833=DIRECTION('',(0.,0.,1.));
#7834=DIRECTION('',(0.,0.,1.));
#7835=DIRECTION('',(1.,0.,0.));
#7836=DIRECTION('',(0.,1.,0.));
#7837=DIRECTION('',(0.,0.,1.));
#7838=DIRECTION('',(0.,0.,-1.));
#7839=DIRECTION('',(-1.,0.,0.));
#7840=DIRECTION('',(0.,0.,1.));
#7841=DIRECTION('',(1.,0.,0.));
#7842=DIRECTION('',(0.,0.,-1.));
#7843=DIRECTION('',(-1.,0.,0.));
#7844=DIRECTION('',(0.,0.,-1.));
#7845=DIRECTION('',(-1.,0.,0.));
#7846=DIRECTION('',(0.,0.,1.));
#7847=DIRECTION('',(1.,0.,0.));
#7848=DIRECTION('',(0.,1.,0.));
#7849=DIRECTION('',(0.,0.,1.));
#7850=DIRECTION('',(-1.,0.,0.));
#7851=DIRECTION('',(0.,0.,1.));
#7852=DIRECTION('',(0.,1.,0.));
#7853=DIRECTION('',(0.,0.,1.));
#7854=DIRECTION('',(0.,1.,0.));
#7855=DIRECTION('',(0.,0.,1.));
#7856=DIRECTION('',(0.,1.,0.));
#7857=DIRECTION('',(0.,0.,1.));
#7858=DIRECTION('',(-1.,0.,0.));
#7859=DIRECTION('',(0.,0.,1.));
#7860=DIRECTION('',(-1.,0.,0.));
#7861=DIRECTION('',(0.,0.,1.));
#7862=DIRECTION('',(1.,0.,0.));
#7863=DIRECTION('',(0.,0.,-1.));
#7864=DIRECTION('',(0.,-1.,0.));
#7865=DIRECTION('',(0.,0.,-1.));
#7866=DIRECTION('',(0.,1.,0.));
#7867=DIRECTION('',(0.,0.,1.));
#7868=DIRECTION('',(0.,0.,-1.));
#7869=DIRECTION('',(-1.,0.,0.));
#7870=DIRECTION('',(0.,0.,-1.));
#7871=DIRECTION('',(-1.,0.,0.));
#7872=DIRECTION('',(0.,0.,1.));
#7873=DIRECTION('',(1.,0.,0.));
#7874=DIRECTION('',(0.,1.,0.));
#7875=DIRECTION('',(0.,0.,1.));
#7876=DIRECTION('',(0.,1.,0.));
#7877=DIRECTION('',(0.,0.,1.));
#7878=DIRECTION('',(1.,0.,0.));
#7879=DIRECTION('',(0.,0.,-1.));
#7880=DIRECTION('',(1.,0.,0.));
#7881=DIRECTION('',(0.,0.,-1.));
#7882=DIRECTION('',(0.,0.,1.));
#7883=DIRECTION('',(1.,0.,0.));
#7884=DIRECTION('',(0.,0.,1.));
#7885=DIRECTION('',(1.,0.,0.));
#7886=DIRECTION('',(0.,0.,-1.));
#7887=DIRECTION('',(-1.,0.,0.));
#7888=DIRECTION('',(0.,1.,0.));
#7889=DIRECTION('',(0.,0.,1.));
#7890=DIRECTION('',(0.,1.,0.));
#7891=DIRECTION('',(0.,0.,1.));
#7892=DIRECTION('',(0.,1.,0.));
#7893=DIRECTION('',(0.,0.,1.));
#7894=DIRECTION('',(-1.,0.,0.));
#7895=DIRECTION('',(0.,0.,1.));
#7896=DIRECTION('',(0.,1.,0.));
#7897=DIRECTION('',(0.,0.,1.));
#7898=DIRECTION('',(-1.,0.,0.));
#7899=DIRECTION('',(0.,0.,1.));
#7900=DIRECTION('',(0.,1.,0.));
#7901=DIRECTION('',(0.,0.,1.));
#7902=DIRECTION('',(0.,1.,0.));
#7903=DIRECTION('',(0.,0.,1.));
#7904=DIRECTION('',(0.,1.,0.));
#7905=DIRECTION('',(0.,0.,1.));
#7906=DIRECTION('',(0.,1.,0.));
#7907=DIRECTION('',(0.,0.,1.));
#7908=DIRECTION('',(-1.,0.,0.));
#7909=DIRECTION('',(0.,0.,1.));
#7910=DIRECTION('',(1.,0.,0.));
#7911=DIRECTION('',(0.,0.,-1.));
#7912=DIRECTION('',(1.,0.,0.));
#7913=DIRECTION('',(0.,0.,-1.));
#7914=DIRECTION('',(1.,0.,0.));
#7915=DIRECTION('',(0.,0.,-1.));
#7916=DIRECTION('',(0.,-1.,0.));
#7917=DIRECTION('',(0.,0.,-1.));
#7918=DIRECTION('',(0.,1.,0.));
#7919=DIRECTION('',(0.,0.,1.));
#7920=DIRECTION('',(0.,1.,0.));
#7921=DIRECTION('',(0.,0.,1.));
#7922=DIRECTION('',(0.,0.,1.));
#7923=DIRECTION('',(1.,0.,0.));
#7924=DIRECTION('',(0.,1.,0.));
#7925=DIRECTION('',(0.,0.,1.));
#7926=DIRECTION('',(0.,0.,-1.));
#7927=DIRECTION('',(-1.,0.,0.));
#7928=DIRECTION('',(0.,0.,1.));
#7929=DIRECTION('',(1.,0.,0.));
#7930=DIRECTION('',(1.,0.,0.));
#7931=DIRECTION('',(0.,0.,-1.));
#7932=DIRECTION('',(1.,0.,0.));
#7933=DIRECTION('',(0.,0.,-1.));
#7934=DIRECTION('',(-1.,0.,0.));
#7935=DIRECTION('',(0.,0.,1.));
#7936=DIRECTION('',(0.,1.,0.));
#7937=DIRECTION('',(0.,0.,1.));
#7938=DIRECTION('',(0.,0.,-1.));
#7939=DIRECTION('',(-1.,0.,0.));
#7940=DIRECTION('',(0.,1.,0.));
#7941=DIRECTION('',(0.,0.,1.));
#7942=DIRECTION('',(0.,1.,0.));
#7943=DIRECTION('',(0.,0.,1.));
#7944=DIRECTION('',(0.,1.,0.));
#7945=DIRECTION('',(0.,0.,1.));
#7946=DIRECTION('',(0.,0.,-1.));
#7947=DIRECTION('',(-1.,0.,0.));
#7948=DIRECTION('',(0.,0.,-1.));
#7949=DIRECTION('',(-1.,0.,0.));
#7950=DIRECTION('',(0.,0.,1.));
#7951=DIRECTION('',(1.,0.,0.));
#7952=DIRECTION('',(0.,1.,0.));
#7953=DIRECTION('',(0.,0.,1.));
#7954=DIRECTION('',(0.,1.,0.));
#7955=DIRECTION('',(0.,0.,1.));
#7956=DIRECTION('',(1.,0.,0.));
#7957=DIRECTION('',(0.,0.,-1.));
#7958=DIRECTION('',(1.,0.,0.));
#7959=DIRECTION('',(0.,0.,-1.));
#7960=DIRECTION('',(-1.,0.,0.));
#7961=DIRECTION('',(0.,0.,1.));
#7962=DIRECTION('',(0.,-1.,0.));
#7963=DIRECTION('',(0.,0.,-1.));
#7964=DIRECTION('',(0.,1.,0.));
#7965=DIRECTION('',(0.,0.,1.));
#7966=DIRECTION('',(0.,0.,1.));
#7967=DIRECTION('',(1.,0.,0.));
#7968=DIRECTION('',(0.,0.,1.));
#7969=DIRECTION('',(1.,0.,0.));
#7970=DIRECTION('',(-1.,0.,0.));
#7971=DIRECTION('',(0.,0.,1.));
#7972=DIRECTION('',(-1.,0.,0.));
#7973=DIRECTION('',(0.,0.,1.));
#7974=DIRECTION('',(1.,0.,0.));
#7975=DIRECTION('',(0.,0.,-1.));
#7976=DIRECTION('',(0.,1.,0.));
#7977=DIRECTION('',(0.,0.,1.));
#7978=DIRECTION('',(0.,1.,0.));
#7979=DIRECTION('',(0.,0.,1.));
#7980=DIRECTION('',(0.,1.,0.));
#7981=DIRECTION('',(0.,0.,1.));
#7982=DIRECTION('',(0.,0.,-1.));
#7983=DIRECTION('',(-1.,0.,0.));
#7984=DIRECTION('',(0.,1.,0.));
#7985=DIRECTION('',(0.,0.,1.));
#7986=DIRECTION('',(0.,0.,-1.));
#7987=DIRECTION('',(-1.,0.,0.));
#7988=DIRECTION('',(0.,1.,0.));
#7989=DIRECTION('',(0.,0.,1.));
#7990=DIRECTION('',(0.,1.,0.));
#7991=DIRECTION('',(0.,0.,1.));
#7992=DIRECTION('',(0.,-1.,0.));
#7993=DIRECTION('',(0.,0.,-1.));
#7994=DIRECTION('',(0.,1.,0.));
#7995=DIRECTION('',(0.,0.,1.));
#7996=DIRECTION('',(0.,0.,-1.));
#7997=DIRECTION('',(-1.,0.,0.));
#7998=DIRECTION('',(0.,0.,1.));
#7999=DIRECTION('',(1.,0.,0.));
#8000=DIRECTION('',(0.,0.,1.));
#8001=DIRECTION('',(1.,0.,0.));
#8002=DIRECTION('',(0.,0.,1.));
#8003=DIRECTION('',(1.,0.,0.));
#8004=DIRECTION('',(0.,1.,0.));
#8005=DIRECTION('',(0.,0.,1.));
#8006=DIRECTION('',(0.,1.,0.));
#8007=DIRECTION('',(0.,0.,1.));
#8008=DIRECTION('',(0.,1.,0.));
#8009=DIRECTION('',(0.,0.,1.));
#8010=DIRECTION('',(-1.,0.,0.));
#8011=DIRECTION('',(0.,0.,1.));
#8012=DIRECTION('',(0.,1.,0.));
#8013=DIRECTION('',(0.,0.,1.));
#8014=DIRECTION('',(1.,0.,0.));
#8015=DIRECTION('',(0.,0.,-1.));
#8016=DIRECTION('',(-1.,0.,0.));
#8017=DIRECTION('',(0.,0.,1.));
#8018=DIRECTION('',(0.,-1.,0.));
#8019=DIRECTION('',(0.,0.,-1.));
#8020=DIRECTION('',(0.,-1.,0.));
#8021=DIRECTION('',(0.,0.,-1.));
#8022=CARTESIAN_POINT('',(0.,0.,0.));
#8023=CARTESIAN_POINT('',(-0.0235941533459367,0.00400517904219197,0.0939));
#8024=CARTESIAN_POINT('',(0.0342281797135828,0.00400517904219197,0.0193201898));
#8025=CARTESIAN_POINT('',(0.0342281797135828,0.00400517904219197,0.0211598102));
#8026=CARTESIAN_POINT('',(0.0360678001135828,0.00400517904219197,0.0193201898));
#8027=CARTESIAN_POINT('',(-0.0235941533459367,0.00400517904219197,0.0211598102));
#8028=CARTESIAN_POINT('',(0.0259078001135828,0.00400517904219197,0.0211598102));
#8029=CARTESIAN_POINT('',(0.0259078001135828,0.00400517904219197,0.0193201898));
#8030=CARTESIAN_POINT('',(0.0240681797135828,0.00400517904219197,0.0193201898));
#8031=CARTESIAN_POINT('',(0.0240681797135828,0.00400517904219197,0.00754));
#8032=CARTESIAN_POINT('',(0.0240681797135828,0.00400517904219197,0.00845981019999998));
#8033=CARTESIAN_POINT('',(0.0259078001135828,0.00400517904219197,0.00845981019999998));
#8034=CARTESIAN_POINT('',(0.0259078001135828,0.00400517904219197,0.00662018979999998));
#8035=CARTESIAN_POINT('',(0.0351479899135828,0.00400517904219197,0.00662018979999998));
#8036=CARTESIAN_POINT('',(0.0342281797135828,0.00400517904219197,0.00662018979999998));
#8037=CARTESIAN_POINT('',(0.0342281797135828,0.00400517904219197,0.00845981019999998));
#8038=CARTESIAN_POINT('',(0.0360678001135828,0.00400517904219197,0.00845981019999998));
#8039=CARTESIAN_POINT('',(0.0360678001135828,0.00400517904219197,0.0939));
#8040=CARTESIAN_POINT('',(0.0342281797135828,0.00400517904219197,0.0371001898));
#8041=CARTESIAN_POINT('',(0.0342281797135828,0.00400517904219197,0.0389398102));
#8042=CARTESIAN_POINT('',(0.0360678001135828,0.00400517904219197,0.0371001898));
#8043=CARTESIAN_POINT('',(-0.0235941533459367,0.00400517904219197,0.0389398102));
#8044=CARTESIAN_POINT('',(0.0259078001135828,0.00400517904219197,0.0389398102));
#8045=CARTESIAN_POINT('',(0.0259078001135828,0.00400517904219197,0.0371001898));
#8046=CARTESIAN_POINT('',(0.0240681797135828,0.00400517904219197,0.0371001898));
#8047=CARTESIAN_POINT('',(0.0240681797135828,0.00400517904219197,0.02532));
#8048=CARTESIAN_POINT('',(0.0240681797135828,0.00400517904219197,0.0262398102));
#8049=CARTESIAN_POINT('',(0.0259078001135828,0.00400517904219197,0.0262398102));
#8050=CARTESIAN_POINT('',(0.0259078001135828,0.00400517904219197,0.0244001898));
#8051=CARTESIAN_POINT('',(0.0351479899135828,0.00400517904219197,0.0244001898));
#8052=CARTESIAN_POINT('',(0.0342281797135828,0.00400517904219197,0.0244001898));
#8053=CARTESIAN_POINT('',(0.0342281797135828,0.00400517904219197,0.0262398102));
#8054=CARTESIAN_POINT('',(0.0360678001135828,0.00400517904219197,0.0262398102));
#8055=CARTESIAN_POINT('',(0.0360678001135828,0.00400517904219197,0.0939));
#8056=CARTESIAN_POINT('',(0.0259078001135828,0.00400517904219197,0.0440198102));
#8057=CARTESIAN_POINT('',(0.0259078001135828,0.00400517904219197,0.0421801898));
#8058=CARTESIAN_POINT('',(0.0240681797135828,0.00400517904219197,0.0440198102));
#8059=CARTESIAN_POINT('',(0.0351479899135828,0.00400517904219197,0.0421801898));
#8060=CARTESIAN_POINT('',(0.0342281797135828,0.00400517904219197,0.0421801898));
#8061=CARTESIAN_POINT('',(0.0342281797135828,0.00400517904219197,0.0440198102));
#8062=CARTESIAN_POINT('',(0.0360678001135828,0.00400517904219197,0.0440198102));
#8063=CARTESIAN_POINT('',(0.0360678001135828,0.00400517904219197,0.0939));
#8064=CARTESIAN_POINT('',(0.0360678001135828,0.00400517904219197,0.0548801898));
#8065=CARTESIAN_POINT('',(0.0342281797135828,0.00400517904219197,0.0548801898));
#8066=CARTESIAN_POINT('',(0.0342281797135828,0.00400517904219197,0.0567198102));
#8067=CARTESIAN_POINT('',(-0.0235941533459367,0.00400517904219197,0.0567198102));
#8068=CARTESIAN_POINT('',(0.0259078001135828,0.00400517904219197,0.0567198102));
#8069=CARTESIAN_POINT('',(0.0259078001135828,0.00400517904219197,0.0548801898));
#8070=CARTESIAN_POINT('',(0.0240681797135828,0.00400517904219197,0.0548801898));
#8071=CARTESIAN_POINT('',(0.0240681797135828,0.00400517904219197,0.0431));
#8072=CARTESIAN_POINT('',(0.0342281797135828,0.00400517904219197,0.0726601898));
#8073=CARTESIAN_POINT('',(0.0342281797135828,0.00400517904219197,0.0744998102));
#8074=CARTESIAN_POINT('',(0.0360678001135828,0.00400517904219197,0.0726601898));
#8075=CARTESIAN_POINT('',(-0.0235941533459367,0.00400517904219197,0.0744998102));
#8076=CARTESIAN_POINT('',(0.0259078001135828,0.00400517904219197,0.0744998102));
#8077=CARTESIAN_POINT('',(0.0259078001135828,0.00400517904219197,0.0726601898));
#8078=CARTESIAN_POINT('',(0.0240681797135828,0.00400517904219197,0.0726601898));
#8079=CARTESIAN_POINT('',(0.0240681797135828,0.00400517904219197,0.06088));
#8080=CARTESIAN_POINT('',(0.0240681797135828,0.00400517904219197,0.0617998102));
#8081=CARTESIAN_POINT('',(0.0259078001135828,0.00400517904219197,0.0617998102));
#8082=CARTESIAN_POINT('',(0.0259078001135828,0.00400517904219197,0.0599601898));
#8083=CARTESIAN_POINT('',(0.0351479899135828,0.00400517904219197,0.0599601898));
#8084=CARTESIAN_POINT('',(0.0342281797135828,0.00400517904219197,0.0599601898));
#8085=CARTESIAN_POINT('',(0.0342281797135828,0.00400517904219197,0.0617998102));
#8086=CARTESIAN_POINT('',(0.0360678001135828,0.00400517904219197,0.0617998102));
#8087=CARTESIAN_POINT('',(0.0360678001135828,0.00400517904219197,0.0939));
#8088=CARTESIAN_POINT('',(-0.0342279668748022,0.00400517904219197,0.00845981019999998));
#8089=CARTESIAN_POINT('',(-0.0342279668748022,0.00400517904219197,0.00662018979999998));
#8090=CARTESIAN_POINT('',(-0.0360675872748022,0.00400517904219197,0.00845981019999998));
#8091=CARTESIAN_POINT('',(-0.0249877770748022,0.00400517904219197,0.00662018979999998));
#8092=CARTESIAN_POINT('',(-0.0259075872748022,0.00400517904219197,0.00662018979999998));
#8093=CARTESIAN_POINT('',(-0.0259075872748022,0.00400517904219197,0.00845981019999998));
#8094=CARTESIAN_POINT('',(-0.0240679668748022,0.00400517904219197,0.00845981019999998));
#8095=CARTESIAN_POINT('',(-0.0240679668748022,0.00400517904219197,0.0939));
#8096=CARTESIAN_POINT('',(-0.0240679668748022,0.00400517904219197,0.0193201898));
#8097=CARTESIAN_POINT('',(-0.0259075872748022,0.00400517904219197,0.0193201898));
#8098=CARTESIAN_POINT('',(-0.0259075872748022,0.00400517904219197,0.0211598102));
#8099=CARTESIAN_POINT('',(-0.0235941533459367,0.00400517904219197,0.0211598102));
#8100=CARTESIAN_POINT('',(-0.0342279668748022,0.00400517904219197,0.0211598102));
#8101=CARTESIAN_POINT('',(-0.0342279668748022,0.00400517904219197,0.0193201898));
#8102=CARTESIAN_POINT('',(-0.0360675872748022,0.00400517904219197,0.0193201898));
#8103=CARTESIAN_POINT('',(-0.0360675872748022,0.00400517904219197,0.00754));
#8104=CARTESIAN_POINT('',(-0.0342279668748022,0.00400517904219197,0.0262398102));
#8105=CARTESIAN_POINT('',(-0.0342279668748022,0.00400517904219197,0.0244001898));
#8106=CARTESIAN_POINT('',(-0.0360675872748022,0.00400517904219197,0.0262398102));
#8107=CARTESIAN_POINT('',(-0.0249877770748022,0.00400517904219197,0.0244001898));
#8108=CARTESIAN_POINT('',(-0.0259075872748022,0.00400517904219197,0.0244001898));
#8109=CARTESIAN_POINT('',(-0.0259075872748022,0.00400517904219197,0.0262398102));
#8110=CARTESIAN_POINT('',(-0.0240679668748022,0.00400517904219197,0.0262398102));
#8111=CARTESIAN_POINT('',(-0.0240679668748022,0.00400517904219197,0.0939));
#8112=CARTESIAN_POINT('',(-0.0240679668748022,0.00400517904219197,0.0371001898));
#8113=CARTESIAN_POINT('',(-0.0259075872748022,0.00400517904219197,0.0371001898));
#8114=CARTESIAN_POINT('',(-0.0259075872748022,0.00400517904219197,0.0389398102));
#8115=CARTESIAN_POINT('',(-0.0235941533459367,0.00400517904219197,0.0389398102));
#8116=CARTESIAN_POINT('',(-0.0342279668748022,0.00400517904219197,0.0389398102));
#8117=CARTESIAN_POINT('',(-0.0342279668748022,0.00400517904219197,0.0371001898));
#8118=CARTESIAN_POINT('',(-0.0360675872748022,0.00400517904219197,0.0371001898));
#8119=CARTESIAN_POINT('',(-0.0360675872748022,0.00400517904219197,0.02532));
#8120=CARTESIAN_POINT('',(-0.0259075872748022,0.00400517904219197,0.0617998102));
#8121=CARTESIAN_POINT('',(-0.0240679668748022,0.00400517904219197,0.0617998102));
#8122=CARTESIAN_POINT('',(-0.0259075872748022,0.00400517904219197,0.0599601898));
#8123=CARTESIAN_POINT('',(-0.0240679668748022,0.00400517904219197,0.0939));
#8124=CARTESIAN_POINT('',(-0.0240679668748022,0.00400517904219197,0.0726601898));
#8125=CARTESIAN_POINT('',(-0.0259075872748022,0.00400517904219197,0.0726601898));
#8126=CARTESIAN_POINT('',(-0.0259075872748022,0.00400517904219197,0.0744998102));
#8127=CARTESIAN_POINT('',(-0.0235941533459367,0.00400517904219197,0.0744998102));
#8128=CARTESIAN_POINT('',(-0.0342279668748022,0.00400517904219197,0.0744998102));
#8129=CARTESIAN_POINT('',(-0.0342279668748022,0.00400517904219197,0.0726601898));
#8130=CARTESIAN_POINT('',(-0.0360675872748022,0.00400517904219197,0.0726601898));
#8131=CARTESIAN_POINT('',(-0.0360675872748022,0.00400517904219197,0.06088));
#8132=CARTESIAN_POINT('',(-0.0360675872748022,0.00400517904219197,0.0617998102));
#8133=CARTESIAN_POINT('',(-0.0342279668748022,0.00400517904219197,0.0617998102));
#8134=CARTESIAN_POINT('',(-0.0342279668748022,0.00400517904219197,0.0599601898));
#8135=CARTESIAN_POINT('',(-0.0249877770748022,0.00400517904219197,0.0599601898));
#8136=CARTESIAN_POINT('',(0.0179976262152195,0.00400517904219197,0.0488934226708277));
#8137=CARTESIAN_POINT('',(0.0179976262152195,0.00400517904219197,0.0742519497871399));
#8138=CARTESIAN_POINT('',(0.0179976262152195,0.00400517904219197,0.0235348955545155));
#8139=CARTESIAN_POINT('',(-3.46944695195361E-18,0.00400517904219197,0.0742519497871399));
#8140=CARTESIAN_POINT('',(-0.0179976262152195,0.00400517904219197,0.0742519497871399));
#8141=CARTESIAN_POINT('',(-0.0179976262152195,0.00400517904219197,0.0488934226708277));
#8142=CARTESIAN_POINT('',(-0.0179976262152195,0.00400517904219197,0.0235348955545155));
#8143=CARTESIAN_POINT('',(-3.46944695195361E-18,0.00400517904219197,0.0235348955545155));
#8144=CARTESIAN_POINT('',(-0.0235941533459367,0.00400517904219197,0.005));
#8145=CARTESIAN_POINT('',(-0.0376877770748022,0.00400517904219196,0.005));
#8146=CARTESIAN_POINT('',(0.0376877770748022,0.00400517904219196,0.005));
#8147=CARTESIAN_POINT('',(-0.0376877770748022,0.00400517904219196,0.0939));
#8148=CARTESIAN_POINT('',(-0.0376877770748022,0.00400517904219196,0.0939));
#8149=CARTESIAN_POINT('',(-0.0235941533459367,0.00400517904219197,0.0939));
#8150=CARTESIAN_POINT('',(0.0376877770748022,0.00400517904219196,0.0939));
#8151=CARTESIAN_POINT('',(0.0376877770748022,0.00400517904219196,0.0939));
#8152=CARTESIAN_POINT('',(0.0342281797135828,0.00400517904219197,0.0795798102));
#8153=CARTESIAN_POINT('',(0.0360678001135828,0.00400517904219197,0.0795798102));
#8154=CARTESIAN_POINT('',(0.0342281797135828,0.00400517904219197,0.0777401898));
#8155=CARTESIAN_POINT('',(0.0360678001135828,0.00400517904219197,0.0939));
#8156=CARTESIAN_POINT('',(0.0360678001135828,0.00400517904219197,0.0904401898));
#8157=CARTESIAN_POINT('',(0.0342281797135828,0.00400517904219197,0.0904401898));
#8158=CARTESIAN_POINT('',(0.0342281797135828,0.00400517904219197,0.0922798102));
#8159=CARTESIAN_POINT('',(-0.0235941533459367,0.00400517904219197,0.0922798102));
#8160=CARTESIAN_POINT('',(0.0259078001135828,0.00400517904219197,0.0922798102));
#8161=CARTESIAN_POINT('',(0.0259078001135828,0.00400517904219197,0.0904401898));
#8162=CARTESIAN_POINT('',(0.0240681797135828,0.00400517904219197,0.0904401898));
#8163=CARTESIAN_POINT('',(0.0240681797135828,0.00400517904219197,0.07866));
#8164=CARTESIAN_POINT('',(0.0240681797135828,0.00400517904219197,0.0795798102));
#8165=CARTESIAN_POINT('',(0.0259078001135828,0.00400517904219197,0.0795798102));
#8166=CARTESIAN_POINT('',(0.0259078001135828,0.00400517904219197,0.0777401898));
#8167=CARTESIAN_POINT('',(0.0351479899135828,0.00400517904219197,0.0777401898));
#8168=CARTESIAN_POINT('',(-0.0259075872748022,0.00400517904219197,0.0795798102));
#8169=CARTESIAN_POINT('',(-0.0240679668748022,0.00400517904219197,0.0795798102));
#8170=CARTESIAN_POINT('',(-0.0259075872748022,0.00400517904219197,0.0777401898));
#8171=CARTESIAN_POINT('',(-0.0240679668748022,0.00400517904219197,0.0939));
#8172=CARTESIAN_POINT('',(-0.0240679668748022,0.00400517904219197,0.0904401898));
#8173=CARTESIAN_POINT('',(-0.0259075872748022,0.00400517904219197,0.0904401898));
#8174=CARTESIAN_POINT('',(-0.0259075872748022,0.00400517904219197,0.0922798102));
#8175=CARTESIAN_POINT('',(-0.0235941533459367,0.00400517904219197,0.0922798102));
#8176=CARTESIAN_POINT('',(-0.0342279668748022,0.00400517904219197,0.0922798102));
#8177=CARTESIAN_POINT('',(-0.0342279668748022,0.00400517904219197,0.0904401898));
#8178=CARTESIAN_POINT('',(-0.0360675872748022,0.00400517904219197,0.0904401898));
#8179=CARTESIAN_POINT('',(-0.0360675872748022,0.00400517904219197,0.07866));
#8180=CARTESIAN_POINT('',(-0.0360675872748022,0.00400517904219197,0.0795798102));
#8181=CARTESIAN_POINT('',(-0.0342279668748022,0.00400517904219197,0.0795798102));
#8182=CARTESIAN_POINT('',(-0.0342279668748022,0.00400517904219197,0.0777401898));
#8183=CARTESIAN_POINT('',(-0.0249877770748022,0.00400517904219197,0.0777401898));
#8184=CARTESIAN_POINT('',(-0.0342279668748022,0.00400517904219197,0.0548801898));
#8185=CARTESIAN_POINT('',(-0.0360675872748022,0.00400517904219197,0.0548801898));
#8186=CARTESIAN_POINT('',(-0.0342279668748022,0.00400517904219197,0.0567198102));
#8187=CARTESIAN_POINT('',(-0.0360675872748022,0.00400517904219197,0.0431));
#8188=CARTESIAN_POINT('',(-0.0360675872748022,0.00400517904219197,0.0440198102));
#8189=CARTESIAN_POINT('',(-0.0342279668748022,0.00400517904219197,0.0440198102));
#8190=CARTESIAN_POINT('',(-0.0342279668748022,0.00400517904219197,0.0421801898));
#8191=CARTESIAN_POINT('',(-0.0249877770748022,0.00400517904219197,0.0421801898));
#8192=CARTESIAN_POINT('',(-0.0259075872748022,0.00400517904219197,0.0421801898));
#8193=CARTESIAN_POINT('',(-0.0259075872748022,0.00400517904219197,0.0440198102));
#8194=CARTESIAN_POINT('',(-0.0240679668748022,0.00400517904219197,0.0440198102));
#8195=CARTESIAN_POINT('',(-0.0240679668748022,0.00400517904219197,0.0939));
#8196=CARTESIAN_POINT('',(-0.0240679668748022,0.00400517904219197,0.0548801898));
#8197=CARTESIAN_POINT('',(-0.0259075872748022,0.00400517904219197,0.0548801898));
#8198=CARTESIAN_POINT('',(-0.0259075872748022,0.00400517904219197,0.0567198102));
#8199=CARTESIAN_POINT('',(-0.0235941533459367,0.00400517904219197,0.0567198102));
#8200=CARTESIAN_POINT('',(-0.0235941533459367,-0.00400517904219197,0.0939));
#8201=CARTESIAN_POINT('',(0.0259078001135828,-0.00400517904219197,0.00845981019999998));
#8202=CARTESIAN_POINT('',(0.0240681797135828,-0.00400517904219197,0.00845981019999998));
#8203=CARTESIAN_POINT('',(0.0259078001135828,-0.00400517904219197,0.00662018979999998));
#8204=CARTESIAN_POINT('',(0.0240681797135828,-0.00400517904219197,0.0939));
#8205=CARTESIAN_POINT('',(0.0240681797135828,-0.00400517904219197,0.0193201898));
#8206=CARTESIAN_POINT('',(0.0259078001135828,-0.00400517904219197,0.0193201898));
#8207=CARTESIAN_POINT('',(0.0259078001135828,-0.00400517904219197,0.0211598102));
#8208=CARTESIAN_POINT('',(0.0351479899135828,-0.00400517904219197,0.0211598102));
#8209=CARTESIAN_POINT('',(0.0342281797135828,-0.00400517904219197,0.0211598102));
#8210=CARTESIAN_POINT('',(0.0342281797135828,-0.00400517904219197,0.0193201898));
#8211=CARTESIAN_POINT('',(0.0360678001135828,-0.00400517904219197,0.0193201898));
#8212=CARTESIAN_POINT('',(0.0360678001135828,-0.00400517904219197,0.00754));
#8213=CARTESIAN_POINT('',(0.0360678001135828,-0.00400517904219197,0.00845981019999998));
#8214=CARTESIAN_POINT('',(0.0342281797135828,-0.00400517904219197,0.00845981019999998));
#8215=CARTESIAN_POINT('',(0.0342281797135828,-0.00400517904219197,0.00662018979999998));
#8216=CARTESIAN_POINT('',(-0.0235941533459367,-0.00400517904219197,0.00662018979999998));
#8217=CARTESIAN_POINT('',(0.0259078001135828,-0.00400517904219197,0.0262398102));
#8218=CARTESIAN_POINT('',(0.0240681797135828,-0.00400517904219197,0.0262398102));
#8219=CARTESIAN_POINT('',(0.0259078001135828,-0.00400517904219197,0.0244001898));
#8220=CARTESIAN_POINT('',(0.0240681797135828,-0.00400517904219197,0.0939));
#8221=CARTESIAN_POINT('',(0.0240681797135828,-0.00400517904219197,0.0371001898));
#8222=CARTESIAN_POINT('',(0.0259078001135828,-0.00400517904219197,0.0371001898));
#8223=CARTESIAN_POINT('',(0.0259078001135828,-0.00400517904219197,0.0389398102));
#8224=CARTESIAN_POINT('',(0.0351479899135828,-0.00400517904219197,0.0389398102));
#8225=CARTESIAN_POINT('',(0.0342281797135828,-0.00400517904219197,0.0389398102));
#8226=CARTESIAN_POINT('',(0.0342281797135828,-0.00400517904219197,0.0371001898));
#8227=CARTESIAN_POINT('',(0.0360678001135828,-0.00400517904219197,0.0371001898));
#8228=CARTESIAN_POINT('',(0.0360678001135828,-0.00400517904219197,0.02532));
#8229=CARTESIAN_POINT('',(0.0360678001135828,-0.00400517904219197,0.0262398102));
#8230=CARTESIAN_POINT('',(0.0342281797135828,-0.00400517904219197,0.0262398102));
#8231=CARTESIAN_POINT('',(0.0342281797135828,-0.00400517904219197,0.0244001898));
#8232=CARTESIAN_POINT('',(-0.0235941533459367,-0.00400517904219197,0.0244001898));
#8233=CARTESIAN_POINT('',(0.0342281797135828,-0.00400517904219197,0.0548801898));
#8234=CARTESIAN_POINT('',(0.0360678001135828,-0.00400517904219197,0.0548801898));
#8235=CARTESIAN_POINT('',(0.0342281797135828,-0.00400517904219197,0.0567198102));
#8236=CARTESIAN_POINT('',(0.0360678001135828,-0.00400517904219197,0.0431));
#8237=CARTESIAN_POINT('',(0.0360678001135828,-0.00400517904219197,0.0440198102));
#8238=CARTESIAN_POINT('',(0.0342281797135828,-0.00400517904219197,0.0440198102));
#8239=CARTESIAN_POINT('',(0.0342281797135828,-0.00400517904219197,0.0421801898));
#8240=CARTESIAN_POINT('',(-0.0235941533459367,-0.00400517904219197,0.0421801898));
#8241=CARTESIAN_POINT('',(0.0259078001135828,-0.00400517904219197,0.0421801898));
#8242=CARTESIAN_POINT('',(0.0259078001135828,-0.00400517904219197,0.0440198102));
#8243=CARTESIAN_POINT('',(0.0240681797135828,-0.00400517904219197,0.0440198102));
#8244=CARTESIAN_POINT('',(0.0240681797135828,-0.00400517904219197,0.0939));
#8245=CARTESIAN_POINT('',(0.0240681797135828,-0.00400517904219197,0.0548801898));
#8246=CARTESIAN_POINT('',(0.0259078001135828,-0.00400517904219197,0.0548801898));
#8247=CARTESIAN_POINT('',(0.0259078001135828,-0.00400517904219197,0.0567198102));
#8248=CARTESIAN_POINT('',(0.0351479899135828,-0.00400517904219197,0.0567198102));
#8249=CARTESIAN_POINT('',(0.0259078001135828,-0.00400517904219197,0.0617998102));
#8250=CARTESIAN_POINT('',(0.0240681797135828,-0.00400517904219197,0.0617998102));
#8251=CARTESIAN_POINT('',(0.0259078001135828,-0.00400517904219197,0.0599601898));
#8252=CARTESIAN_POINT('',(0.0240681797135828,-0.00400517904219197,0.0939));
#8253=CARTESIAN_POINT('',(0.0240681797135828,-0.00400517904219197,0.0726601898));
#8254=CARTESIAN_POINT('',(0.0259078001135828,-0.00400517904219197,0.0726601898));
#8255=CARTESIAN_POINT('',(0.0259078001135828,-0.00400517904219197,0.0744998102));
#8256=CARTESIAN_POINT('',(0.0351479899135828,-0.00400517904219197,0.0744998102));
#8257=CARTESIAN_POINT('',(0.0342281797135828,-0.00400517904219197,0.0744998102));
#8258=CARTESIAN_POINT('',(0.0342281797135828,-0.00400517904219197,0.0726601898));
#8259=CARTESIAN_POINT('',(0.0360678001135828,-0.00400517904219197,0.0726601898));
#8260=CARTESIAN_POINT('',(0.0360678001135828,-0.00400517904219197,0.06088));
#8261=CARTESIAN_POINT('',(0.0360678001135828,-0.00400517904219197,0.0617998102));
#8262=CARTESIAN_POINT('',(0.0342281797135828,-0.00400517904219197,0.0617998102));
#8263=CARTESIAN_POINT('',(0.0342281797135828,-0.00400517904219197,0.0599601898));
#8264=CARTESIAN_POINT('',(-0.0235941533459367,-0.00400517904219197,0.0599601898));
#8265=CARTESIAN_POINT('',(-0.0259075872748022,-0.00400517904219197,0.0193201898));
#8266=CARTESIAN_POINT('',(-0.0240679668748022,-0.00400517904219197,0.0193201898));
#8267=CARTESIAN_POINT('',(-0.0259075872748022,-0.00400517904219197,0.0211598102));
#8268=CARTESIAN_POINT('',(-0.0240679668748022,-0.00400517904219197,0.00754));
#8269=CARTESIAN_POINT('',(-0.0240679668748022,-0.00400517904219197,0.00845981019999998));
#8270=CARTESIAN_POINT('',(-0.0259075872748022,-0.00400517904219197,0.00845981019999998));
#8271=CARTESIAN_POINT('',(-0.0259075872748022,-0.00400517904219197,0.00662018979999998));
#8272=CARTESIAN_POINT('',(-0.0235941533459367,-0.00400517904219197,0.00662018979999998));
#8273=CARTESIAN_POINT('',(-0.0342279668748022,-0.00400517904219197,0.00662018979999998));
#8274=CARTESIAN_POINT('',(-0.0342279668748022,-0.00400517904219197,0.00845981019999998));
#8275=CARTESIAN_POINT('',(-0.0360675872748022,-0.00400517904219197,0.00845981019999998));
#8276=CARTESIAN_POINT('',(-0.0360675872748022,-0.00400517904219197,0.0939));
#8277=CARTESIAN_POINT('',(-0.0360675872748022,-0.00400517904219197,0.0193201898));
#8278=CARTESIAN_POINT('',(-0.0342279668748022,-0.00400517904219197,0.0193201898));
#8279=CARTESIAN_POINT('',(-0.0342279668748022,-0.00400517904219197,0.0211598102));
#8280=CARTESIAN_POINT('',(-0.0249877770748022,-0.00400517904219197,0.0211598102));
#8281=CARTESIAN_POINT('',(-0.0259075872748022,-0.00400517904219197,0.0371001898));
#8282=CARTESIAN_POINT('',(-0.0240679668748022,-0.00400517904219197,0.0371001898));
#8283=CARTESIAN_POINT('',(-0.0259075872748022,-0.00400517904219197,0.0389398102));
#8284=CARTESIAN_POINT('',(-0.0240679668748022,-0.00400517904219197,0.02532));
#8285=CARTESIAN_POINT('',(-0.0240679668748022,-0.00400517904219197,0.0262398102));
#8286=CARTESIAN_POINT('',(-0.0259075872748022,-0.00400517904219197,0.0262398102));
#8287=CARTESIAN_POINT('',(-0.0259075872748022,-0.00400517904219197,0.0244001898));
#8288=CARTESIAN_POINT('',(-0.0235941533459367,-0.00400517904219197,0.0244001898));
#8289=CARTESIAN_POINT('',(-0.0342279668748022,-0.00400517904219197,0.0244001898));
#8290=CARTESIAN_POINT('',(-0.0342279668748022,-0.00400517904219197,0.0262398102));
#8291=CARTESIAN_POINT('',(-0.0360675872748022,-0.00400517904219197,0.0262398102));
#8292=CARTESIAN_POINT('',(-0.0360675872748022,-0.00400517904219197,0.0939));
#8293=CARTESIAN_POINT('',(-0.0360675872748022,-0.00400517904219197,0.0371001898));
#8294=CARTESIAN_POINT('',(-0.0342279668748022,-0.00400517904219197,0.0371001898));
#8295=CARTESIAN_POINT('',(-0.0342279668748022,-0.00400517904219197,0.0389398102));
#8296=CARTESIAN_POINT('',(-0.0249877770748022,-0.00400517904219197,0.0389398102));
#8297=CARTESIAN_POINT('',(-0.0259075872748022,-0.00400517904219197,0.0726601898));
#8298=CARTESIAN_POINT('',(-0.0240679668748022,-0.00400517904219197,0.0726601898));
#8299=CARTESIAN_POINT('',(-0.0259075872748022,-0.00400517904219197,0.0744998102));
#8300=CARTESIAN_POINT('',(-0.0240679668748022,-0.00400517904219197,0.06088));
#8301=CARTESIAN_POINT('',(-0.0240679668748022,-0.00400517904219197,0.0617998102));
#8302=CARTESIAN_POINT('',(-0.0259075872748022,-0.00400517904219197,0.0617998102));
#8303=CARTESIAN_POINT('',(-0.0259075872748022,-0.00400517904219197,0.0599601898));
#8304=CARTESIAN_POINT('',(-0.0235941533459367,-0.00400517904219197,0.0599601898));
#8305=CARTESIAN_POINT('',(-0.0342279668748022,-0.00400517904219197,0.0599601898));
#8306=CARTESIAN_POINT('',(-0.0342279668748022,-0.00400517904219197,0.0617998102));
#8307=CARTESIAN_POINT('',(-0.0360675872748022,-0.00400517904219197,0.0617998102));
#8308=CARTESIAN_POINT('',(-0.0360675872748022,-0.00400517904219197,0.0939));
#8309=CARTESIAN_POINT('',(-0.0360675872748022,-0.00400517904219197,0.0726601898));
#8310=CARTESIAN_POINT('',(-0.0342279668748022,-0.00400517904219197,0.0726601898));
#8311=CARTESIAN_POINT('',(-0.0342279668748022,-0.00400517904219197,0.0744998102));
#8312=CARTESIAN_POINT('',(-0.0249877770748022,-0.00400517904219197,0.0744998102));
#8313=CARTESIAN_POINT('',(-0.0235941533459367,-0.00400517904219197,0.0742519497871399));
#8314=CARTESIAN_POINT('',(0.0179976262152195,-0.00400517904219197,0.0742519497871399));
#8315=CARTESIAN_POINT('',(-0.0179976262152195,-0.00400517904219197,0.0742519497871399));
#8316=CARTESIAN_POINT('',(0.0179976262152195,-0.00400517904219197,0.0939));
#8317=CARTESIAN_POINT('',(0.0179976262152195,-0.00400517904219197,0.0235348955545155));
#8318=CARTESIAN_POINT('',(-0.0235941533459367,-0.00400517904219197,0.0235348955545155));
#8319=CARTESIAN_POINT('',(-0.0179976262152195,-0.00400517904219197,0.0235348955545155));
#8320=CARTESIAN_POINT('',(-0.0179976262152195,-0.00400517904219197,0.0939));
#8321=CARTESIAN_POINT('',(-0.0216269660741091,-0.00400517904219197,0.0634677099049091));
#8322=CARTESIAN_POINT('',(-0.0216269660741091,-0.00400517904219197,0.0774854198098183));
#8323=CARTESIAN_POINT('',(-0.0216269660741091,-0.00400517904219197,0.0214145801901818));
#8324=CARTESIAN_POINT('',(-0.0152769660741091,-0.00400517904219197,0.0774854198098183));
#8325=CARTESIAN_POINT('',(-0.00892696607410908,-0.00400517904219197,0.0774854198098183));
#8326=CARTESIAN_POINT('',(-0.00892696607410908,-0.00400517904219197,0.0767177099049091));
#8327=CARTESIAN_POINT('',(-0.00892696607410908,-0.00400517904219197,0.07595));
#8328=CARTESIAN_POINT('',(-0.0145884830370545,-0.00400517904219197,0.07595));
#8329=CARTESIAN_POINT('',(-0.02025,-0.00400517904219197,0.07595));
#8330=CARTESIAN_POINT('',(-0.02025,-0.00400517904219197,0.0627));
#8331=CARTESIAN_POINT('',(-0.02025,-0.00400517904219197,0.02295));
#8332=CARTESIAN_POINT('',(-0.0145884830370545,-0.00400517904219197,0.02295));
#8333=CARTESIAN_POINT('',(-0.00892696607410908,-0.00400517904219197,0.02295));
#8334=CARTESIAN_POINT('',(-0.00892696607410908,-0.00400517904219197,0.0221822900950909));
#8335=CARTESIAN_POINT('',(-0.00892696607410908,-0.00400517904219197,0.0214145801901818));
#8336=CARTESIAN_POINT('',(-0.0152769660741091,-0.00400517904219197,0.0214145801901818));
#8337=CARTESIAN_POINT('',(-0.0235941533459367,-0.00400517904219197,0.005));
#8338=CARTESIAN_POINT('',(-0.0376877770748022,-0.00400517904219195,0.005));
#8339=CARTESIAN_POINT('',(0.0376877770748022,-0.00400517904219197,0.005));
#8340=CARTESIAN_POINT('',(0.0376877770748022,-0.00400517904219195,0.0939));
#8341=CARTESIAN_POINT('',(0.0376877770748022,-0.00400517904219195,0.0939));
#8342=CARTESIAN_POINT('',(-0.0235941533459367,-0.00400517904219197,0.0939));
#8343=CARTESIAN_POINT('',(-0.0376877770748022,-0.00400517904219195,0.0939));
#8344=CARTESIAN_POINT('',(-0.0376877770748022,-0.00400517904219195,0.0939));
#8345=CARTESIAN_POINT('',(0.0152769660741091,-0.00400517904219197,0.0214145801901818));
#8346=CARTESIAN_POINT('',(0.00892696607410908,-0.00400517904219197,0.0214145801901818));
#8347=CARTESIAN_POINT('',(0.0216269660741091,-0.00400517904219197,0.0214145801901818));
#8348=CARTESIAN_POINT('',(0.00892696607410908,-0.00400517904219197,0.0221822900950909));
#8349=CARTESIAN_POINT('',(0.00892696607410908,-0.00400517904219197,0.02295));
#8350=CARTESIAN_POINT('',(0.0145884830370545,-0.00400517904219197,0.02295));
#8351=CARTESIAN_POINT('',(0.02025,-0.00400517904219197,0.02295));
#8352=CARTESIAN_POINT('',(0.02025,-0.00400517904219197,0.0627));
#8353=CARTESIAN_POINT('',(0.02025,-0.00400517904219197,0.07595));
#8354=CARTESIAN_POINT('',(0.0145884830370545,-0.00400517904219197,0.07595));
#8355=CARTESIAN_POINT('',(0.00892696607410908,-0.00400517904219197,0.07595));
#8356=CARTESIAN_POINT('',(0.00892696607410908,-0.00400517904219197,0.0767177099049091));
#8357=CARTESIAN_POINT('',(0.00892696607410908,-0.00400517904219197,0.0774854198098183));
#8358=CARTESIAN_POINT('',(0.0152769660741091,-0.00400517904219197,0.0774854198098183));
#8359=CARTESIAN_POINT('',(0.0216269660741091,-0.00400517904219197,0.0774854198098183));
#8360=CARTESIAN_POINT('',(0.0216269660741091,-0.00400517904219197,0.0634677099049091));
#8361=CARTESIAN_POINT('',(0.0259078001135828,-0.00400517904219197,0.0904401898));
#8362=CARTESIAN_POINT('',(0.0259078001135828,-0.00400517904219197,0.0922798102));
#8363=CARTESIAN_POINT('',(0.0240681797135828,-0.00400517904219197,0.0904401898));
#8364=CARTESIAN_POINT('',(0.0351479899135828,-0.00400517904219197,0.0922798102));
#8365=CARTESIAN_POINT('',(0.0342281797135828,-0.00400517904219197,0.0922798102));
#8366=CARTESIAN_POINT('',(0.0342281797135828,-0.00400517904219197,0.0904401898));
#8367=CARTESIAN_POINT('',(0.0360678001135828,-0.00400517904219197,0.0904401898));
#8368=CARTESIAN_POINT('',(0.0360678001135828,-0.00400517904219197,0.07866));
#8369=CARTESIAN_POINT('',(0.0360678001135828,-0.00400517904219197,0.0795798102));
#8370=CARTESIAN_POINT('',(0.0342281797135828,-0.00400517904219197,0.0795798102));
#8371=CARTESIAN_POINT('',(0.0342281797135828,-0.00400517904219197,0.0777401898));
#8372=CARTESIAN_POINT('',(-0.0235941533459367,-0.00400517904219197,0.0777401898));
#8373=CARTESIAN_POINT('',(0.0259078001135828,-0.00400517904219197,0.0777401898));
#8374=CARTESIAN_POINT('',(0.0259078001135828,-0.00400517904219197,0.0795798102));
#8375=CARTESIAN_POINT('',(0.0240681797135828,-0.00400517904219197,0.0795798102));
#8376=CARTESIAN_POINT('',(0.0240681797135828,-0.00400517904219197,0.0939));
#8377=CARTESIAN_POINT('',(-0.0259075872748022,-0.00400517904219197,0.0904401898));
#8378=CARTESIAN_POINT('',(-0.0240679668748022,-0.00400517904219197,0.0904401898));
#8379=CARTESIAN_POINT('',(-0.0259075872748022,-0.00400517904219197,0.0922798102));
#8380=CARTESIAN_POINT('',(-0.0240679668748022,-0.00400517904219197,0.07866));
#8381=CARTESIAN_POINT('',(-0.0240679668748022,-0.00400517904219197,0.0795798102));
#8382=CARTESIAN_POINT('',(-0.0259075872748022,-0.00400517904219197,0.0795798102));
#8383=CARTESIAN_POINT('',(-0.0259075872748022,-0.00400517904219197,0.0777401898));
#8384=CARTESIAN_POINT('',(-0.0235941533459367,-0.00400517904219197,0.0777401898));
#8385=CARTESIAN_POINT('',(-0.0342279668748022,-0.00400517904219197,0.0777401898));
#8386=CARTESIAN_POINT('',(-0.0342279668748022,-0.00400517904219197,0.0795798102));
#8387=CARTESIAN_POINT('',(-0.0360675872748022,-0.00400517904219197,0.0795798102));
#8388=CARTESIAN_POINT('',(-0.0360675872748022,-0.00400517904219197,0.0939));
#8389=CARTESIAN_POINT('',(-0.0360675872748022,-0.00400517904219197,0.0904401898));
#8390=CARTESIAN_POINT('',(-0.0342279668748022,-0.00400517904219197,0.0904401898));
#8391=CARTESIAN_POINT('',(-0.0342279668748022,-0.00400517904219197,0.0922798102));
#8392=CARTESIAN_POINT('',(-0.0249877770748022,-0.00400517904219197,0.0922798102));
#8393=CARTESIAN_POINT('',(-0.0342279668748022,-0.00400517904219197,0.0440198102));
#8394=CARTESIAN_POINT('',(-0.0360675872748022,-0.00400517904219197,0.0440198102));
#8395=CARTESIAN_POINT('',(-0.0342279668748022,-0.00400517904219197,0.0421801898));
#8396=CARTESIAN_POINT('',(-0.0360675872748022,-0.00400517904219197,0.0939));
#8397=CARTESIAN_POINT('',(-0.0360675872748022,-0.00400517904219197,0.0548801898));
#8398=CARTESIAN_POINT('',(-0.0342279668748022,-0.00400517904219197,0.0548801898));
#8399=CARTESIAN_POINT('',(-0.0342279668748022,-0.00400517904219197,0.0567198102));
#8400=CARTESIAN_POINT('',(-0.0249877770748022,-0.00400517904219197,0.0567198102));
#8401=CARTESIAN_POINT('',(-0.0259075872748022,-0.00400517904219197,0.0567198102));
#8402=CARTESIAN_POINT('',(-0.0259075872748022,-0.00400517904219197,0.0548801898));
#8403=CARTESIAN_POINT('',(-0.0240679668748022,-0.00400517904219197,0.0548801898));
#8404=CARTESIAN_POINT('',(-0.0240679668748022,-0.00400517904219197,0.0431));
#8405=CARTESIAN_POINT('',(-0.0240679668748022,-0.00400517904219197,0.0440198102));
#8406=CARTESIAN_POINT('',(-0.0259075872748022,-0.00400517904219197,0.0440198102));
#8407=CARTESIAN_POINT('',(-0.0259075872748022,-0.00400517904219197,0.0421801898));
#8408=CARTESIAN_POINT('',(-0.0235941533459367,-0.00400517904219197,0.0421801898));
#8409=CARTESIAN_POINT('',(0.,0.,0.0939));
#8410=CARTESIAN_POINT('',(0.,2.32070568438423E-18,0.0939));
#8411=CARTESIAN_POINT('',(-0.0275308539328335,-0.0116804449987767,0.0939));
#8412=CARTESIAN_POINT('',(-0.0275308539328335,-0.0135200653987767,0.0939));
#8413=CARTESIAN_POINT('',(-0.0293704743328335,-0.0116804449987767,0.0939));
#8414=CARTESIAN_POINT('',(0.,-0.0135200653987767,0.0939));
#8415=CARTESIAN_POINT('',(0.0275308539328335,-0.0135200653987767,0.0939));
#8416=CARTESIAN_POINT('',(0.0275308539328335,-0.0116804449987767,0.0939));
#8417=CARTESIAN_POINT('',(0.0293704743328335,-0.0116804449987767,0.0939));
#8418=CARTESIAN_POINT('',(0.0293704743328335,0.,0.0939));
#8419=CARTESIAN_POINT('',(0.0293704743328335,-0.00758751638408918,0.0939));
#8420=CARTESIAN_POINT('',(0.0275308539328335,-0.00758751638408918,0.0939));
#8421=CARTESIAN_POINT('',(0.0275308539328335,-0.00574789598408918,0.0939));
#8422=CARTESIAN_POINT('',(-0.0284506641328335,-0.00574789598408918,0.0939));
#8423=CARTESIAN_POINT('',(-0.0275308539328335,-0.00574789598408918,0.0939));
#8424=CARTESIAN_POINT('',(-0.0275308539328335,-0.00758751638408919,0.0939));
#8425=CARTESIAN_POINT('',(-0.0293704743328335,-0.00758751638408919,0.0939));
#8426=CARTESIAN_POINT('',(-0.0293704743328335,-0.0126002551987767,0.0939));
#8427=CARTESIAN_POINT('',(0.,0.,0.1019));
#8428=CARTESIAN_POINT('',(-0.0364613565851166,-0.00400517904219195,0.1019));
#8429=CARTESIAN_POINT('',(-0.0364613565851166,0.00393965862383116,0.1019));
#8430=CARTESIAN_POINT('',(-0.0364613565851166,-0.00393965862383115,0.1019));
#8431=CARTESIAN_POINT('',(0.,2.32070568438423E-18,0.1019));
#8432=CARTESIAN_POINT('',(0.0364613565851166,-0.00393965862383115,0.1019));
#8433=CARTESIAN_POINT('',(0.0364613565851166,0.,0.1019));
#8434=CARTESIAN_POINT('',(0.0364613565851166,0.00393965862383116,0.1019));
#8435=CARTESIAN_POINT('',(0.,2.32070568438423E-18,0.1019));
#8436=CARTESIAN_POINT('',(0.0275308539328335,-0.0116804449987767,0.1019));
#8437=CARTESIAN_POINT('',(0.0275308539328335,-0.0135200653987767,0.1019));
#8438=CARTESIAN_POINT('',(0.0293704743328335,-0.0116804449987767,0.1019));
#8439=CARTESIAN_POINT('',(-0.0284506641328335,-0.0135200653987767,0.1019));
#8440=CARTESIAN_POINT('',(-0.0275308539328335,-0.0135200653987767,0.1019));
#8441=CARTESIAN_POINT('',(-0.0275308539328335,-0.0116804449987767,0.1019));
#8442=CARTESIAN_POINT('',(-0.0293704743328335,-0.0116804449987767,0.1019));
#8443=CARTESIAN_POINT('',(-0.0293704743328335,0.,0.1019));
#8444=CARTESIAN_POINT('',(-0.0293704743328335,-0.00758751638408919,0.1019));
#8445=CARTESIAN_POINT('',(-0.0275308539328335,-0.00758751638408919,0.1019));
#8446=CARTESIAN_POINT('',(-0.0275308539328335,-0.00574789598408918,0.1019));
#8447=CARTESIAN_POINT('',(0.,-0.00574789598408918,0.1019));
#8448=CARTESIAN_POINT('',(0.0275308539328335,-0.00574789598408918,0.1019));
#8449=CARTESIAN_POINT('',(0.0275308539328335,-0.00758751638408918,0.1019));
#8450=CARTESIAN_POINT('',(0.0293704743328335,-0.00758751638408918,0.1019));
#8451=CARTESIAN_POINT('',(0.0293704743328335,-0.0126002551987767,0.1019));
#8452=CARTESIAN_POINT('',(0.0216269660741091,-0.00908517904219197,0.0634677099049091));
#8453=CARTESIAN_POINT('',(0.0216269660741091,-0.00908517904219197,0.0774854198098183));
#8454=CARTESIAN_POINT('',(0.0216269660741091,-0.00666770618408918,0.0774854198098183));
#8455=CARTESIAN_POINT('',(0.0216269660741091,-0.00666770618408918,0.0634677099049091));
#8456=CARTESIAN_POINT('',(0.0216269660741091,-0.00666770618408918,0.0765));
#8457=CARTESIAN_POINT('',(0.0216269660741091,-0.00908517904219197,0.0765));
#8458=CARTESIAN_POINT('',(0.0216269660741091,-0.00908517904219197,0.0765));
#8459=CARTESIAN_POINT('',(0.0216269660741091,-0.00908517904219197,0.0634677099049091));
#8460=CARTESIAN_POINT('',(0.0216269660741091,-0.00908517904219197,0.0214145801901818));
#8461=CARTESIAN_POINT('',(0.0216269660741091,-0.00908517904219197,0.0214145801901818));
#8462=CARTESIAN_POINT('',(0.0152769660741091,-0.00908517904219197,0.0774854198098183));
#8463=CARTESIAN_POINT('',(0.00892696607410908,-0.00908517904219197,0.0774854198098183));
#8464=CARTESIAN_POINT('',(0.00892696607410908,-0.00666770618408918,0.0774854198098183));
#8465=CARTESIAN_POINT('',(0.0152769660741091,-0.00666770618408918,0.0774854198098183));
#8466=CARTESIAN_POINT('',(0.00892696607410908,-0.00908517904219197,0.0767177099049091));
#8467=CARTESIAN_POINT('',(0.00892696607410908,-0.00666770618408918,0.0767177099049091));
#8468=CARTESIAN_POINT('',(0.00892696607410908,-0.00666770618408918,0.0765));
#8469=CARTESIAN_POINT('',(0.00892696607410908,-0.00908517904219197,0.07595));
#8470=CARTESIAN_POINT('',(0.00892696607410908,-0.00908517904219197,0.07595));
#8471=CARTESIAN_POINT('',(0.00892696607410908,-0.00908517904219197,0.0767177099049091));
#8472=CARTESIAN_POINT('',(0.00892696607410908,-0.00908517904219197,0.0765));
#8473=CARTESIAN_POINT('',(0.00892696607410908,-0.00908517904219197,0.0765));
#8474=CARTESIAN_POINT('',(0.,-0.00908517904219197,0.04945));
#8475=CARTESIAN_POINT('',(0.,-0.00908517904219197,0.0765));
#8476=CARTESIAN_POINT('',(0.0145884830370545,-0.00908517904219197,0.07595));
#8477=CARTESIAN_POINT('',(0.02025,-0.00908517904219197,0.07595));
#8478=CARTESIAN_POINT('',(0.02025,-0.00908517904219197,0.0627));
#8479=CARTESIAN_POINT('',(0.02025,-0.00908517904219197,0.02295));
#8480=CARTESIAN_POINT('',(0.0145884830370545,-0.00908517904219197,0.02295));
#8481=CARTESIAN_POINT('',(0.00892696607410908,-0.00908517904219197,0.02295));
#8482=CARTESIAN_POINT('',(0.00892696607410908,-0.00908517904219197,0.0221822900950909));
#8483=CARTESIAN_POINT('',(0.00892696607410908,-0.00908517904219197,0.0214145801901818));
#8484=CARTESIAN_POINT('',(0.0152769660741091,-0.00908517904219197,0.0214145801901818));
#8485=CARTESIAN_POINT('',(-0.0152769660741091,-0.00908517904219197,0.0774854198098183));
#8486=CARTESIAN_POINT('',(-0.0216269660741091,-0.00908517904219197,0.0774854198098183));
#8487=CARTESIAN_POINT('',(-0.0216269660741091,-0.00666770618408918,0.0774854198098183));
#8488=CARTESIAN_POINT('',(-0.0152769660741091,-0.00666770618408918,0.0774854198098183));
#8489=CARTESIAN_POINT('',(-0.00892696607410908,-0.00666770618408918,0.0774854198098183));
#8490=CARTESIAN_POINT('',(-0.00892696607410908,-0.00908517904219197,0.0774854198098183));
#8491=CARTESIAN_POINT('',(-0.0216269660741091,-0.00908517904219197,0.0634677099049091));
#8492=CARTESIAN_POINT('',(-0.0216269660741091,-0.00666770618408918,0.0634677099049091));
#8493=CARTESIAN_POINT('',(-0.0216269660741091,-0.00666770618408918,0.0765));
#8494=CARTESIAN_POINT('',(-0.0216269660741091,-0.00908517904219197,0.0214145801901818));
#8495=CARTESIAN_POINT('',(-0.0216269660741091,-0.00908517904219197,0.0214145801901818));
#8496=CARTESIAN_POINT('',(-0.0216269660741091,-0.00908517904219197,0.0634677099049091));
#8497=CARTESIAN_POINT('',(-0.0216269660741091,-0.00908517904219197,0.0765));
#8498=CARTESIAN_POINT('',(-0.0216269660741091,-0.00908517904219197,0.0765));
#8499=CARTESIAN_POINT('',(-0.00892696607410908,-0.00908517904219197,0.0767177099049091));
#8500=CARTESIAN_POINT('',(-0.00892696607410908,-0.00666770618408918,0.0767177099049091));
#8501=CARTESIAN_POINT('',(-0.00892696607410908,-0.00666770618408918,0.0765));
#8502=CARTESIAN_POINT('',(-0.00892696607410908,-0.00908517904219197,0.0765));
#8503=CARTESIAN_POINT('',(-0.00892696607410908,-0.00908517904219197,0.0765));
#8504=CARTESIAN_POINT('',(-0.00892696607410908,-0.00908517904219197,0.0767177099049091));
#8505=CARTESIAN_POINT('',(-0.00892696607410908,-0.00908517904219197,0.07595));
#8506=CARTESIAN_POINT('',(-0.00892696607410908,-0.00908517904219197,0.07595));
#8507=CARTESIAN_POINT('',(0.,-0.00908517904219197,0.04945));
#8508=CARTESIAN_POINT('',(0.,-0.00908517904219197,0.0765));
#8509=CARTESIAN_POINT('',(-0.0152769660741091,-0.00908517904219197,0.0214145801901818));
#8510=CARTESIAN_POINT('',(-0.00892696607410908,-0.00908517904219197,0.0214145801901818));
#8511=CARTESIAN_POINT('',(-0.00892696607410908,-0.00908517904219197,0.0221822900950909));
#8512=CARTESIAN_POINT('',(-0.00892696607410908,-0.00908517904219197,0.02295));
#8513=CARTESIAN_POINT('',(-0.0145884830370545,-0.00908517904219197,0.02295));
#8514=CARTESIAN_POINT('',(-0.02025,-0.00908517904219197,0.02295));
#8515=CARTESIAN_POINT('',(-0.02025,-0.00908517904219197,0.0627));
#8516=CARTESIAN_POINT('',(-0.02025,-0.00908517904219197,0.07595));
#8517=CARTESIAN_POINT('',(-0.0145884830370545,-0.00908517904219197,0.07595));
#8518=CARTESIAN_POINT('',(0.,0.,0.005));
#8519=CARTESIAN_POINT('',(0.,2.32070568438423E-18,0.005));
#8520=CARTESIAN_POINT('',(0.0275308673920209,-0.0178655503758355,0.005));
#8521=CARTESIAN_POINT('',(0.0275308673920209,-0.0197051811103638,0.005));
#8522=CARTESIAN_POINT('',(0.0293704981265491,-0.0178655503758355,0.005));
#8523=CARTESIAN_POINT('',(-0.028450682759285,-0.0197051811103638,0.005));
#8524=CARTESIAN_POINT('',(-0.0275308673920209,-0.0197051811103638,0.005));
#8525=CARTESIAN_POINT('',(-0.0275308673920209,-0.0178655503758355,0.005));
#8526=CARTESIAN_POINT('',(-0.0293704981265491,-0.0178655503758355,0.005));
#8527=CARTESIAN_POINT('',(-0.0293704981265491,-0.0128528951876769,0.005));
#8528=CARTESIAN_POINT('',(-0.0293704981265491,-0.0137727105549411,0.005));
#8529=CARTESIAN_POINT('',(-0.0275308673920209,-0.0137727105549411,0.005));
#8530=CARTESIAN_POINT('',(-0.0275308673920209,-0.0119330798204128,0.005));
#8531=CARTESIAN_POINT('',(-6.54836106826911E-18,-0.0119330798204128,0.005));
#8532=CARTESIAN_POINT('',(0.0275308673920209,-0.0119330798204128,0.005));
#8533=CARTESIAN_POINT('',(0.0275308673920209,-0.0137727105549411,0.005));
#8534=CARTESIAN_POINT('',(0.0293704981265491,-0.0137727105549411,0.005));
#8535=CARTESIAN_POINT('',(0.0293704981265491,0.,0.005));
#8536=CARTESIAN_POINT('',(0.,0.,0.));
#8537=CARTESIAN_POINT('',(-0.0275308673920209,-0.0137727105549411,0.));
#8538=CARTESIAN_POINT('',(-0.0293704981265491,-0.0137727105549411,0.));
#8539=CARTESIAN_POINT('',(-0.0275308673920209,-0.0119330798204128,0.));
#8540=CARTESIAN_POINT('',(-0.0293704981265491,0.,0.));
#8541=CARTESIAN_POINT('',(-0.0293704981265491,-0.0178655503758355,0.));
#8542=CARTESIAN_POINT('',(-0.0275308673920209,-0.0178655503758355,0.));
#8543=CARTESIAN_POINT('',(-0.0259377004423367,-0.0187853657430996,0.));
#8544=CARTESIAN_POINT('',(0.,-0.0187853657430996,0.));
#8545=CARTESIAN_POINT('',(0.0259377004423367,-0.0187853657430996,0.));
#8546=CARTESIAN_POINT('',(0.0275308673920209,-0.0178655503758355,0.));
#8547=CARTESIAN_POINT('',(0.0293704981265491,-0.0178655503758355,0.));
#8548=CARTESIAN_POINT('',(0.0293704981265491,-0.012852895187677,0.));
#8549=CARTESIAN_POINT('',(0.0293704981265491,-0.0137727105549411,0.));
#8550=CARTESIAN_POINT('',(0.0275308673920209,-0.0137727105549411,0.));
#8551=CARTESIAN_POINT('',(0.0275308673920209,-0.0119330798204128,0.));
#8552=CARTESIAN_POINT('',(-0.028450682759285,-0.0119330798204128,0.));
#8553=CARTESIAN_POINT('',(0.,2.32070568438423E-18,0.));
#8554=CARTESIAN_POINT('',(0.0366735795103144,2.32070568438423E-18,0.));
#8555=CARTESIAN_POINT('',(0.,0.,0.005));
#8556=CARTESIAN_POINT('',(0.,2.32070568438423E-18,0.005));
#8557=CARTESIAN_POINT('',(0.,0.,0.005));
#8558=CARTESIAN_POINT('',(0.,2.32070568438423E-18,0.005));
#8559=CARTESIAN_POINT('',(0.0376877770748022,-8.67361737988404E-19,0.005));
#8560=CARTESIAN_POINT('',(0.,2.32070568438423E-18,0.005));
#8561=CARTESIAN_POINT('',(0.,2.32070568438423E-18,0.00122642048968553));
#8562=CARTESIAN_POINT('',(0.0379,2.32070568438423E-18,0.00122642048968553));
#8563=CARTESIAN_POINT('',(0.,2.32070568438423E-18,0.005));
#8564=CARTESIAN_POINT('',(0.,0.,0.005));
#8565=CARTESIAN_POINT('',(-0.0376877770748022,0.,0.005));
#8566=CARTESIAN_POINT('',(-0.0376877770748022,0.,0.0939));
#8567=CARTESIAN_POINT('',(-0.0376877770748022,4.60269013410953E-19,0.0967808121919632));
#8568=CARTESIAN_POINT('',(-0.0376877770748022,4.60269013410953E-19,0.0939808121919632));
#8569=CARTESIAN_POINT('',(-0.0376877770748022,-0.00400517904219195,0.1019));
#8570=CARTESIAN_POINT('',(-0.0376877770748022,-0.00400517904219195,0.100673579510314));
#8571=CARTESIAN_POINT('',(-0.0376877770748022,0.00400517904219196,0.100673579510314));
#8572=CARTESIAN_POINT('',(-0.0376877770748022,0.00400517904219196,0.100673579510314));
#8573=CARTESIAN_POINT('',(-0.0376877770748022,0.00400517904219196,0.1019));
#8574=CARTESIAN_POINT('',(0.0376877770748022,-8.67361737988404E-19,0.0939));
#8575=CARTESIAN_POINT('',(0.0376877770748022,4.60269013410953E-19,0.0967808121919632));
#8576=CARTESIAN_POINT('',(0.0376877770748022,4.60269013410953E-19,0.0939808121919632));
#8577=CARTESIAN_POINT('',(0.0376877770748022,0.00400517904219196,0.1019));
#8578=CARTESIAN_POINT('',(0.0376877770748022,0.00400517904219196,0.100673579510314));
#8579=CARTESIAN_POINT('',(0.0376877770748022,-8.67361737988404E-19,0.100673579510314));
#8580=CARTESIAN_POINT('',(0.0376877770748022,-0.00400517904219195,0.100673579510314));
#8581=CARTESIAN_POINT('',(0.0376877770748022,-0.00400517904219195,0.1019));
#8582=CARTESIAN_POINT('',(0.,0.,0.0939));
#8583=CARTESIAN_POINT('',(0.,2.32070568438423E-18,0.0939));
#8584=CARTESIAN_POINT('',(0.,2.32070568438423E-18,0.1019));
#8585=CARTESIAN_POINT('',(0.,2.32070568438423E-18,0.100673579510314));
#8586=CARTESIAN_POINT('',(-0.000767425845633688,0.0378922295143932,0.100673579510314));
#8587=CARTESIAN_POINT('',(-0.000767425845633688,0.0378922295143932,0.100673579510314));
#8588=CARTESIAN_POINT('',(-0.00141637656338018,0.0378790864093365,0.100488632437581));
#8589=CARTESIAN_POINT('',(-0.00255261643058006,0.0378190859850657,0.0996455862028954));
#8590=CARTESIAN_POINT('',(-0.00302102367061444,0.0377782686325106,0.0975574964116968));
#8591=CARTESIAN_POINT('',(-0.00200103826967317,0.0378583712437776,0.0956800061482243));
#8592=CARTESIAN_POINT('',(-1.17715855531008E-7,0.0379208131501131,0.09493120818282));
#8593=CARTESIAN_POINT('',(0.00200099032924064,0.0378583761551784,0.0956799654954251));
#8594=CARTESIAN_POINT('',(0.00302094564809405,0.0377782735101489,0.0975572196179118));
#8595=CARTESIAN_POINT('',(0.00255279348512577,0.0378190749864739,0.09964542740046));
#8596=CARTESIAN_POINT('',(0.00141637679088423,0.0378790864047289,0.100488632372744));
#8597=CARTESIAN_POINT('',(0.000767425845633691,0.0378922295143932,0.100673579510314));
#8598=CARTESIAN_POINT('',(0.000767425845633685,0.0378922295143932,0.100673579510314));
#8599=CARTESIAN_POINT('',(0.,2.32070568438423E-18,0.100673579510314));
#8600=CARTESIAN_POINT('',(0.,2.32070568438423E-18,0.1019));
#8601=CARTESIAN_POINT('',(0.,2.32070568438423E-18,0.100673579510314));
#8602=CARTESIAN_POINT('',(0.000767425845633688,-0.0378922295143932,0.100673579510314));
#8603=CARTESIAN_POINT('',(0.000767425845633688,-0.0378922295143932,0.100673579510314));
#8604=CARTESIAN_POINT('',(0.00141637656338018,-0.0378790864093365,0.100488632437581));
#8605=CARTESIAN_POINT('',(0.00255261643058006,-0.0378190859850657,0.0996455862028954));
#8606=CARTESIAN_POINT('',(0.00302102367061444,-0.0377782686325106,0.0975574964116968));
#8607=CARTESIAN_POINT('',(0.00200103826967317,-0.0378583712437776,0.0956800061482243));
#8608=CARTESIAN_POINT('',(1.17715855522641E-7,-0.0379208131501131,0.09493120818282));
#8609=CARTESIAN_POINT('',(-0.00200099032924064,-0.0378583761551784,0.0956799654954251));
#8610=CARTESIAN_POINT('',(-0.00302094564809405,-0.0377782735101489,0.0975572196179118));
#8611=CARTESIAN_POINT('',(-0.00255279348512577,-0.0378190749864739,0.09964542740046));
#8612=CARTESIAN_POINT('',(-0.00141637679088422,-0.0378790864047289,0.100488632372744));
#8613=CARTESIAN_POINT('',(-0.000767425845633683,-0.0378922295143932,0.100673579510314));
#8614=CARTESIAN_POINT('',(-0.000767425845633685,-0.0378922295143932,0.100673579510314));
#8615=CARTESIAN_POINT('',(0.,2.32070568438423E-18,0.100673579510314));
#8616=CARTESIAN_POINT('',(0.,2.32070568438423E-18,0.00122642048968553));
#8617=CARTESIAN_POINT('',(-0.0364613565851166,0.,0.100673579510314));
#8618=CARTESIAN_POINT('',(-0.0376877770748022,-0.00400517904219195,0.100673579510314));
#8619=CARTESIAN_POINT('',(-0.0376877770748022,-0.00400517904219195,0.10099773176127));
#8620=CARTESIAN_POINT('',(-0.037422970317424,-0.00399118541234801,0.101632760954891));
#8621=CARTESIAN_POINT('',(-0.0367804549571813,-0.00395684542093728,0.1019));
#8622=CARTESIAN_POINT('',(-0.0364613565851166,-0.00393965862383115,0.1019));
#8623=CARTESIAN_POINT('',(-0.0376877770748022,0.00400517904219196,0.100673579510314));
#8624=CARTESIAN_POINT('',(-0.0376877770748022,0.00400517904219196,0.10099773176127));
#8625=CARTESIAN_POINT('',(-0.037422970317424,0.00399118541234802,0.101632760954891));
#8626=CARTESIAN_POINT('',(-0.0367804549571813,0.00395684542093729,0.1019));
#8627=CARTESIAN_POINT('',(-0.0364613565851166,0.00393965862383116,0.1019));
#8628=CARTESIAN_POINT('',(0.,2.32070568438423E-18,0.100673579510314));
#8629=CARTESIAN_POINT('',(-0.000767425845633697,0.0378922295143932,0.100673579510314));
#8630=CARTESIAN_POINT('',(-0.000269054490501776,0.0379023229573907,0.100815612365422));
#8631=CARTESIAN_POINT('',(0.000266252473181579,0.0379023797062426,0.100816410923598));
#8632=CARTESIAN_POINT('',(0.000767425845633694,0.0378922295143935,0.100673579510314));
#8633=CARTESIAN_POINT('',(0.0376877770748022,0.00400517904219196,0.100673579510314));
#8634=CARTESIAN_POINT('',(0.0376877770748022,0.00400517904219196,0.10099773176127));
#8635=CARTESIAN_POINT('',(0.037422970317424,0.00399118541234802,0.101632760954891));
#8636=CARTESIAN_POINT('',(0.0367804549571813,0.00395684542093729,0.1019));
#8637=CARTESIAN_POINT('',(0.0364613565851166,0.00393965862383116,0.1019));
#8638=CARTESIAN_POINT('',(0.,2.32070568438423E-18,0.100673579510314));
#8639=CARTESIAN_POINT('',(0.000767425845633697,-0.0378922295143932,0.100673579510314));
#8640=CARTESIAN_POINT('',(0.000269054490501776,-0.0379023229573907,0.100815612365422));
#8641=CARTESIAN_POINT('',(-0.000266252473181579,-0.0379023797062426,0.100816410923598));
#8642=CARTESIAN_POINT('',(-0.000767425845633694,-0.0378922295143935,0.100673579510314));
#8643=CARTESIAN_POINT('',(0.0376877770748022,-0.00400517904219195,0.100673579510314));
#8644=CARTESIAN_POINT('',(0.0376877770748022,-0.00400517904219195,0.10099773176127));
#8645=CARTESIAN_POINT('',(0.037422970317424,-0.00399118541234801,0.101632760954891));
#8646=CARTESIAN_POINT('',(0.0367804549571813,-0.00395684542093728,0.1019));
#8647=CARTESIAN_POINT('',(0.0364613565851166,-0.00393965862383115,0.1019));
#8648=CARTESIAN_POINT('',(0.0364613565851166,-8.67361737988404E-19,0.100673579510314));
#8649=CARTESIAN_POINT('',(0.0152769660741091,-0.00908517904219197,0.0214145801901818));
#8650=CARTESIAN_POINT('',(0.00892696607410908,-0.00908517904219197,0.0214145801901818));
#8651=CARTESIAN_POINT('',(0.0145884830370545,-0.00908517904219197,0.07595));
#8652=CARTESIAN_POINT('',(0.02025,-0.00908517904219197,0.07595));
#8653=CARTESIAN_POINT('',(0.02025,-0.00908517904219197,0.0627));
#8654=CARTESIAN_POINT('',(0.02025,-0.00908517904219197,0.02295));
#8655=CARTESIAN_POINT('',(0.0145884830370545,-0.00908517904219197,0.02295));
#8656=CARTESIAN_POINT('',(0.00892696607410908,-0.00908517904219197,0.02295));
#8657=CARTESIAN_POINT('',(0.00892696607410908,-0.00908517904219197,0.0221822900950909));
#8658=CARTESIAN_POINT('',(-0.0152769660741091,-0.00908517904219197,0.0214145801901818));
#8659=CARTESIAN_POINT('',(-0.00892696607410908,-0.00908517904219197,0.0214145801901818));
#8660=CARTESIAN_POINT('',(-0.00892696607410908,-0.00908517904219197,0.0221822900950909));
#8661=CARTESIAN_POINT('',(-0.00892696607410908,-0.00908517904219197,0.02295));
#8662=CARTESIAN_POINT('',(-0.0145884830370545,-0.00908517904219197,0.02295));
#8663=CARTESIAN_POINT('',(-0.02025,-0.00908517904219197,0.02295));
#8664=CARTESIAN_POINT('',(-0.02025,-0.00908517904219197,0.0627));
#8665=CARTESIAN_POINT('',(-0.02025,-0.00908517904219197,0.07595));
#8666=CARTESIAN_POINT('',(-0.0145884830370545,-0.00908517904219197,0.07595));
#8667=CARTESIAN_POINT('',(0.,-0.012852895187677,-0.0204));
#8668=CARTESIAN_POINT('',(-0.0275308673920209,-0.0128528951876769,-0.0204));
#8669=CARTESIAN_POINT('',(-0.0275308673920209,-0.0128528951876769,0.00408018463273585));
#8670=CARTESIAN_POINT('',(-0.0275308673920209,-0.0128528951876769,0.000919815367264151));
#8671=CARTESIAN_POINT('',(0.028450682759285,-0.012852895187677,0.000919815367264151));
#8672=CARTESIAN_POINT('',(0.0275308673920209,-0.012852895187677,0.000919815367264151));
#8673=CARTESIAN_POINT('',(0.0275308673920209,-0.012852895187677,0.005));
#8674=CARTESIAN_POINT('',(0.0275308673920209,-0.012852895187677,0.00408018463273585));
#8675=CARTESIAN_POINT('',(0.,-0.012852895187677,0.00408018463273585));
#8676=CARTESIAN_POINT('',(-0.028450682759285,-0.0158191304653883,-0.0204));
#8677=CARTESIAN_POINT('',(-0.028450682759285,-0.0187853657430996,0.00408018463273585));
#8678=CARTESIAN_POINT('',(-0.028450682759285,-0.0137727105549411,0.00408018463273585));
#8679=CARTESIAN_POINT('',(-0.028450682759285,-0.0178655503758355,0.00408018463273585));
#8680=CARTESIAN_POINT('',(-0.028450682759285,-0.0178655503758355,-6.93889390390723E-18));
#8681=CARTESIAN_POINT('',(-0.028450682759285,-0.0178655503758355,0.000919815367264149));
#8682=CARTESIAN_POINT('',(-0.028450682759285,-0.0158191304653883,0.000919815367264151));
#8683=CARTESIAN_POINT('',(-0.028450682759285,-0.0137727105549411,0.000919815367264149));
#8684=CARTESIAN_POINT('',(-0.028450682759285,-0.0137727105549411,-0.0204));
#8685=CARTESIAN_POINT('',(-3.46944695195361E-18,-0.0187853657430996,-0.0204));
#8686=CARTESIAN_POINT('',(-0.0259377004423367,-0.0187853657430996,0.));
#8687=CARTESIAN_POINT('',(-0.0262565582752214,-0.0187853657430996,-4.28461253063955E-18));
#8688=CARTESIAN_POINT('',(-0.0268574125904521,-0.0187853657430996,0.000245733069651615));
#8689=CARTESIAN_POINT('',(-0.027308916834734,-0.0187853657430996,0.000697866016457788));
#8690=CARTESIAN_POINT('',(-0.0275308673920209,-0.0187853657430996,0.000919815367264151));
#8691=CARTESIAN_POINT('',(-0.0275308673920209,-0.0187853657430996,0.000919815367264149));
#8692=CARTESIAN_POINT('',(-0.0275308673920209,-0.0187853657430996,0.005));
#8693=CARTESIAN_POINT('',(-0.0275308673920209,-0.0187853657430996,0.00408018463273585));
#8694=CARTESIAN_POINT('',(0.028450682759285,-0.0187853657430996,0.00408018463273585));
#8695=CARTESIAN_POINT('',(0.0275308673920209,-0.0187853657430996,0.00408018463273585));
#8696=CARTESIAN_POINT('',(0.0275308673920209,-0.0187853657430996,-0.0204));
#8697=CARTESIAN_POINT('',(0.0275308673920209,-0.0187853657430996,0.000919815367264149));
#8698=CARTESIAN_POINT('',(0.0259377004423367,-0.0187853657430996,0.));
#8699=CARTESIAN_POINT('',(0.0262565582752214,-0.0187853657430996,-4.28461253063955E-18));
#8700=CARTESIAN_POINT('',(0.0268574125904521,-0.0187853657430996,0.000245733069651615));
#8701=CARTESIAN_POINT('',(0.027308916834734,-0.0187853657430996,0.000697866016457788));
#8702=CARTESIAN_POINT('',(0.0275308673920209,-0.0187853657430996,0.000919815367264151));
#8703=CARTESIAN_POINT('',(0.028450682759285,-0.0158191304653883,-0.0204));
#8704=CARTESIAN_POINT('',(0.028450682759285,-0.0187853657430996,0.000919815367264151));
#8705=CARTESIAN_POINT('',(0.028450682759285,-0.0137727105549411,0.000919815367264151));
#8706=CARTESIAN_POINT('',(0.028450682759285,-0.0178655503758355,0.000919815367264151));
#8707=CARTESIAN_POINT('',(0.028450682759285,-0.0178655503758355,-0.0204));
#8708=CARTESIAN_POINT('',(0.028450682759285,-0.0178655503758355,0.00408018463273585));
#8709=CARTESIAN_POINT('',(0.028450682759285,-0.0158191304653883,0.00408018463273585));
#8710=CARTESIAN_POINT('',(0.028450682759285,-0.0137727105549411,0.00408018463273585));
#8711=CARTESIAN_POINT('',(0.028450682759285,-0.0137727105549411,0.));
#8712=CARTESIAN_POINT('',(0.0293704981265491,-0.0158191304653883,0.000919815367264151));
#8713=CARTESIAN_POINT('',(0.0293704981265491,-0.0178655503758355,0.000919815367264151));
#8714=CARTESIAN_POINT('',(0.0293704981265491,-0.0137727105549411,0.000919815367264149));
#8715=CARTESIAN_POINT('',(0.0275308673920209,-0.0137727105549411,-0.0204));
#8716=CARTESIAN_POINT('',(0.0275308673920209,-0.0137727105549411,0.000919815367264151));
#8717=CARTESIAN_POINT('',(0.0275308673920209,-0.0137727105549411,0.00408018463273585));
#8718=CARTESIAN_POINT('',(0.0275308673920209,-0.0137727105549411,0.000919815367264151));
#8719=CARTESIAN_POINT('',(0.0275308673920209,-0.0119330798204128,0.000919815367264151));
#8720=CARTESIAN_POINT('',(0.0275308673920209,-0.0178655503758355,0.000919815367264151));
#8721=CARTESIAN_POINT('',(0.0275308673920209,-0.0178655503758355,0.000919815367264151));
#8722=CARTESIAN_POINT('',(0.0275308673920209,-0.0137727105549411,0.00408018463273585));
#8723=CARTESIAN_POINT('',(0.0275308673920209,-0.0119330798204128,0.00408018463273585));
#8724=CARTESIAN_POINT('',(0.0293704981265491,-0.0137727105549411,0.00408018463273585));
#8725=CARTESIAN_POINT('',(5.04755120357507E-19,-0.0119330798204128,0.000919815367264151));
#8726=CARTESIAN_POINT('',(-0.0275308673920209,-0.0119330798204128,0.000919815367264149));
#8727=CARTESIAN_POINT('',(0.0275308673920209,-0.0178655503758355,-0.0204));
#8728=CARTESIAN_POINT('',(0.0275308673920209,-0.0178655503758355,0.00408018463273585));
#8729=CARTESIAN_POINT('',(0.0293704981265491,0.,0.00408018463273585));
#8730=CARTESIAN_POINT('',(0.0293704981265491,-0.0178655503758355,0.00408018463273585));
#8731=CARTESIAN_POINT('',(-6.54836106826911E-18,-0.0119330798204128,0.00408018463273585));
#8732=CARTESIAN_POINT('',(-0.0275308673920209,-0.0119330798204128,0.00408018463273585));
#8733=CARTESIAN_POINT('',(-0.0275308673920209,-0.0137727105549411,-0.0204));
#8734=CARTESIAN_POINT('',(-0.0275308673920209,-0.0137727105549411,0.000919815367264151));
#8735=CARTESIAN_POINT('',(-0.0275308673920209,-0.0137727105549411,0.00408018463273585));
#8736=CARTESIAN_POINT('',(-0.0275308673920209,-0.0137727105549411,0.000919815367264151));
#8737=CARTESIAN_POINT('',(-0.0293704981265491,-0.0137727105549411,0.000919815367264149));
#8738=CARTESIAN_POINT('',(0.0275308673920209,-0.0178655503758355,0.00408018463273585));
#8739=CARTESIAN_POINT('',(0.0275308673920209,-0.0197051811103638,0.00408018463273585));
#8740=CARTESIAN_POINT('',(-0.0275308673920209,-0.0137727105549411,0.00408018463273585));
#8741=CARTESIAN_POINT('',(-0.0293704981265491,-0.0137727105549411,0.00408018463273585));
#8742=CARTESIAN_POINT('',(-0.0293704981265491,0.,0.000919815367264149));
#8743=CARTESIAN_POINT('',(-0.0293704981265491,-0.0178655503758355,0.000919815367264149));
#8744=CARTESIAN_POINT('',(-3.46944695195361E-18,-0.0197051811103638,0.00408018463273585));
#8745=CARTESIAN_POINT('',(-0.0275308673920209,-0.0197051811103638,0.00408018463273585));
#8746=CARTESIAN_POINT('',(-0.0293704981265491,-0.0158191304653883,0.00408018463273585));
#8747=CARTESIAN_POINT('',(-0.0293704981265491,-0.0178655503758355,0.00408018463273585));
#8748=CARTESIAN_POINT('',(-0.0275308673920209,-0.0178655503758355,0.000919815367264151));
#8749=CARTESIAN_POINT('',(-0.0275308673920209,-0.0178655503758355,0.000919815367264151));
#8750=CARTESIAN_POINT('',(-0.0275308673920209,-0.0178655503758355,0.00408018463273585));
#8751=CARTESIAN_POINT('',(-0.0275308673920209,-0.0178655503758355,0.00408018463273585));
#8752=CARTESIAN_POINT('',(-0.0275308673920209,-0.0178655503758355,-0.0204));
#8753=CARTESIAN_POINT('',(-3.46944695195361E-18,-0.0213948209578081,0.0742519497871399));
#8754=CARTESIAN_POINT('',(-0.0179976262152195,-0.0213948209578081,0.0742519497871399));
#8755=CARTESIAN_POINT('',(0.0179976262152195,-0.0213948209578081,0.0742519497871399));
#8756=CARTESIAN_POINT('',(0.0179976262152195,-0.0213948209578081,0.0488934226708277));
#8757=CARTESIAN_POINT('',(0.0179976262152195,-0.0213948209578081,0.0235348955545155));
#8758=CARTESIAN_POINT('',(-3.46944695195361E-18,-0.0213948209578081,0.0235348955545155));
#8759=CARTESIAN_POINT('',(-0.0179976262152195,-0.0213948209578081,0.0235348955545155));
#8760=CARTESIAN_POINT('',(-0.0179976262152195,-0.0213948209578081,0.0488934226708277));
#8761=CARTESIAN_POINT('',(0.,0.,0.0765));
#8762=CARTESIAN_POINT('',(0.,-0.00666770618408918,0.0765));
#8763=CARTESIAN_POINT('',(0.,-0.00666770618408918,0.0765));
#8764=CARTESIAN_POINT('',(0.,0.,0.0765));
#8765=CARTESIAN_POINT('',(0.,-0.00666770618408918,0.0765));
#8766=CARTESIAN_POINT('',(0.,-0.00666770618408918,0.0765));
#8767=CARTESIAN_POINT('',(-0.0284506641328335,-0.00963398069143295,0.0765));
#8768=CARTESIAN_POINT('',(-0.0284506641328335,-0.00963398069143295,0.1009801898));
#8769=CARTESIAN_POINT('',(-0.0284506641328335,-0.00758751638408919,0.1009801898));
#8770=CARTESIAN_POINT('',(-0.0284506641328335,-0.0116804449987767,0.1009801898));
#8771=CARTESIAN_POINT('',(-0.0284506641328335,-0.0116804449987767,0.0765));
#8772=CARTESIAN_POINT('',(-0.0284506641328335,-0.0116804449987767,0.0948198102));
#8773=CARTESIAN_POINT('',(-0.0284506641328335,-0.00666770618408918,0.0948198102));
#8774=CARTESIAN_POINT('',(-0.0284506641328335,-0.00758751638408919,0.0948198102));
#8775=CARTESIAN_POINT('',(-0.0284506641328335,-0.00758751638408919,0.1019));
#8776=CARTESIAN_POINT('',(0.,-0.0126002551987767,0.0765));
#8777=CARTESIAN_POINT('',(0.,-0.0126002551987767,0.0979808007278198));
#8778=CARTESIAN_POINT('',(0.,-0.0126002551987767,0.0951808007278198));
#8779=CARTESIAN_POINT('',(-0.0275308539328335,-0.0126002551987767,0.0765));
#8780=CARTESIAN_POINT('',(-0.0275308539328335,-0.0126002551987767,0.0948198102));
#8781=CARTESIAN_POINT('',(-0.0275308539328335,-0.0126002551987767,0.1009801898));
#8782=CARTESIAN_POINT('',(0.0284506641328335,-0.0126002551987767,0.1009801898));
#8783=CARTESIAN_POINT('',(0.0275308539328335,-0.0126002551987767,0.1009801898));
#8784=CARTESIAN_POINT('',(0.0275308539328335,-0.0126002551987767,0.0939));
#8785=CARTESIAN_POINT('',(0.0275308539328335,-0.0126002551987767,0.0948198102));
#8786=CARTESIAN_POINT('',(0.,-0.0126002551987767,0.0948198102));
#8787=CARTESIAN_POINT('',(0.0284506641328335,-0.00963398069143295,0.0765));
#8788=CARTESIAN_POINT('',(0.0284506641328335,-0.00963398069143295,0.0948198102));
#8789=CARTESIAN_POINT('',(0.0284506641328335,-0.00758751638408918,0.0948198102));
#8790=CARTESIAN_POINT('',(0.0284506641328335,-0.0116804449987767,0.0948198102));
#8791=CARTESIAN_POINT('',(0.0284506641328335,-0.0116804449987767,0.1019));
#8792=CARTESIAN_POINT('',(0.0284506641328335,-0.0116804449987767,0.1009801898));
#8793=CARTESIAN_POINT('',(0.0284506641328335,-0.00666770618408918,0.1009801898));
#8794=CARTESIAN_POINT('',(0.0284506641328335,-0.00758751638408918,0.1009801898));
#8795=CARTESIAN_POINT('',(0.0284506641328335,-0.00758751638408918,0.0765));
#8796=CARTESIAN_POINT('',(0.,-0.00666770618408918,0.0765));
#8797=CARTESIAN_POINT('',(0.,-0.00666770618408918,0.0979808007278198));
#8798=CARTESIAN_POINT('',(0.,-0.00666770618408918,0.0951808007278198));
#8799=CARTESIAN_POINT('',(0.0275308539328335,-0.00666770618408918,0.0765));
#8800=CARTESIAN_POINT('',(0.0275308539328335,-0.00666770618408918,0.0948198102));
#8801=CARTESIAN_POINT('',(0.0275308539328335,-0.00666770618408918,0.1009801898));
#8802=CARTESIAN_POINT('',(0.,-0.00666770618408918,0.1009801898));
#8803=CARTESIAN_POINT('',(-0.0275308539328335,-0.00666770618408918,0.1009801898));
#8804=CARTESIAN_POINT('',(-0.0275308539328335,-0.00666770618408918,0.0939));
#8805=CARTESIAN_POINT('',(-0.0275308539328335,-0.00666770618408918,0.0948198102));
#8806=CARTESIAN_POINT('',(0.0284506641328335,-0.00666770618408918,0.0948198102));
#8807=CARTESIAN_POINT('',(-0.0293704743328335,-0.00963398069143295,0.0948198102));
#8808=CARTESIAN_POINT('',(-0.0293704743328335,-0.0116804449987767,0.0948198102));
#8809=CARTESIAN_POINT('',(-0.0293704743328335,-0.00758751638408919,0.0948198102));
#8810=CARTESIAN_POINT('',(-0.0275308539328335,-0.0116804449987767,0.0948198102));
#8811=CARTESIAN_POINT('',(-0.0275308539328335,-0.0116804449987767,0.0948198102));
#8812=CARTESIAN_POINT('',(-0.0275308539328335,-0.0135200653987767,0.0948198102));
#8813=CARTESIAN_POINT('',(-0.0275308539328335,-0.00758751638408919,0.0948198102));
#8814=CARTESIAN_POINT('',(-0.0275308539328335,-0.00574789598408918,0.0948198102));
#8815=CARTESIAN_POINT('',(-0.0275308539328335,-0.00758751638408919,0.0948198102));
#8816=CARTESIAN_POINT('',(-0.0275308539328335,-0.0116804449987767,0.0765));
#8817=CARTESIAN_POINT('',(-0.0275308539328335,-0.0116804449987767,0.1009801898));
#8818=CARTESIAN_POINT('',(0.,-0.0135200653987767,0.0948198102));
#8819=CARTESIAN_POINT('',(0.0275308539328335,-0.0135200653987767,0.0948198102));
#8820=CARTESIAN_POINT('',(0.0293704743328335,0.,0.0948198102));
#8821=CARTESIAN_POINT('',(0.0293704743328335,-0.00758751638408918,0.0948198102));
#8822=CARTESIAN_POINT('',(0.0293704743328335,-0.0116804449987767,0.0948198102));
#8823=CARTESIAN_POINT('',(0.,-0.00574789598408918,0.0948198102));
#8824=CARTESIAN_POINT('',(0.0275308539328335,-0.00574789598408918,0.0948198102));
#8825=CARTESIAN_POINT('',(-0.0275308539328335,-0.00758751638408919,0.0765));
#8826=CARTESIAN_POINT('',(-0.0275308539328335,-0.00758751638408919,0.1009801898));
#8827=CARTESIAN_POINT('',(-0.0293704743328335,0.,0.1009801898));
#8828=CARTESIAN_POINT('',(-0.0293704743328335,-0.00758751638408919,0.1009801898));
#8829=CARTESIAN_POINT('',(-0.0293704743328335,-0.0116804449987767,0.1009801898));
#8830=CARTESIAN_POINT('',(-0.0275308539328335,-0.0116804449987767,0.1009801898));
#8831=CARTESIAN_POINT('',(-0.0275308539328335,-0.0135200653987767,0.1009801898));
#8832=CARTESIAN_POINT('',(0.0275308539328335,-0.0116804449987767,0.0948198102));
#8833=CARTESIAN_POINT('',(0.0275308539328335,-0.0116804449987767,0.0948198102));
#8834=CARTESIAN_POINT('',(0.0275308539328335,-0.00758751638408918,0.0948198102));
#8835=CARTESIAN_POINT('',(0.0275308539328335,-0.00758751638408918,0.0948198102));
#8836=CARTESIAN_POINT('',(-0.0275308539328335,-0.00758751638408919,0.1009801898));
#8837=CARTESIAN_POINT('',(-0.0275308539328335,-0.00574789598408918,0.1009801898));
#8838=CARTESIAN_POINT('',(0.,-0.0135200653987767,0.1009801898));
#8839=CARTESIAN_POINT('',(0.0275308539328335,-0.0135200653987767,0.1009801898));
#8840=CARTESIAN_POINT('',(0.0275308539328335,-0.0116804449987767,0.0765));
#8841=CARTESIAN_POINT('',(0.0275308539328335,-0.0116804449987767,0.1009801898));
#8842=CARTESIAN_POINT('',(0.0275308539328335,-0.00758751638408918,0.0765));
#8843=CARTESIAN_POINT('',(0.0275308539328335,-0.00758751638408918,0.1009801898));
#8844=CARTESIAN_POINT('',(0.,-0.00574789598408918,0.1009801898));
#8845=CARTESIAN_POINT('',(0.0275308539328335,-0.00574789598408918,0.1009801898));
#8846=CARTESIAN_POINT('',(0.0275308539328335,-0.0116804449987767,0.1009801898));
#8847=CARTESIAN_POINT('',(0.0293704743328335,-0.0116804449987767,0.1009801898));
#8848=CARTESIAN_POINT('',(0.0275308539328335,-0.00758751638408918,0.1009801898));
#8849=CARTESIAN_POINT('',(0.0293704743328335,-0.00758751638408918,0.1009801898));
#8850=CARTESIAN_POINT('',(0.0293704743328335,-0.00963398069143295,0.1009801898));
#8851=CARTESIAN_POINT('',(-0.0489262229251978,4.60269013410953E-19,0.0967808121919632));
#8852=CARTESIAN_POINT('',(0.000961377861944261,0.0023817156194518,0.0952938163723556));
#8853=CARTESIAN_POINT('',(-1.87262100181555E-6,0.00225613681501364,0.095124701593157));
#8854=CARTESIAN_POINT('',(-0.000953887377936996,0.00238063957630117,0.0952921816219351));
#8855=CARTESIAN_POINT('',(-0.00177543654425155,0.00262823287580035,0.0957496613593133));
#8856=CARTESIAN_POINT('',(-0.0024136063426716,0.00282160298286902,0.0964549128065498));
#8857=CARTESIAN_POINT('',(-0.0027880288006917,0.00279401742298208,0.097366101657023));
#8858=CARTESIAN_POINT('',(-0.00282528620266268,0.00243038561252563,0.0982810765670587));
#8859=CARTESIAN_POINT('',(-0.0026340229282258,0.0017924962371278,0.0989989828366473));
#8860=CARTESIAN_POINT('',(-0.00238577296977956,0.000975049592257506,0.099461619050016));
#8861=CARTESIAN_POINT('',(-0.00225656885448988,2.53723675762532E-5,0.0996363666719343));
#8862=CARTESIAN_POINT('',(-0.00237527851857388,-0.000933423901827578,0.099477177821144));
#8863=CARTESIAN_POINT('',(-0.00262288923719498,-0.00175892637104237,0.0990252974439695));
#8864=CARTESIAN_POINT('',(-0.00281951017097558,-0.00240435844931202,0.098321298407114));
#8865=CARTESIAN_POINT('',(-0.00279800292274367,-0.00278412844914918,0.0974143246740479));
#8866=CARTESIAN_POINT('',(-0.00243783346205078,-0.00282709643492287,0.0964917220279213));
#8867=CARTESIAN_POINT('',(-0.00180288864181112,-0.00263745135842764,0.0957712593783098));
#8868=CARTESIAN_POINT('',(-0.000987318726541444,-0.00238870527117634,0.0953041811925785));
#8869=CARTESIAN_POINT('',(-3.53462316383622E-5,-0.00225645597599436,0.0951251769763604));
#8870=CARTESIAN_POINT('',(0.000925040950216498,-0.00237323282020433,0.0952811497933211));
#8871=CARTESIAN_POINT('',(0.00175437072455111,-0.00262123063853791,0.0957330661296392));
#8872=CARTESIAN_POINT('',(0.00239897606129547,-0.00281856285341059,0.0964315494360101));
#8873=CARTESIAN_POINT('',(0.00278443554660378,-0.00279896626155973,0.0973453445361382));
#8874=CARTESIAN_POINT('',(0.00282717553160066,-0.00243856609533128,0.098268854254288));
#8875=CARTESIAN_POINT('',(0.00263731030373627,-0.00180220356684961,0.0989911677258429));
#8876=CARTESIAN_POINT('',(0.00238793124406272,-0.000985144932748906,0.0994586307941902));
#8877=CARTESIAN_POINT('',(0.00225583661372155,-2.69896365592682E-5,0.0996373228330787));
#8878=CARTESIAN_POINT('',(0.00237612282138383,0.000938073384266622,0.0994762357025971));
#8879=CARTESIAN_POINT('',(0.00262536653829124,0.00176654203182892,0.0990196232309059));
#8880=CARTESIAN_POINT('',(0.0028213177161663,0.00241097231467528,0.0983120761348994));
#8881=CARTESIAN_POINT('',(0.00279485240377797,0.0027885075844167,0.0973963738054865));
#8882=CARTESIAN_POINT('',(0.00242811081847714,0.00282518505070166,0.0964753564391865));
#8883=CARTESIAN_POINT('',(0.00178410794349038,0.00263133567139634,0.095755482708433));
#8884=CARTESIAN_POINT('',(0.000961377861944261,0.0023817156194518,0.0952938163723556));
#8885=CARTESIAN_POINT('',(-1.87262100181555E-6,0.00225613681501364,0.095124701593157));
#8886=CARTESIAN_POINT('',(-0.000953887377936996,0.00238063957630117,0.0952921816219351));
#8887=CARTESIAN_POINT('',(3.88277093531832E-19,0.00229781707596792,0.0951808007278198));
#8888=CARTESIAN_POINT('',(0.0300679899135828,0.0213948209578081,0.02024));
#8889=CARTESIAN_POINT('',(0.0249879899135828,-0.00308536884219197,0.02024));
#8890=CARTESIAN_POINT('',(0.0342281797135828,-0.00308536884219197,0.02024));
#8891=CARTESIAN_POINT('',(0.0259078001135828,-0.00308536884219197,0.02024));
#8892=CARTESIAN_POINT('',(0.0259078001135828,0.0213948209578081,0.02024));
#8893=CARTESIAN_POINT('',(0.0259078001135828,0.00308536884219197,0.02024));
#8894=CARTESIAN_POINT('',(0.0300679899135828,0.00308536884219196,0.02024));
#8895=CARTESIAN_POINT('',(0.0342281797135828,0.00308536884219197,0.02024));
#8896=CARTESIAN_POINT('',(0.0342281797135828,-0.00400517904219197,0.02024));
#8897=CARTESIAN_POINT('',(0.0249879899135828,0.0213948209578081,0.01389));
#8898=CARTESIAN_POINT('',(0.0249879899135828,0.00308536884219196,0.02024));
#8899=CARTESIAN_POINT('',(0.0249879899135828,0.00308536884219196,0.00845981019999998));
#8900=CARTESIAN_POINT('',(0.0249879899135828,0.00308536884219196,0.0193201898));
#8901=CARTESIAN_POINT('',(0.0249879899135828,0.0213948209578081,0.0193201898));
#8902=CARTESIAN_POINT('',(0.0249879899135828,-0.00308536884219196,0.0193201898));
#8903=CARTESIAN_POINT('',(0.0249879899135828,-0.00308536884219196,0.01389));
#8904=CARTESIAN_POINT('',(0.0249879899135828,-0.00308536884219196,0.00845981019999998));
#8905=CARTESIAN_POINT('',(0.0249879899135828,0.00400517904219197,0.00845981019999998));
#8906=CARTESIAN_POINT('',(0.0300679899135828,0.0213948209578081,0.00754));
#8907=CARTESIAN_POINT('',(0.0259078001135828,-0.00400517904219197,0.00754));
#8908=CARTESIAN_POINT('',(0.0259078001135828,0.00308536884219196,0.00754));
#8909=CARTESIAN_POINT('',(0.0259078001135828,-0.00308536884219196,0.00754));
#8910=CARTESIAN_POINT('',(0.0300679899135828,-0.00308536884219196,0.00754));
#8911=CARTESIAN_POINT('',(0.0342281797135828,-0.00308536884219196,0.00754));
#8912=CARTESIAN_POINT('',(0.0342281797135828,0.0213948209578081,0.00754));
#8913=CARTESIAN_POINT('',(0.0342281797135828,0.00308536884219196,0.00754));
#8914=CARTESIAN_POINT('',(0.0249879899135828,0.00308536884219196,0.00754));
#8915=CARTESIAN_POINT('',(0.0351479899135828,0.0213948209578081,0.01389));
#8916=CARTESIAN_POINT('',(0.0351479899135828,-0.00308536884219197,0.02024));
#8917=CARTESIAN_POINT('',(0.0351479899135828,-0.00308536884219197,0.00845981019999998));
#8918=CARTESIAN_POINT('',(0.0351479899135828,-0.00308536884219197,0.0193201898));
#8919=CARTESIAN_POINT('',(0.0351479899135828,0.00400517904219197,0.0193201898));
#8920=CARTESIAN_POINT('',(0.0351479899135828,0.00308536884219197,0.0193201898));
#8921=CARTESIAN_POINT('',(0.0351479899135828,0.00308536884219196,0.01389));
#8922=CARTESIAN_POINT('',(0.0351479899135828,0.00308536884219197,0.00845981019999998));
#8923=CARTESIAN_POINT('',(0.0351479899135828,0.0213948209578081,0.00845981019999998));
#8924=CARTESIAN_POINT('',(0.0300679899135828,0.0213948209578081,0.09136));
#8925=CARTESIAN_POINT('',(0.0300679899135828,0.00308536884219196,0.09136));
#8926=CARTESIAN_POINT('',(0.0259078001135828,0.00308536884219197,0.09136));
#8927=CARTESIAN_POINT('',(0.0342281797135828,0.00308536884219197,0.09136));
#8928=CARTESIAN_POINT('',(0.0342281797135828,-0.00400517904219197,0.09136));
#8929=CARTESIAN_POINT('',(0.0342281797135828,-0.00308536884219197,0.09136));
#8930=CARTESIAN_POINT('',(0.0249879899135828,-0.00308536884219197,0.09136));
#8931=CARTESIAN_POINT('',(0.0259078001135828,-0.00308536884219197,0.09136));
#8932=CARTESIAN_POINT('',(0.0259078001135828,0.0213948209578081,0.09136));
#8933=CARTESIAN_POINT('',(0.0249879899135828,0.0213948209578081,0.08501));
#8934=CARTESIAN_POINT('',(0.0249879899135828,0.0213948209578081,0.0904401898));
#8935=CARTESIAN_POINT('',(0.0249879899135828,0.00308536884219196,0.0904401898));
#8936=CARTESIAN_POINT('',(0.0249879899135828,-0.00308536884219196,0.0904401898));
#8937=CARTESIAN_POINT('',(0.0249879899135828,-0.00308536884219196,0.08501));
#8938=CARTESIAN_POINT('',(0.0249879899135828,-0.00308536884219196,0.0795798102));
#8939=CARTESIAN_POINT('',(0.0249879899135828,0.00400517904219197,0.0795798102));
#8940=CARTESIAN_POINT('',(0.0249879899135828,0.00308536884219196,0.0795798102));
#8941=CARTESIAN_POINT('',(0.0249879899135828,0.00308536884219196,0.09136));
#8942=CARTESIAN_POINT('',(0.0300679899135828,0.0213948209578081,0.07866));
#8943=CARTESIAN_POINT('',(0.0300679899135828,-0.00308536884219196,0.07866));
#8944=CARTESIAN_POINT('',(0.0259078001135828,-0.00308536884219196,0.07866));
#8945=CARTESIAN_POINT('',(0.0342281797135828,-0.00308536884219196,0.07866));
#8946=CARTESIAN_POINT('',(0.0342281797135828,0.0213948209578081,0.07866));
#8947=CARTESIAN_POINT('',(0.0342281797135828,0.00308536884219196,0.07866));
#8948=CARTESIAN_POINT('',(0.0249879899135828,0.00308536884219196,0.07866));
#8949=CARTESIAN_POINT('',(0.0259078001135828,0.00308536884219196,0.07866));
#8950=CARTESIAN_POINT('',(0.0259078001135828,-0.00400517904219197,0.07866));
#8951=CARTESIAN_POINT('',(0.0351479899135828,0.0213948209578081,0.08501));
#8952=CARTESIAN_POINT('',(0.0351479899135828,-0.00308536884219197,0.09136));
#8953=CARTESIAN_POINT('',(0.0351479899135828,-0.00308536884219197,0.0795798102));
#8954=CARTESIAN_POINT('',(0.0351479899135828,-0.00308536884219197,0.0904401898));
#8955=CARTESIAN_POINT('',(0.0351479899135828,0.00400517904219197,0.0904401898));
#8956=CARTESIAN_POINT('',(0.0351479899135828,0.00308536884219197,0.0904401898));
#8957=CARTESIAN_POINT('',(0.0351479899135828,0.00308536884219196,0.08501));
#8958=CARTESIAN_POINT('',(0.0351479899135828,0.00308536884219197,0.0795798102));
#8959=CARTESIAN_POINT('',(0.0351479899135828,0.0213948209578081,0.0795798102));
#8960=CARTESIAN_POINT('',(-0.0300677770748022,0.0213948209578081,0.0558));
#8961=CARTESIAN_POINT('',(-0.0351477770748022,-0.00308536884219197,0.0558));
#8962=CARTESIAN_POINT('',(-0.0259075872748022,-0.00308536884219197,0.0558));
#8963=CARTESIAN_POINT('',(-0.0342279668748022,-0.00308536884219197,0.0558));
#8964=CARTESIAN_POINT('',(-0.0342279668748022,0.0213948209578081,0.0558));
#8965=CARTESIAN_POINT('',(-0.0342279668748022,0.00308536884219197,0.0558));
#8966=CARTESIAN_POINT('',(-0.0300677770748022,0.00308536884219196,0.0558));
#8967=CARTESIAN_POINT('',(-0.0259075872748022,0.00308536884219197,0.0558));
#8968=CARTESIAN_POINT('',(-0.0259075872748022,-0.00400517904219197,0.0558));
#8969=CARTESIAN_POINT('',(-0.0351477770748022,0.0213948209578081,0.04945));
#8970=CARTESIAN_POINT('',(-0.0351477770748022,0.00308536884219196,0.0558));
#8971=CARTESIAN_POINT('',(-0.0351477770748022,0.00308536884219196,0.0440198102));
#8972=CARTESIAN_POINT('',(-0.0351477770748022,0.00308536884219196,0.0548801898));
#8973=CARTESIAN_POINT('',(-0.0351477770748022,0.0213948209578081,0.0548801898));
#8974=CARTESIAN_POINT('',(-0.0351477770748022,-0.00308536884219196,0.0548801898));
#8975=CARTESIAN_POINT('',(-0.0351477770748022,-0.00308536884219196,0.04945));
#8976=CARTESIAN_POINT('',(-0.0351477770748022,-0.00308536884219196,0.0440198102));
#8977=CARTESIAN_POINT('',(-0.0351477770748022,0.00400517904219197,0.0440198102));
#8978=CARTESIAN_POINT('',(-0.0300677770748022,0.0213948209578081,0.0431));
#8979=CARTESIAN_POINT('',(-0.0351477770748022,0.00308536884219196,0.0431));
#8980=CARTESIAN_POINT('',(-0.0259075872748022,0.00308536884219196,0.0431));
#8981=CARTESIAN_POINT('',(-0.0342279668748022,0.00308536884219196,0.0431));
#8982=CARTESIAN_POINT('',(-0.0342279668748022,-0.00400517904219197,0.0431));
#8983=CARTESIAN_POINT('',(-0.0342279668748022,-0.00308536884219196,0.0431));
#8984=CARTESIAN_POINT('',(-0.0300677770748022,-0.00308536884219196,0.0431));
#8985=CARTESIAN_POINT('',(-0.0259075872748022,-0.00308536884219196,0.0431));
#8986=CARTESIAN_POINT('',(-0.0259075872748022,0.0213948209578081,0.0431));
#8987=CARTESIAN_POINT('',(-0.0249877770748022,0.0213948209578081,0.04945));
#8988=CARTESIAN_POINT('',(-0.0249877770748022,0.0213948209578081,0.0440198102));
#8989=CARTESIAN_POINT('',(-0.0249877770748022,0.00308536884219197,0.0440198102));
#8990=CARTESIAN_POINT('',(-0.0249877770748022,-0.00308536884219197,0.0440198102));
#8991=CARTESIAN_POINT('',(-0.0249877770748022,-0.00308536884219197,0.0558));
#8992=CARTESIAN_POINT('',(-0.0249877770748022,-0.00308536884219197,0.0548801898));
#8993=CARTESIAN_POINT('',(-0.0249877770748022,0.00400517904219197,0.0548801898));
#8994=CARTESIAN_POINT('',(-0.0249877770748022,0.00308536884219197,0.0548801898));
#8995=CARTESIAN_POINT('',(-0.0249877770748022,0.00308536884219196,0.04945));
#8996=CARTESIAN_POINT('',(-0.0249877770748022,0.0213948209578081,0.01389));
#8997=CARTESIAN_POINT('',(-0.0249877770748022,0.00308536884219196,0.01389));
#8998=CARTESIAN_POINT('',(-0.0249877770748022,0.00308536884219197,0.0193201898));
#8999=CARTESIAN_POINT('',(-0.0249877770748022,0.00308536884219197,0.00845981019999998));
#9000=CARTESIAN_POINT('',(-0.0249877770748022,0.0213948209578081,0.00845981019999998));
#9001=CARTESIAN_POINT('',(-0.0249877770748022,-0.00308536884219197,0.00845981019999998));
#9002=CARTESIAN_POINT('',(-0.0249877770748022,-0.00308536884219197,0.02024));
#9003=CARTESIAN_POINT('',(-0.0249877770748022,-0.00308536884219197,0.0193201898));
#9004=CARTESIAN_POINT('',(-0.0249877770748022,0.00400517904219197,0.0193201898));
#9005=CARTESIAN_POINT('',(-0.0300677770748022,0.0213948209578081,0.02024));
#9006=CARTESIAN_POINT('',(-0.0259075872748022,-0.00400517904219197,0.02024));
#9007=CARTESIAN_POINT('',(-0.0259075872748022,0.00308536884219197,0.02024));
#9008=CARTESIAN_POINT('',(-0.0259075872748022,-0.00308536884219197,0.02024));
#9009=CARTESIAN_POINT('',(-0.0351477770748022,-0.00308536884219197,0.02024));
#9010=CARTESIAN_POINT('',(-0.0342279668748022,-0.00308536884219197,0.02024));
#9011=CARTESIAN_POINT('',(-0.0342279668748022,0.0213948209578081,0.02024));
#9012=CARTESIAN_POINT('',(-0.0342279668748022,0.00308536884219197,0.02024));
#9013=CARTESIAN_POINT('',(-0.0300677770748022,0.00308536884219196,0.02024));
#9014=CARTESIAN_POINT('',(-0.0351477770748022,0.0213948209578081,0.01389));
#9015=CARTESIAN_POINT('',(-0.0351477770748022,-0.00308536884219196,0.01389));
#9016=CARTESIAN_POINT('',(-0.0351477770748022,-0.00308536884219196,0.0193201898));
#9017=CARTESIAN_POINT('',(-0.0351477770748022,-0.00308536884219196,0.00845981019999998));
#9018=CARTESIAN_POINT('',(-0.0351477770748022,0.00400517904219197,0.00845981019999998));
#9019=CARTESIAN_POINT('',(-0.0351477770748022,0.00308536884219196,0.00845981019999998));
#9020=CARTESIAN_POINT('',(-0.0351477770748022,0.00308536884219196,0.02024));
#9021=CARTESIAN_POINT('',(-0.0351477770748022,0.00308536884219196,0.0193201898));
#9022=CARTESIAN_POINT('',(-0.0351477770748022,0.0213948209578081,0.0193201898));
#9023=CARTESIAN_POINT('',(-0.0300677770748022,0.0213948209578081,0.00754));
#9024=CARTESIAN_POINT('',(-0.0300677770748022,-0.00308536884219196,0.00754));
#9025=CARTESIAN_POINT('',(-0.0342279668748022,-0.00308536884219196,0.00754));
#9026=CARTESIAN_POINT('',(-0.0259075872748022,-0.00308536884219196,0.00754));
#9027=CARTESIAN_POINT('',(-0.0259075872748022,0.0213948209578081,0.00754));
#9028=CARTESIAN_POINT('',(-0.0259075872748022,0.00308536884219196,0.00754));
#9029=CARTESIAN_POINT('',(-0.0351477770748022,0.00308536884219196,0.00754));
#9030=CARTESIAN_POINT('',(-0.0342279668748022,0.00308536884219196,0.00754));
#9031=CARTESIAN_POINT('',(-0.0342279668748022,-0.00400517904219197,0.00754));
#9032=CARTESIAN_POINT('',(-0.0300677770748022,0.0213948209578081,0.03802));
#9033=CARTESIAN_POINT('',(-0.0259075872748022,-0.00400517904219197,0.03802));
#9034=CARTESIAN_POINT('',(-0.0259075872748022,0.00308536884219197,0.03802));
#9035=CARTESIAN_POINT('',(-0.0259075872748022,-0.00308536884219197,0.03802));
#9036=CARTESIAN_POINT('',(-0.0351477770748022,-0.00308536884219197,0.03802));
#9037=CARTESIAN_POINT('',(-0.0342279668748022,-0.00308536884219197,0.03802));
#9038=CARTESIAN_POINT('',(-0.0342279668748022,0.0213948209578081,0.03802));
#9039=CARTESIAN_POINT('',(-0.0342279668748022,0.00308536884219197,0.03802));
#9040=CARTESIAN_POINT('',(-0.0300677770748022,0.00308536884219196,0.03802));
#9041=CARTESIAN_POINT('',(-0.0351477770748022,0.0213948209578081,0.03167));
#9042=CARTESIAN_POINT('',(-0.0351477770748022,-0.00308536884219196,0.03167));
#9043=CARTESIAN_POINT('',(-0.0351477770748022,-0.00308536884219196,0.0371001898));
#9044=CARTESIAN_POINT('',(-0.0351477770748022,-0.00308536884219196,0.0262398102));
#9045=CARTESIAN_POINT('',(-0.0351477770748022,0.00400517904219197,0.0262398102));
#9046=CARTESIAN_POINT('',(-0.0351477770748022,0.00308536884219196,0.0262398102));
#9047=CARTESIAN_POINT('',(-0.0351477770748022,0.00308536884219196,0.03802));
#9048=CARTESIAN_POINT('',(-0.0351477770748022,0.00308536884219196,0.0371001898));
#9049=CARTESIAN_POINT('',(-0.0351477770748022,0.0213948209578081,0.0371001898));
#9050=CARTESIAN_POINT('',(-0.0300677770748022,0.0213948209578081,0.02532));
#9051=CARTESIAN_POINT('',(-0.0300677770748022,-0.00308536884219196,0.02532));
#9052=CARTESIAN_POINT('',(-0.0342279668748022,-0.00308536884219196,0.02532));
#9053=CARTESIAN_POINT('',(-0.0259075872748022,-0.00308536884219196,0.02532));
#9054=CARTESIAN_POINT('',(-0.0259075872748022,0.0213948209578081,0.02532));
#9055=CARTESIAN_POINT('',(-0.0259075872748022,0.00308536884219196,0.02532));
#9056=CARTESIAN_POINT('',(-0.0351477770748022,0.00308536884219196,0.02532));
#9057=CARTESIAN_POINT('',(-0.0342279668748022,0.00308536884219196,0.02532));
#9058=CARTESIAN_POINT('',(-0.0342279668748022,-0.00400517904219197,0.02532));
#9059=CARTESIAN_POINT('',(-0.0249877770748022,0.0213948209578081,0.03167));
#9060=CARTESIAN_POINT('',(-0.0249877770748022,0.00308536884219196,0.03167));
#9061=CARTESIAN_POINT('',(-0.0249877770748022,0.00308536884219197,0.0371001898));
#9062=CARTESIAN_POINT('',(-0.0249877770748022,0.00308536884219197,0.0262398102));
#9063=CARTESIAN_POINT('',(-0.0249877770748022,0.0213948209578081,0.0262398102));
#9064=CARTESIAN_POINT('',(-0.0249877770748022,-0.00308536884219197,0.0262398102));
#9065=CARTESIAN_POINT('',(-0.0249877770748022,-0.00308536884219197,0.03802));
#9066=CARTESIAN_POINT('',(-0.0249877770748022,-0.00308536884219197,0.0371001898));
#9067=CARTESIAN_POINT('',(-0.0249877770748022,0.00400517904219197,0.0371001898));
#9068=CARTESIAN_POINT('',(0.0300679899135828,0.0213948209578081,0.03802));
#9069=CARTESIAN_POINT('',(0.0249879899135828,-0.00308536884219197,0.03802));
#9070=CARTESIAN_POINT('',(0.0342281797135828,-0.00308536884219197,0.03802));
#9071=CARTESIAN_POINT('',(0.0259078001135828,-0.00308536884219197,0.03802));
#9072=CARTESIAN_POINT('',(0.0259078001135828,0.0213948209578081,0.03802));
#9073=CARTESIAN_POINT('',(0.0259078001135828,0.00308536884219197,0.03802));
#9074=CARTESIAN_POINT('',(0.0300679899135828,0.00308536884219196,0.03802));
#9075=CARTESIAN_POINT('',(0.0342281797135828,0.00308536884219197,0.03802));
#9076=CARTESIAN_POINT('',(0.0342281797135828,-0.00400517904219197,0.03802));
#9077=CARTESIAN_POINT('',(0.0249879899135828,0.0213948209578081,0.03167));
#9078=CARTESIAN_POINT('',(0.0249879899135828,0.00308536884219196,0.03802));
#9079=CARTESIAN_POINT('',(0.0249879899135828,0.00308536884219196,0.0262398102));
#9080=CARTESIAN_POINT('',(0.0249879899135828,0.00308536884219196,0.0371001898));
#9081=CARTESIAN_POINT('',(0.0249879899135828,0.0213948209578081,0.0371001898));
#9082=CARTESIAN_POINT('',(0.0249879899135828,-0.00308536884219196,0.0371001898));
#9083=CARTESIAN_POINT('',(0.0249879899135828,-0.00308536884219196,0.03167));
#9084=CARTESIAN_POINT('',(0.0249879899135828,-0.00308536884219196,0.0262398102));
#9085=CARTESIAN_POINT('',(0.0249879899135828,0.00400517904219197,0.0262398102));
#9086=CARTESIAN_POINT('',(0.0300679899135828,0.0213948209578081,0.02532));
#9087=CARTESIAN_POINT('',(0.0249879899135828,0.00308536884219196,0.02532));
#9088=CARTESIAN_POINT('',(0.0342281797135828,0.00308536884219196,0.02532));
#9089=CARTESIAN_POINT('',(0.0259078001135828,0.00308536884219196,0.02532));
#9090=CARTESIAN_POINT('',(0.0259078001135828,-0.00400517904219197,0.02532));
#9091=CARTESIAN_POINT('',(0.0259078001135828,-0.00308536884219196,0.02532));
#9092=CARTESIAN_POINT('',(0.0300679899135828,-0.00308536884219196,0.02532));
#9093=CARTESIAN_POINT('',(0.0342281797135828,-0.00308536884219196,0.02532));
#9094=CARTESIAN_POINT('',(0.0342281797135828,0.0213948209578081,0.02532));
#9095=CARTESIAN_POINT('',(0.0351479899135828,0.0213948209578081,0.03167));
#9096=CARTESIAN_POINT('',(0.0351479899135828,0.0213948209578081,0.0262398102));
#9097=CARTESIAN_POINT('',(0.0351479899135828,0.00308536884219197,0.0262398102));
#9098=CARTESIAN_POINT('',(0.0351479899135828,-0.00308536884219197,0.0262398102));
#9099=CARTESIAN_POINT('',(0.0351479899135828,-0.00308536884219197,0.03802));
#9100=CARTESIAN_POINT('',(0.0351479899135828,-0.00308536884219197,0.0371001898));
#9101=CARTESIAN_POINT('',(0.0351479899135828,0.00400517904219197,0.0371001898));
#9102=CARTESIAN_POINT('',(0.0351479899135828,0.00308536884219197,0.0371001898));
#9103=CARTESIAN_POINT('',(0.0351479899135828,0.00308536884219196,0.03167));
#9104=CARTESIAN_POINT('',(0.0300679899135828,0.0213948209578081,0.0558));
#9105=CARTESIAN_POINT('',(0.0300679899135828,0.00308536884219196,0.0558));
#9106=CARTESIAN_POINT('',(0.0259078001135828,0.00308536884219197,0.0558));
#9107=CARTESIAN_POINT('',(0.0342281797135828,0.00308536884219197,0.0558));
#9108=CARTESIAN_POINT('',(0.0342281797135828,-0.00400517904219197,0.0558));
#9109=CARTESIAN_POINT('',(0.0342281797135828,-0.00308536884219197,0.0558));
#9110=CARTESIAN_POINT('',(0.0249879899135828,-0.00308536884219197,0.0558));
#9111=CARTESIAN_POINT('',(0.0259078001135828,-0.00308536884219197,0.0558));
#9112=CARTESIAN_POINT('',(0.0259078001135828,0.0213948209578081,0.0558));
#9113=CARTESIAN_POINT('',(0.0249879899135828,0.0213948209578081,0.04945));
#9114=CARTESIAN_POINT('',(0.0249879899135828,0.0213948209578081,0.0548801898));
#9115=CARTESIAN_POINT('',(0.0249879899135828,0.00308536884219196,0.0548801898));
#9116=CARTESIAN_POINT('',(0.0249879899135828,-0.00308536884219196,0.0548801898));
#9117=CARTESIAN_POINT('',(0.0249879899135828,-0.00308536884219196,0.04945));
#9118=CARTESIAN_POINT('',(0.0249879899135828,-0.00308536884219196,0.0440198102));
#9119=CARTESIAN_POINT('',(0.0249879899135828,0.00400517904219197,0.0440198102));
#9120=CARTESIAN_POINT('',(0.0249879899135828,0.00308536884219196,0.0440198102));
#9121=CARTESIAN_POINT('',(0.0249879899135828,0.00308536884219196,0.0558));
#9122=CARTESIAN_POINT('',(0.0300679899135828,0.0213948209578081,0.0431));
#9123=CARTESIAN_POINT('',(0.0300679899135828,-0.00308536884219196,0.0431));
#9124=CARTESIAN_POINT('',(0.0259078001135828,-0.00308536884219196,0.0431));
#9125=CARTESIAN_POINT('',(0.0342281797135828,-0.00308536884219196,0.0431));
#9126=CARTESIAN_POINT('',(0.0342281797135828,0.0213948209578081,0.0431));
#9127=CARTESIAN_POINT('',(0.0342281797135828,0.00308536884219196,0.0431));
#9128=CARTESIAN_POINT('',(0.0249879899135828,0.00308536884219196,0.0431));
#9129=CARTESIAN_POINT('',(0.0259078001135828,0.00308536884219196,0.0431));
#9130=CARTESIAN_POINT('',(0.0259078001135828,-0.00400517904219197,0.0431));
#9131=CARTESIAN_POINT('',(0.0351479899135828,0.0213948209578081,0.04945));
#9132=CARTESIAN_POINT('',(0.0351479899135828,0.00308536884219196,0.04945));
#9133=CARTESIAN_POINT('',(0.0351479899135828,0.00308536884219197,0.0548801898));
#9134=CARTESIAN_POINT('',(0.0351479899135828,0.00308536884219197,0.0440198102));
#9135=CARTESIAN_POINT('',(0.0351479899135828,0.0213948209578081,0.0440198102));
#9136=CARTESIAN_POINT('',(0.0351479899135828,-0.00308536884219197,0.0440198102));
#9137=CARTESIAN_POINT('',(0.0351479899135828,-0.00308536884219197,0.0558));
#9138=CARTESIAN_POINT('',(0.0351479899135828,-0.00308536884219197,0.0548801898));
#9139=CARTESIAN_POINT('',(0.0351479899135828,0.00400517904219197,0.0548801898));
#9140=CARTESIAN_POINT('',(0.0300679899135828,0.0213948209578081,0.07358));
#9141=CARTESIAN_POINT('',(0.0249879899135828,-0.00308536884219197,0.07358));
#9142=CARTESIAN_POINT('',(0.0342281797135828,-0.00308536884219197,0.07358));
#9143=CARTESIAN_POINT('',(0.0259078001135828,-0.00308536884219197,0.07358));
#9144=CARTESIAN_POINT('',(0.0259078001135828,0.0213948209578081,0.07358));
#9145=CARTESIAN_POINT('',(0.0259078001135828,0.00308536884219197,0.07358));
#9146=CARTESIAN_POINT('',(0.0300679899135828,0.00308536884219196,0.07358));
#9147=CARTESIAN_POINT('',(0.0342281797135828,0.00308536884219197,0.07358));
#9148=CARTESIAN_POINT('',(0.0342281797135828,-0.00400517904219197,0.07358));
#9149=CARTESIAN_POINT('',(0.0249879899135828,0.0213948209578081,0.06723));
#9150=CARTESIAN_POINT('',(0.0249879899135828,0.00308536884219196,0.07358));
#9151=CARTESIAN_POINT('',(0.0249879899135828,0.00308536884219196,0.0617998102));
#9152=CARTESIAN_POINT('',(0.0249879899135828,0.00308536884219196,0.0726601898));
#9153=CARTESIAN_POINT('',(0.0249879899135828,0.0213948209578081,0.0726601898));
#9154=CARTESIAN_POINT('',(0.0249879899135828,-0.00308536884219196,0.0726601898));
#9155=CARTESIAN_POINT('',(0.0249879899135828,-0.00308536884219196,0.06723));
#9156=CARTESIAN_POINT('',(0.0249879899135828,-0.00308536884219196,0.0617998102));
#9157=CARTESIAN_POINT('',(0.0249879899135828,0.00400517904219197,0.0617998102));
#9158=CARTESIAN_POINT('',(0.0300679899135828,0.0213948209578081,0.06088));
#9159=CARTESIAN_POINT('',(0.0259078001135828,-0.00400517904219197,0.06088));
#9160=CARTESIAN_POINT('',(0.0259078001135828,0.00308536884219196,0.06088));
#9161=CARTESIAN_POINT('',(0.0259078001135828,-0.00308536884219196,0.06088));
#9162=CARTESIAN_POINT('',(0.0300679899135828,-0.00308536884219196,0.06088));
#9163=CARTESIAN_POINT('',(0.0342281797135828,-0.00308536884219196,0.06088));
#9164=CARTESIAN_POINT('',(0.0342281797135828,0.0213948209578081,0.06088));
#9165=CARTESIAN_POINT('',(0.0342281797135828,0.00308536884219196,0.06088));
#9166=CARTESIAN_POINT('',(0.0249879899135828,0.00308536884219196,0.06088));
#9167=CARTESIAN_POINT('',(0.0351479899135828,0.0213948209578081,0.06723));
#9168=CARTESIAN_POINT('',(0.0351479899135828,-0.00308536884219197,0.07358));
#9169=CARTESIAN_POINT('',(0.0351479899135828,-0.00308536884219197,0.0617998102));
#9170=CARTESIAN_POINT('',(0.0351479899135828,-0.00308536884219197,0.0726601898));
#9171=CARTESIAN_POINT('',(0.0351479899135828,0.00400517904219197,0.0726601898));
#9172=CARTESIAN_POINT('',(0.0351479899135828,0.00308536884219197,0.0726601898));
#9173=CARTESIAN_POINT('',(0.0351479899135828,0.00308536884219196,0.06723));
#9174=CARTESIAN_POINT('',(0.0351479899135828,0.00308536884219197,0.0617998102));
#9175=CARTESIAN_POINT('',(0.0351479899135828,0.0213948209578081,0.0617998102));
#9176=CARTESIAN_POINT('',(-0.0300677770748022,0.0213948209578081,0.07358));
#9177=CARTESIAN_POINT('',(-0.0300677770748022,0.00308536884219196,0.07358));
#9178=CARTESIAN_POINT('',(-0.0342279668748022,0.00308536884219197,0.07358));
#9179=CARTESIAN_POINT('',(-0.0259075872748022,0.00308536884219197,0.07358));
#9180=CARTESIAN_POINT('',(-0.0259075872748022,-0.00400517904219197,0.07358));
#9181=CARTESIAN_POINT('',(-0.0259075872748022,-0.00308536884219197,0.07358));
#9182=CARTESIAN_POINT('',(-0.0351477770748022,-0.00308536884219197,0.07358));
#9183=CARTESIAN_POINT('',(-0.0342279668748022,-0.00308536884219197,0.07358));
#9184=CARTESIAN_POINT('',(-0.0342279668748022,0.0213948209578081,0.07358));
#9185=CARTESIAN_POINT('',(-0.0351477770748022,0.0213948209578081,0.06723));
#9186=CARTESIAN_POINT('',(-0.0351477770748022,0.0213948209578081,0.0726601898));
#9187=CARTESIAN_POINT('',(-0.0351477770748022,0.00308536884219196,0.0726601898));
#9188=CARTESIAN_POINT('',(-0.0351477770748022,-0.00308536884219196,0.0726601898));
#9189=CARTESIAN_POINT('',(-0.0351477770748022,-0.00308536884219196,0.06723));
#9190=CARTESIAN_POINT('',(-0.0351477770748022,-0.00308536884219196,0.0617998102));
#9191=CARTESIAN_POINT('',(-0.0351477770748022,0.00400517904219197,0.0617998102));
#9192=CARTESIAN_POINT('',(-0.0351477770748022,0.00308536884219196,0.0617998102));
#9193=CARTESIAN_POINT('',(-0.0351477770748022,0.00308536884219196,0.07358));
#9194=CARTESIAN_POINT('',(-0.0300677770748022,0.0213948209578081,0.06088));
#9195=CARTESIAN_POINT('',(-0.0300677770748022,-0.00308536884219196,0.06088));
#9196=CARTESIAN_POINT('',(-0.0342279668748022,-0.00308536884219196,0.06088));
#9197=CARTESIAN_POINT('',(-0.0259075872748022,-0.00308536884219196,0.06088));
#9198=CARTESIAN_POINT('',(-0.0259075872748022,0.0213948209578081,0.06088));
#9199=CARTESIAN_POINT('',(-0.0259075872748022,0.00308536884219196,0.06088));
#9200=CARTESIAN_POINT('',(-0.0351477770748022,0.00308536884219196,0.06088));
#9201=CARTESIAN_POINT('',(-0.0342279668748022,0.00308536884219196,0.06088));
#9202=CARTESIAN_POINT('',(-0.0342279668748022,-0.00400517904219197,0.06088));
#9203=CARTESIAN_POINT('',(-0.0249877770748022,0.0213948209578081,0.06723));
#9204=CARTESIAN_POINT('',(-0.0249877770748022,0.00308536884219196,0.06723));
#9205=CARTESIAN_POINT('',(-0.0249877770748022,0.00308536884219197,0.0726601898));
#9206=CARTESIAN_POINT('',(-0.0249877770748022,0.00308536884219197,0.0617998102));
#9207=CARTESIAN_POINT('',(-0.0249877770748022,0.0213948209578081,0.0617998102));
#9208=CARTESIAN_POINT('',(-0.0249877770748022,-0.00308536884219197,0.0617998102));
#9209=CARTESIAN_POINT('',(-0.0249877770748022,-0.00308536884219197,0.07358));
#9210=CARTESIAN_POINT('',(-0.0249877770748022,-0.00308536884219197,0.0726601898));
#9211=CARTESIAN_POINT('',(-0.0249877770748022,0.00400517904219197,0.0726601898));
#9212=CARTESIAN_POINT('',(-0.0300677770748022,0.0213948209578081,0.09136));
#9213=CARTESIAN_POINT('',(-0.0300677770748022,0.00308536884219196,0.09136));
#9214=CARTESIAN_POINT('',(-0.0342279668748022,0.00308536884219197,0.09136));
#9215=CARTESIAN_POINT('',(-0.0259075872748022,0.00308536884219197,0.09136));
#9216=CARTESIAN_POINT('',(-0.0259075872748022,-0.00400517904219197,0.09136));
#9217=CARTESIAN_POINT('',(-0.0259075872748022,-0.00308536884219197,0.09136));
#9218=CARTESIAN_POINT('',(-0.0351477770748022,-0.00308536884219197,0.09136));
#9219=CARTESIAN_POINT('',(-0.0342279668748022,-0.00308536884219197,0.09136));
#9220=CARTESIAN_POINT('',(-0.0342279668748022,0.0213948209578081,0.09136));
#9221=CARTESIAN_POINT('',(-0.0351477770748022,0.0213948209578081,0.08501));
#9222=CARTESIAN_POINT('',(-0.0351477770748022,0.0213948209578081,0.0904401898));
#9223=CARTESIAN_POINT('',(-0.0351477770748022,0.00308536884219196,0.0904401898));
#9224=CARTESIAN_POINT('',(-0.0351477770748022,-0.00308536884219196,0.0904401898));
#9225=CARTESIAN_POINT('',(-0.0351477770748022,-0.00308536884219196,0.08501));
#9226=CARTESIAN_POINT('',(-0.0351477770748022,-0.00308536884219196,0.0795798102));
#9227=CARTESIAN_POINT('',(-0.0351477770748022,0.00400517904219197,0.0795798102));
#9228=CARTESIAN_POINT('',(-0.0351477770748022,0.00308536884219196,0.0795798102));
#9229=CARTESIAN_POINT('',(-0.0351477770748022,0.00308536884219196,0.09136));
#9230=CARTESIAN_POINT('',(-0.0300677770748022,0.0213948209578081,0.07866));
#9231=CARTESIAN_POINT('',(-0.0300677770748022,-0.00308536884219196,0.07866));
#9232=CARTESIAN_POINT('',(-0.0342279668748022,-0.00308536884219196,0.07866));
#9233=CARTESIAN_POINT('',(-0.0259075872748022,-0.00308536884219196,0.07866));
#9234=CARTESIAN_POINT('',(-0.0259075872748022,0.0213948209578081,0.07866));
#9235=CARTESIAN_POINT('',(-0.0259075872748022,0.00308536884219196,0.07866));
#9236=CARTESIAN_POINT('',(-0.0351477770748022,0.00308536884219196,0.07866));
#9237=CARTESIAN_POINT('',(-0.0342279668748022,0.00308536884219196,0.07866));
#9238=CARTESIAN_POINT('',(-0.0342279668748022,-0.00400517904219197,0.07866));
#9239=CARTESIAN_POINT('',(-0.0249877770748022,0.0213948209578081,0.08501));
#9240=CARTESIAN_POINT('',(-0.0249877770748022,0.00308536884219196,0.08501));
#9241=CARTESIAN_POINT('',(-0.0249877770748022,0.00308536884219197,0.0904401898));
#9242=CARTESIAN_POINT('',(-0.0249877770748022,0.00308536884219197,0.0795798102));
#9243=CARTESIAN_POINT('',(-0.0249877770748022,0.0213948209578081,0.0795798102));
#9244=CARTESIAN_POINT('',(-0.0249877770748022,-0.00308536884219197,0.0795798102));
#9245=CARTESIAN_POINT('',(-0.0249877770748022,-0.00308536884219197,0.09136));
#9246=CARTESIAN_POINT('',(-0.0249877770748022,-0.00308536884219197,0.0904401898));
#9247=CARTESIAN_POINT('',(-0.0249877770748022,0.00400517904219197,0.0904401898));
#9248=CARTESIAN_POINT('',(0.0360678001135828,0.00308536884219197,0.0939));
#9249=CARTESIAN_POINT('',(0.0360678001135828,0.00308536884219197,0.0193201898));
#9250=CARTESIAN_POINT('',(0.0360678001135828,0.00308536884219197,0.00845981019999998));
#9251=CARTESIAN_POINT('',(0.0342281797135828,0.00308536884219196,0.0193201898));
#9252=CARTESIAN_POINT('',(0.0342281797135828,0.00308536884219196,0.0193201898));
#9253=CARTESIAN_POINT('',(0.0342281797135828,0.00308536884219197,0.0211598102));
#9254=CARTESIAN_POINT('',(0.0342281797135828,0.00308536884219196,0.00845981019999998));
#9255=CARTESIAN_POINT('',(0.0342281797135828,0.00308536884219197,0.00662018979999998));
#9256=CARTESIAN_POINT('',(0.0342281797135828,0.00308536884219196,0.00845981019999998));
#9257=CARTESIAN_POINT('',(0.0342281797135828,0.0213948209578081,0.0193201898));
#9258=CARTESIAN_POINT('',(0.0342281797135828,-0.00308536884219196,0.0193201898));
#9259=CARTESIAN_POINT('',(-0.0235941533459367,0.00308536884219197,0.0211598102));
#9260=CARTESIAN_POINT('',(0.0259078001135828,0.00308536884219197,0.0211598102));
#9261=CARTESIAN_POINT('',(0.0240681797135828,0.00308536884219196,0.01389));
#9262=CARTESIAN_POINT('',(0.0240681797135828,0.00308536884219197,0.00845981019999998));
#9263=CARTESIAN_POINT('',(0.0240681797135828,0.00308536884219196,0.0193201898));
#9264=CARTESIAN_POINT('',(0.0300679899135828,0.00308536884219196,0.00662018979999998));
#9265=CARTESIAN_POINT('',(0.0259078001135828,0.00308536884219196,0.00662018979999998));
#9266=CARTESIAN_POINT('',(0.0342281797135828,0.0213948209578081,0.00845981019999998));
#9267=CARTESIAN_POINT('',(0.0342281797135828,-0.00308536884219196,0.00845981019999998));
#9268=CARTESIAN_POINT('',(0.0360678001135828,-0.00308536884219197,0.0939));
#9269=CARTESIAN_POINT('',(0.0360678001135828,-0.00308536884219197,0.00845981019999998));
#9270=CARTESIAN_POINT('',(0.0360678001135828,-0.00308536884219197,0.0193201898));
#9271=CARTESIAN_POINT('',(0.0342281797135828,-0.00308536884219196,0.0193201898));
#9272=CARTESIAN_POINT('',(0.0342281797135828,-0.00308536884219197,0.0211598102));
#9273=CARTESIAN_POINT('',(0.0259078001135828,0.00308536884219196,0.0193201898));
#9274=CARTESIAN_POINT('',(0.0259078001135828,0.00308536884219196,0.0193201898));
#9275=CARTESIAN_POINT('',(0.0259078001135828,0.00308536884219196,0.00845981019999998));
#9276=CARTESIAN_POINT('',(0.0259078001135828,0.00308536884219196,0.00845981019999998));
#9277=CARTESIAN_POINT('',(0.0342281797135828,-0.00308536884219196,0.00845981019999998));
#9278=CARTESIAN_POINT('',(0.0342281797135828,-0.00308536884219196,0.00662018979999998));
#9279=CARTESIAN_POINT('',(-0.0235941533459367,-0.00308536884219197,0.0211598102));
#9280=CARTESIAN_POINT('',(0.0259078001135828,-0.00308536884219197,0.0211598102));
#9281=CARTESIAN_POINT('',(0.0259078001135828,0.0213948209578081,0.0193201898));
#9282=CARTESIAN_POINT('',(0.0259078001135828,-0.00308536884219196,0.0193201898));
#9283=CARTESIAN_POINT('',(0.0259078001135828,0.0213948209578081,0.00845981019999998));
#9284=CARTESIAN_POINT('',(0.0259078001135828,-0.00308536884219196,0.00845981019999998));
#9285=CARTESIAN_POINT('',(0.0300679899135828,-0.00308536884219196,0.00662018979999998));
#9286=CARTESIAN_POINT('',(0.0259078001135828,-0.00308536884219197,0.00662018979999998));
#9287=CARTESIAN_POINT('',(0.0259078001135828,-0.00308536884219196,0.0193201898));
#9288=CARTESIAN_POINT('',(0.0240681797135828,-0.00308536884219197,0.0193201898));
#9289=CARTESIAN_POINT('',(0.0259078001135828,-0.00308536884219196,0.00845981019999998));
#9290=CARTESIAN_POINT('',(0.0240681797135828,-0.00308536884219196,0.00845981019999998));
#9291=CARTESIAN_POINT('',(0.0240681797135828,-0.00308536884219196,0.01389));
#9292=CARTESIAN_POINT('',(0.0300679899135828,0.00308536884219196,0.0244001898));
#9293=CARTESIAN_POINT('',(0.0342281797135828,0.00308536884219197,0.0244001898));
#9294=CARTESIAN_POINT('',(0.0259078001135828,0.00308536884219196,0.0244001898));
#9295=CARTESIAN_POINT('',(0.0259078001135828,0.00308536884219196,0.0262398102));
#9296=CARTESIAN_POINT('',(0.0240681797135828,0.00308536884219197,0.0262398102));
#9297=CARTESIAN_POINT('',(0.0259078001135828,0.00308536884219196,0.0262398102));
#9298=CARTESIAN_POINT('',(0.0342281797135828,0.00308536884219196,0.0262398102));
#9299=CARTESIAN_POINT('',(0.0342281797135828,0.00308536884219196,0.0262398102));
#9300=CARTESIAN_POINT('',(0.0360678001135828,0.00308536884219197,0.0262398102));
#9301=CARTESIAN_POINT('',(0.0240681797135828,0.00308536884219196,0.03167));
#9302=CARTESIAN_POINT('',(0.0240681797135828,0.00308536884219196,0.0371001898));
#9303=CARTESIAN_POINT('',(0.0259078001135828,0.0213948209578081,0.0262398102));
#9304=CARTESIAN_POINT('',(0.0259078001135828,-0.00308536884219196,0.0262398102));
#9305=CARTESIAN_POINT('',(0.0300679899135828,-0.00308536884219196,0.0244001898));
#9306=CARTESIAN_POINT('',(0.0342281797135828,-0.00308536884219196,0.0244001898));
#9307=CARTESIAN_POINT('',(0.0259078001135828,-0.00308536884219197,0.0244001898));
#9308=CARTESIAN_POINT('',(0.0342281797135828,0.0213948209578081,0.0262398102));
#9309=CARTESIAN_POINT('',(0.0342281797135828,-0.00308536884219196,0.0262398102));
#9310=CARTESIAN_POINT('',(0.0360678001135828,0.00308536884219197,0.0939));
#9311=CARTESIAN_POINT('',(0.0360678001135828,0.00308536884219197,0.0371001898));
#9312=CARTESIAN_POINT('',(-0.0235941533459367,0.00308536884219197,0.0389398102));
#9313=CARTESIAN_POINT('',(0.0259078001135828,0.00308536884219197,0.0389398102));
#9314=CARTESIAN_POINT('',(0.0342281797135828,0.00308536884219197,0.0389398102));
#9315=CARTESIAN_POINT('',(0.0259078001135828,0.00308536884219196,0.0371001898));
#9316=CARTESIAN_POINT('',(0.0259078001135828,0.00308536884219196,0.0371001898));
#9317=CARTESIAN_POINT('',(0.0259078001135828,-0.00308536884219196,0.0262398102));
#9318=CARTESIAN_POINT('',(0.0240681797135828,-0.00308536884219196,0.0262398102));
#9319=CARTESIAN_POINT('',(0.0342281797135828,-0.00308536884219196,0.0262398102));
#9320=CARTESIAN_POINT('',(0.0360678001135828,-0.00308536884219197,0.0262398102));
#9321=CARTESIAN_POINT('',(0.0342281797135828,0.00308536884219196,0.0371001898));
#9322=CARTESIAN_POINT('',(0.0342281797135828,0.00308536884219196,0.0371001898));
#9323=CARTESIAN_POINT('',(0.0259078001135828,0.0213948209578081,0.0371001898));
#9324=CARTESIAN_POINT('',(0.0259078001135828,-0.00308536884219196,0.0371001898));
#9325=CARTESIAN_POINT('',(0.0240681797135828,-0.00308536884219196,0.03167));
#9326=CARTESIAN_POINT('',(0.0240681797135828,-0.00308536884219197,0.0371001898));
#9327=CARTESIAN_POINT('',(0.0360678001135828,-0.00308536884219197,0.0939));
#9328=CARTESIAN_POINT('',(0.0360678001135828,-0.00308536884219197,0.0371001898));
#9329=CARTESIAN_POINT('',(0.0342281797135828,0.0213948209578081,0.0371001898));
#9330=CARTESIAN_POINT('',(0.0342281797135828,-0.00308536884219196,0.0371001898));
#9331=CARTESIAN_POINT('',(0.0259078001135828,-0.00308536884219196,0.0371001898));
#9332=CARTESIAN_POINT('',(0.0259078001135828,-0.00308536884219197,0.0389398102));
#9333=CARTESIAN_POINT('',(0.0342281797135828,-0.00308536884219196,0.0371001898));
#9334=CARTESIAN_POINT('',(0.0342281797135828,-0.00308536884219197,0.0389398102));
#9335=CARTESIAN_POINT('',(-0.0235941533459367,-0.00308536884219197,0.0389398102));
#9336=CARTESIAN_POINT('',(-0.0235941533459367,0.00308536884219197,0.0567198102));
#9337=CARTESIAN_POINT('',(0.0259078001135828,0.00308536884219197,0.0567198102));
#9338=CARTESIAN_POINT('',(0.0342281797135828,0.00308536884219197,0.0567198102));
#9339=CARTESIAN_POINT('',(0.0259078001135828,0.00308536884219196,0.0548801898));
#9340=CARTESIAN_POINT('',(0.0259078001135828,0.00308536884219196,0.0548801898));
#9341=CARTESIAN_POINT('',(0.0240681797135828,0.00308536884219196,0.0548801898));
#9342=CARTESIAN_POINT('',(0.0342281797135828,0.00308536884219196,0.0548801898));
#9343=CARTESIAN_POINT('',(0.0360678001135828,0.00308536884219197,0.0548801898));
#9344=CARTESIAN_POINT('',(0.0342281797135828,0.00308536884219196,0.0548801898));
#9345=CARTESIAN_POINT('',(0.0259078001135828,0.0213948209578081,0.0548801898));
#9346=CARTESIAN_POINT('',(0.0259078001135828,-0.00308536884219196,0.0548801898));
#9347=CARTESIAN_POINT('',(0.0240681797135828,0.00308536884219196,0.04945));
#9348=CARTESIAN_POINT('',(0.0240681797135828,0.00308536884219197,0.0440198102));
#9349=CARTESIAN_POINT('',(0.0300679899135828,0.00308536884219196,0.0421801898));
#9350=CARTESIAN_POINT('',(0.0342281797135828,0.00308536884219197,0.0421801898));
#9351=CARTESIAN_POINT('',(0.0259078001135828,0.00308536884219196,0.0421801898));
#9352=CARTESIAN_POINT('',(0.0360678001135828,0.00308536884219197,0.0939));
#9353=CARTESIAN_POINT('',(0.0360678001135828,0.00308536884219197,0.0440198102));
#9354=CARTESIAN_POINT('',(0.0342281797135828,0.0213948209578081,0.0548801898));
#9355=CARTESIAN_POINT('',(0.0342281797135828,-0.00308536884219196,0.0548801898));
#9356=CARTESIAN_POINT('',(-0.0235941533459367,-0.00308536884219197,0.0567198102));
#9357=CARTESIAN_POINT('',(0.0342281797135828,-0.00308536884219197,0.0567198102));
#9358=CARTESIAN_POINT('',(0.0259078001135828,-0.00308536884219197,0.0567198102));
#9359=CARTESIAN_POINT('',(0.0259078001135828,-0.00308536884219196,0.0548801898));
#9360=CARTESIAN_POINT('',(0.0240681797135828,-0.00308536884219197,0.0548801898));
#9361=CARTESIAN_POINT('',(0.0259078001135828,0.00308536884219196,0.0440198102));
#9362=CARTESIAN_POINT('',(0.0259078001135828,0.00308536884219196,0.0440198102));
#9363=CARTESIAN_POINT('',(0.0342281797135828,0.00308536884219196,0.0440198102));
#9364=CARTESIAN_POINT('',(0.0342281797135828,0.00308536884219196,0.0440198102));
#9365=CARTESIAN_POINT('',(0.0342281797135828,-0.00308536884219196,0.0548801898));
#9366=CARTESIAN_POINT('',(0.0360678001135828,-0.00308536884219197,0.0548801898));
#9367=CARTESIAN_POINT('',(0.0240681797135828,-0.00308536884219196,0.04945));
#9368=CARTESIAN_POINT('',(0.0240681797135828,-0.00308536884219196,0.0440198102));
#9369=CARTESIAN_POINT('',(0.0259078001135828,0.0213948209578081,0.0440198102));
#9370=CARTESIAN_POINT('',(0.0259078001135828,-0.00308536884219196,0.0440198102));
#9371=CARTESIAN_POINT('',(0.0342281797135828,0.0213948209578081,0.0440198102));
#9372=CARTESIAN_POINT('',(0.0342281797135828,-0.00308536884219196,0.0440198102));
#9373=CARTESIAN_POINT('',(0.0360678001135828,-0.00308536884219197,0.0939));
#9374=CARTESIAN_POINT('',(0.0360678001135828,-0.00308536884219197,0.0440198102));
#9375=CARTESIAN_POINT('',(0.0259078001135828,-0.00308536884219196,0.0440198102));
#9376=CARTESIAN_POINT('',(0.0259078001135828,-0.00308536884219197,0.0421801898));
#9377=CARTESIAN_POINT('',(0.0342281797135828,-0.00308536884219196,0.0440198102));
#9378=CARTESIAN_POINT('',(0.0342281797135828,-0.00308536884219196,0.0421801898));
#9379=CARTESIAN_POINT('',(0.0300679899135828,-0.00308536884219196,0.0421801898));
#9380=CARTESIAN_POINT('',(0.0360678001135828,0.00308536884219197,0.0939));
#9381=CARTESIAN_POINT('',(0.0360678001135828,0.00308536884219197,0.0726601898));
#9382=CARTESIAN_POINT('',(0.0360678001135828,0.00308536884219197,0.0617998102));
#9383=CARTESIAN_POINT('',(0.0342281797135828,0.00308536884219196,0.0726601898));
#9384=CARTESIAN_POINT('',(0.0342281797135828,0.00308536884219196,0.0726601898));
#9385=CARTESIAN_POINT('',(0.0342281797135828,0.00308536884219197,0.0744998102));
#9386=CARTESIAN_POINT('',(0.0342281797135828,0.00308536884219196,0.0617998102));
#9387=CARTESIAN_POINT('',(0.0342281797135828,0.00308536884219197,0.0599601898));
#9388=CARTESIAN_POINT('',(0.0342281797135828,0.00308536884219196,0.0617998102));
#9389=CARTESIAN_POINT('',(0.0342281797135828,0.0213948209578081,0.0726601898));
#9390=CARTESIAN_POINT('',(0.0342281797135828,-0.00308536884219196,0.0726601898));
#9391=CARTESIAN_POINT('',(-0.0235941533459367,0.00308536884219197,0.0744998102));
#9392=CARTESIAN_POINT('',(0.0259078001135828,0.00308536884219197,0.0744998102));
#9393=CARTESIAN_POINT('',(0.0240681797135828,0.00308536884219196,0.06723));
#9394=CARTESIAN_POINT('',(0.0240681797135828,0.00308536884219197,0.0617998102));
#9395=CARTESIAN_POINT('',(0.0240681797135828,0.00308536884219196,0.0726601898));
#9396=CARTESIAN_POINT('',(0.0300679899135828,0.00308536884219196,0.0599601898));
#9397=CARTESIAN_POINT('',(0.0259078001135828,0.00308536884219196,0.0599601898));
#9398=CARTESIAN_POINT('',(0.0342281797135828,0.0213948209578081,0.0617998102));
#9399=CARTESIAN_POINT('',(0.0342281797135828,-0.00308536884219196,0.0617998102));
#9400=CARTESIAN_POINT('',(0.0360678001135828,-0.00308536884219197,0.0939));
#9401=CARTESIAN_POINT('',(0.0360678001135828,-0.00308536884219197,0.0617998102));
#9402=CARTESIAN_POINT('',(0.0360678001135828,-0.00308536884219197,0.0726601898));
#9403=CARTESIAN_POINT('',(0.0342281797135828,-0.00308536884219196,0.0726601898));
#9404=CARTESIAN_POINT('',(0.0342281797135828,-0.00308536884219197,0.0744998102));
#9405=CARTESIAN_POINT('',(0.0259078001135828,0.00308536884219196,0.0726601898));
#9406=CARTESIAN_POINT('',(0.0259078001135828,0.00308536884219196,0.0726601898));
#9407=CARTESIAN_POINT('',(0.0259078001135828,0.00308536884219196,0.0617998102));
#9408=CARTESIAN_POINT('',(0.0259078001135828,0.00308536884219196,0.0617998102));
#9409=CARTESIAN_POINT('',(0.0342281797135828,-0.00308536884219196,0.0617998102));
#9410=CARTESIAN_POINT('',(0.0342281797135828,-0.00308536884219196,0.0599601898));
#9411=CARTESIAN_POINT('',(-0.0235941533459367,-0.00308536884219197,0.0744998102));
#9412=CARTESIAN_POINT('',(0.0259078001135828,-0.00308536884219197,0.0744998102));
#9413=CARTESIAN_POINT('',(0.0259078001135828,0.0213948209578081,0.0726601898));
#9414=CARTESIAN_POINT('',(0.0259078001135828,-0.00308536884219196,0.0726601898));
#9415=CARTESIAN_POINT('',(0.0259078001135828,0.0213948209578081,0.0617998102));
#9416=CARTESIAN_POINT('',(0.0259078001135828,-0.00308536884219196,0.0617998102));
#9417=CARTESIAN_POINT('',(0.0300679899135828,-0.00308536884219196,0.0599601898));
#9418=CARTESIAN_POINT('',(0.0259078001135828,-0.00308536884219197,0.0599601898));
#9419=CARTESIAN_POINT('',(0.0259078001135828,-0.00308536884219196,0.0726601898));
#9420=CARTESIAN_POINT('',(0.0240681797135828,-0.00308536884219197,0.0726601898));
#9421=CARTESIAN_POINT('',(0.0259078001135828,-0.00308536884219196,0.0617998102));
#9422=CARTESIAN_POINT('',(0.0240681797135828,-0.00308536884219196,0.0617998102));
#9423=CARTESIAN_POINT('',(0.0240681797135828,-0.00308536884219196,0.06723));
#9424=CARTESIAN_POINT('',(-0.0360675872748022,0.00308536884219196,0.03167));
#9425=CARTESIAN_POINT('',(-0.0360675872748022,0.00308536884219197,0.0262398102));
#9426=CARTESIAN_POINT('',(-0.0360675872748022,0.00308536884219196,0.0371001898));
#9427=CARTESIAN_POINT('',(-0.0342279668748022,0.00308536884219196,0.0371001898));
#9428=CARTESIAN_POINT('',(-0.0342279668748022,0.00308536884219197,0.0389398102));
#9429=CARTESIAN_POINT('',(-0.0342279668748022,0.00308536884219196,0.0371001898));
#9430=CARTESIAN_POINT('',(-0.0342279668748022,0.00308536884219196,0.0262398102));
#9431=CARTESIAN_POINT('',(-0.0342279668748022,0.00308536884219196,0.0262398102));
#9432=CARTESIAN_POINT('',(-0.0342279668748022,0.00308536884219196,0.0244001898));
#9433=CARTESIAN_POINT('',(-0.0235941533459367,0.00308536884219197,0.0389398102));
#9434=CARTESIAN_POINT('',(-0.0259075872748022,0.00308536884219197,0.0389398102));
#9435=CARTESIAN_POINT('',(-0.0342279668748022,0.0213948209578081,0.0371001898));
#9436=CARTESIAN_POINT('',(-0.0342279668748022,-0.00308536884219196,0.0371001898));
#9437=CARTESIAN_POINT('',(-0.0360675872748022,-0.00308536884219196,0.03167));
#9438=CARTESIAN_POINT('',(-0.0360675872748022,-0.00308536884219196,0.0262398102));
#9439=CARTESIAN_POINT('',(-0.0360675872748022,-0.00308536884219197,0.0371001898));
#9440=CARTESIAN_POINT('',(-0.0342279668748022,0.0213948209578081,0.0262398102));
#9441=CARTESIAN_POINT('',(-0.0342279668748022,-0.00308536884219196,0.0262398102));
#9442=CARTESIAN_POINT('',(-0.0300677770748022,0.00308536884219196,0.0244001898));
#9443=CARTESIAN_POINT('',(-0.0259075872748022,0.00308536884219197,0.0244001898));
#9444=CARTESIAN_POINT('',(-0.0240679668748022,0.00308536884219197,0.0939));
#9445=CARTESIAN_POINT('',(-0.0240679668748022,0.00308536884219197,0.0371001898));
#9446=CARTESIAN_POINT('',(-0.0240679668748022,0.00308536884219197,0.0262398102));
#9447=CARTESIAN_POINT('',(-0.0259075872748022,0.00308536884219196,0.0371001898));
#9448=CARTESIAN_POINT('',(-0.0259075872748022,0.00308536884219196,0.0371001898));
#9449=CARTESIAN_POINT('',(-0.0342279668748022,-0.00308536884219196,0.0371001898));
#9450=CARTESIAN_POINT('',(-0.0342279668748022,-0.00308536884219197,0.0389398102));
#9451=CARTESIAN_POINT('',(-0.0342279668748022,-0.00308536884219196,0.0262398102));
#9452=CARTESIAN_POINT('',(-0.0342279668748022,-0.00308536884219197,0.0244001898));
#9453=CARTESIAN_POINT('',(-0.0259075872748022,0.00308536884219196,0.0262398102));
#9454=CARTESIAN_POINT('',(-0.0259075872748022,0.00308536884219196,0.0262398102));
#9455=CARTESIAN_POINT('',(-0.0259075872748022,0.0213948209578081,0.0371001898));
#9456=CARTESIAN_POINT('',(-0.0259075872748022,-0.00308536884219196,0.0371001898));
#9457=CARTESIAN_POINT('',(-0.0235941533459367,-0.00308536884219197,0.0389398102));
#9458=CARTESIAN_POINT('',(-0.0259075872748022,-0.00308536884219197,0.0389398102));
#9459=CARTESIAN_POINT('',(-0.0300677770748022,-0.00308536884219196,0.0244001898));
#9460=CARTESIAN_POINT('',(-0.0259075872748022,-0.00308536884219196,0.0244001898));
#9461=CARTESIAN_POINT('',(-0.0259075872748022,0.0213948209578081,0.0262398102));
#9462=CARTESIAN_POINT('',(-0.0259075872748022,-0.00308536884219196,0.0262398102));
#9463=CARTESIAN_POINT('',(-0.0259075872748022,-0.00308536884219196,0.0371001898));
#9464=CARTESIAN_POINT('',(-0.0240679668748022,-0.00308536884219197,0.0371001898));
#9465=CARTESIAN_POINT('',(-0.0259075872748022,-0.00308536884219196,0.0262398102));
#9466=CARTESIAN_POINT('',(-0.0240679668748022,-0.00308536884219197,0.0262398102));
#9467=CARTESIAN_POINT('',(-0.0240679668748022,-0.00308536884219197,0.0939));
#9468=CARTESIAN_POINT('',(-0.0360675872748022,0.00308536884219196,0.01389));
#9469=CARTESIAN_POINT('',(-0.0360675872748022,0.00308536884219197,0.00845981019999998));
#9470=CARTESIAN_POINT('',(-0.0360675872748022,0.00308536884219196,0.0193201898));
#9471=CARTESIAN_POINT('',(-0.0342279668748022,0.00308536884219196,0.0193201898));
#9472=CARTESIAN_POINT('',(-0.0342279668748022,0.00308536884219197,0.0211598102));
#9473=CARTESIAN_POINT('',(-0.0342279668748022,0.00308536884219196,0.0193201898));
#9474=CARTESIAN_POINT('',(-0.0342279668748022,0.00308536884219196,0.00845981019999998));
#9475=CARTESIAN_POINT('',(-0.0342279668748022,0.00308536884219196,0.00845981019999998));
#9476=CARTESIAN_POINT('',(-0.0342279668748022,0.00308536884219196,0.00662018979999998));
#9477=CARTESIAN_POINT('',(-0.0235941533459367,0.00308536884219197,0.0211598102));
#9478=CARTESIAN_POINT('',(-0.0259075872748022,0.00308536884219197,0.0211598102));
#9479=CARTESIAN_POINT('',(-0.0342279668748022,0.0213948209578081,0.0193201898));
#9480=CARTESIAN_POINT('',(-0.0342279668748022,-0.00308536884219196,0.0193201898));
#9481=CARTESIAN_POINT('',(-0.0360675872748022,-0.00308536884219196,0.01389));
#9482=CARTESIAN_POINT('',(-0.0360675872748022,-0.00308536884219196,0.00845981019999998));
#9483=CARTESIAN_POINT('',(-0.0360675872748022,-0.00308536884219197,0.0193201898));
#9484=CARTESIAN_POINT('',(-0.0342279668748022,0.0213948209578081,0.00845981019999998));
#9485=CARTESIAN_POINT('',(-0.0342279668748022,-0.00308536884219196,0.00845981019999998));
#9486=CARTESIAN_POINT('',(-0.0300677770748022,0.00308536884219196,0.00662018979999998));
#9487=CARTESIAN_POINT('',(-0.0259075872748022,0.00308536884219197,0.00662018979999998));
#9488=CARTESIAN_POINT('',(-0.0240679668748022,0.00308536884219197,0.0939));
#9489=CARTESIAN_POINT('',(-0.0240679668748022,0.00308536884219197,0.0193201898));
#9490=CARTESIAN_POINT('',(-0.0240679668748022,0.00308536884219197,0.00845981019999998));
#9491=CARTESIAN_POINT('',(-0.0259075872748022,0.00308536884219196,0.0193201898));
#9492=CARTESIAN_POINT('',(-0.0259075872748022,0.00308536884219196,0.0193201898));
#9493=CARTESIAN_POINT('',(-0.0342279668748022,-0.00308536884219196,0.0193201898));
#9494=CARTESIAN_POINT('',(-0.0342279668748022,-0.00308536884219197,0.0211598102));
#9495=CARTESIAN_POINT('',(-0.0342279668748022,-0.00308536884219196,0.00845981019999998));
#9496=CARTESIAN_POINT('',(-0.0342279668748022,-0.00308536884219197,0.00662018979999998));
#9497=CARTESIAN_POINT('',(-0.0259075872748022,0.00308536884219196,0.00845981019999998));
#9498=CARTESIAN_POINT('',(-0.0259075872748022,0.00308536884219196,0.00845981019999998));
#9499=CARTESIAN_POINT('',(-0.0259075872748022,0.0213948209578081,0.0193201898));
#9500=CARTESIAN_POINT('',(-0.0259075872748022,-0.00308536884219196,0.0193201898));
#9501=CARTESIAN_POINT('',(-0.0235941533459367,-0.00308536884219197,0.0211598102));
#9502=CARTESIAN_POINT('',(-0.0259075872748022,-0.00308536884219197,0.0211598102));
#9503=CARTESIAN_POINT('',(-0.0300677770748022,-0.00308536884219196,0.00662018979999998));
#9504=CARTESIAN_POINT('',(-0.0259075872748022,-0.00308536884219196,0.00662018979999998));
#9505=CARTESIAN_POINT('',(-0.0259075872748022,0.0213948209578081,0.00845981019999998));
#9506=CARTESIAN_POINT('',(-0.0259075872748022,-0.00308536884219196,0.00845981019999998));
#9507=CARTESIAN_POINT('',(-0.0259075872748022,-0.00308536884219196,0.0193201898));
#9508=CARTESIAN_POINT('',(-0.0240679668748022,-0.00308536884219197,0.0193201898));
#9509=CARTESIAN_POINT('',(-0.0259075872748022,-0.00308536884219196,0.00845981019999998));
#9510=CARTESIAN_POINT('',(-0.0240679668748022,-0.00308536884219197,0.00845981019999998));
#9511=CARTESIAN_POINT('',(-0.0240679668748022,-0.00308536884219197,0.0939));
#9512=CARTESIAN_POINT('',(-0.0240679668748022,0.00308536884219197,0.0939));
#9513=CARTESIAN_POINT('',(-0.0240679668748022,0.00308536884219197,0.0548801898));
#9514=CARTESIAN_POINT('',(-0.0240679668748022,0.00308536884219197,0.0440198102));
#9515=CARTESIAN_POINT('',(-0.0259075872748022,0.00308536884219196,0.0548801898));
#9516=CARTESIAN_POINT('',(-0.0259075872748022,0.00308536884219196,0.0548801898));
#9517=CARTESIAN_POINT('',(-0.0259075872748022,0.00308536884219197,0.0567198102));
#9518=CARTESIAN_POINT('',(-0.0259075872748022,0.00308536884219196,0.0440198102));
#9519=CARTESIAN_POINT('',(-0.0259075872748022,0.00308536884219197,0.0421801898));
#9520=CARTESIAN_POINT('',(-0.0259075872748022,0.00308536884219196,0.0440198102));
#9521=CARTESIAN_POINT('',(-0.0259075872748022,0.0213948209578081,0.0548801898));
#9522=CARTESIAN_POINT('',(-0.0259075872748022,-0.00308536884219196,0.0548801898));
#9523=CARTESIAN_POINT('',(-0.0235941533459367,0.00308536884219197,0.0567198102));
#9524=CARTESIAN_POINT('',(-0.0342279668748022,0.00308536884219197,0.0567198102));
#9525=CARTESIAN_POINT('',(-0.0360675872748022,0.00308536884219196,0.04945));
#9526=CARTESIAN_POINT('',(-0.0360675872748022,0.00308536884219197,0.0440198102));
#9527=CARTESIAN_POINT('',(-0.0360675872748022,0.00308536884219196,0.0548801898));
#9528=CARTESIAN_POINT('',(-0.0300677770748022,0.00308536884219196,0.0421801898));
#9529=CARTESIAN_POINT('',(-0.0342279668748022,0.00308536884219196,0.0421801898));
#9530=CARTESIAN_POINT('',(-0.0259075872748022,0.0213948209578081,0.0440198102));
#9531=CARTESIAN_POINT('',(-0.0259075872748022,-0.00308536884219196,0.0440198102));
#9532=CARTESIAN_POINT('',(-0.0240679668748022,-0.00308536884219197,0.0939));
#9533=CARTESIAN_POINT('',(-0.0240679668748022,-0.00308536884219197,0.0440198102));
#9534=CARTESIAN_POINT('',(-0.0240679668748022,-0.00308536884219197,0.0548801898));
#9535=CARTESIAN_POINT('',(-0.0259075872748022,-0.00308536884219196,0.0548801898));
#9536=CARTESIAN_POINT('',(-0.0259075872748022,-0.00308536884219197,0.0567198102));
#9537=CARTESIAN_POINT('',(-0.0342279668748022,0.00308536884219196,0.0548801898));
#9538=CARTESIAN_POINT('',(-0.0342279668748022,0.00308536884219196,0.0548801898));
#9539=CARTESIAN_POINT('',(-0.0342279668748022,0.00308536884219196,0.0440198102));
#9540=CARTESIAN_POINT('',(-0.0342279668748022,0.00308536884219196,0.0440198102));
#9541=CARTESIAN_POINT('',(-0.0259075872748022,-0.00308536884219196,0.0440198102));
#9542=CARTESIAN_POINT('',(-0.0259075872748022,-0.00308536884219196,0.0421801898));
#9543=CARTESIAN_POINT('',(-0.0235941533459367,-0.00308536884219197,0.0567198102));
#9544=CARTESIAN_POINT('',(-0.0342279668748022,-0.00308536884219197,0.0567198102));
#9545=CARTESIAN_POINT('',(-0.0342279668748022,0.0213948209578081,0.0548801898));
#9546=CARTESIAN_POINT('',(-0.0342279668748022,-0.00308536884219196,0.0548801898));
#9547=CARTESIAN_POINT('',(-0.0342279668748022,0.0213948209578081,0.0440198102));
#9548=CARTESIAN_POINT('',(-0.0342279668748022,-0.00308536884219196,0.0440198102));
#9549=CARTESIAN_POINT('',(-0.0300677770748022,-0.00308536884219196,0.0421801898));
#9550=CARTESIAN_POINT('',(-0.0342279668748022,-0.00308536884219197,0.0421801898));
#9551=CARTESIAN_POINT('',(-0.0342279668748022,-0.00308536884219196,0.0548801898));
#9552=CARTESIAN_POINT('',(-0.0360675872748022,-0.00308536884219197,0.0548801898));
#9553=CARTESIAN_POINT('',(-0.0342279668748022,-0.00308536884219196,0.0440198102));
#9554=CARTESIAN_POINT('',(-0.0360675872748022,-0.00308536884219196,0.0440198102));
#9555=CARTESIAN_POINT('',(-0.0360675872748022,-0.00308536884219196,0.04945));
#9556=CARTESIAN_POINT('',(-0.0360675872748022,0.00308536884219196,0.06723));
#9557=CARTESIAN_POINT('',(-0.0360675872748022,0.00308536884219197,0.0617998102));
#9558=CARTESIAN_POINT('',(-0.0360675872748022,0.00308536884219196,0.0726601898));
#9559=CARTESIAN_POINT('',(-0.0342279668748022,0.00308536884219196,0.0726601898));
#9560=CARTESIAN_POINT('',(-0.0342279668748022,0.00308536884219197,0.0744998102));
#9561=CARTESIAN_POINT('',(-0.0342279668748022,0.00308536884219196,0.0726601898));
#9562=CARTESIAN_POINT('',(-0.0342279668748022,0.00308536884219196,0.0617998102));
#9563=CARTESIAN_POINT('',(-0.0342279668748022,0.00308536884219196,0.0617998102));
#9564=CARTESIAN_POINT('',(-0.0342279668748022,0.00308536884219196,0.0599601898));
#9565=CARTESIAN_POINT('',(-0.0235941533459367,0.00308536884219197,0.0744998102));
#9566=CARTESIAN_POINT('',(-0.0259075872748022,0.00308536884219197,0.0744998102));
#9567=CARTESIAN_POINT('',(-0.0342279668748022,0.0213948209578081,0.0726601898));
#9568=CARTESIAN_POINT('',(-0.0342279668748022,-0.00308536884219196,0.0726601898));
#9569=CARTESIAN_POINT('',(-0.0360675872748022,-0.00308536884219196,0.06723));
#9570=CARTESIAN_POINT('',(-0.0360675872748022,-0.00308536884219196,0.0617998102));
#9571=CARTESIAN_POINT('',(-0.0360675872748022,-0.00308536884219197,0.0726601898));
#9572=CARTESIAN_POINT('',(-0.0342279668748022,0.0213948209578081,0.0617998102));
#9573=CARTESIAN_POINT('',(-0.0342279668748022,-0.00308536884219196,0.0617998102));
#9574=CARTESIAN_POINT('',(-0.0300677770748022,0.00308536884219196,0.0599601898));
#9575=CARTESIAN_POINT('',(-0.0259075872748022,0.00308536884219197,0.0599601898));
#9576=CARTESIAN_POINT('',(-0.0240679668748022,0.00308536884219197,0.0939));
#9577=CARTESIAN_POINT('',(-0.0240679668748022,0.00308536884219197,0.0726601898));
#9578=CARTESIAN_POINT('',(-0.0240679668748022,0.00308536884219197,0.0617998102));
#9579=CARTESIAN_POINT('',(-0.0259075872748022,0.00308536884219196,0.0726601898));
#9580=CARTESIAN_POINT('',(-0.0259075872748022,0.00308536884219196,0.0726601898));
#9581=CARTESIAN_POINT('',(-0.0342279668748022,-0.00308536884219196,0.0726601898));
#9582=CARTESIAN_POINT('',(-0.0342279668748022,-0.00308536884219197,0.0744998102));
#9583=CARTESIAN_POINT('',(-0.0342279668748022,-0.00308536884219196,0.0617998102));
#9584=CARTESIAN_POINT('',(-0.0342279668748022,-0.00308536884219197,0.0599601898));
#9585=CARTESIAN_POINT('',(-0.0259075872748022,0.00308536884219196,0.0617998102));
#9586=CARTESIAN_POINT('',(-0.0259075872748022,0.00308536884219196,0.0617998102));
#9587=CARTESIAN_POINT('',(-0.0259075872748022,0.0213948209578081,0.0726601898));
#9588=CARTESIAN_POINT('',(-0.0259075872748022,-0.00308536884219196,0.0726601898));
#9589=CARTESIAN_POINT('',(-0.0235941533459367,-0.00308536884219197,0.0744998102));
#9590=CARTESIAN_POINT('',(-0.0259075872748022,-0.00308536884219197,0.0744998102));
#9591=CARTESIAN_POINT('',(-0.0300677770748022,-0.00308536884219196,0.0599601898));
#9592=CARTESIAN_POINT('',(-0.0259075872748022,-0.00308536884219196,0.0599601898));
#9593=CARTESIAN_POINT('',(-0.0259075872748022,0.0213948209578081,0.0617998102));
#9594=CARTESIAN_POINT('',(-0.0259075872748022,-0.00308536884219196,0.0617998102));
#9595=CARTESIAN_POINT('',(-0.0259075872748022,-0.00308536884219196,0.0726601898));
#9596=CARTESIAN_POINT('',(-0.0240679668748022,-0.00308536884219197,0.0726601898));
#9597=CARTESIAN_POINT('',(-0.0259075872748022,-0.00308536884219196,0.0617998102));
#9598=CARTESIAN_POINT('',(-0.0240679668748022,-0.00308536884219197,0.0617998102));
#9599=CARTESIAN_POINT('',(-0.0240679668748022,-0.00308536884219197,0.0939));
#9600=CARTESIAN_POINT('',(-0.0360675872748022,0.00308536884219196,0.08501));
#9601=CARTESIAN_POINT('',(-0.0360675872748022,0.00308536884219197,0.0795798102));
#9602=CARTESIAN_POINT('',(-0.0360675872748022,0.00308536884219196,0.0904401898));
#9603=CARTESIAN_POINT('',(-0.0342279668748022,0.00308536884219196,0.0904401898));
#9604=CARTESIAN_POINT('',(-0.0342279668748022,0.00308536884219197,0.0922798102));
#9605=CARTESIAN_POINT('',(-0.0342279668748022,0.00308536884219196,0.0904401898));
#9606=CARTESIAN_POINT('',(-0.0342279668748022,0.00308536884219196,0.0795798102));
#9607=CARTESIAN_POINT('',(-0.0342279668748022,0.00308536884219196,0.0795798102));
#9608=CARTESIAN_POINT('',(-0.0342279668748022,0.00308536884219196,0.0777401898));
#9609=CARTESIAN_POINT('',(-0.0235941533459367,0.00308536884219197,0.0922798102));
#9610=CARTESIAN_POINT('',(-0.0259075872748022,0.00308536884219197,0.0922798102));
#9611=CARTESIAN_POINT('',(-0.0342279668748022,0.0213948209578081,0.0904401898));
#9612=CARTESIAN_POINT('',(-0.0342279668748022,-0.00308536884219196,0.0904401898));
#9613=CARTESIAN_POINT('',(-0.0360675872748022,-0.00308536884219196,0.08501));
#9614=CARTESIAN_POINT('',(-0.0360675872748022,-0.00308536884219196,0.0795798102));
#9615=CARTESIAN_POINT('',(-0.0360675872748022,-0.00308536884219197,0.0904401898));
#9616=CARTESIAN_POINT('',(-0.0342279668748022,0.0213948209578081,0.0795798102));
#9617=CARTESIAN_POINT('',(-0.0342279668748022,-0.00308536884219196,0.0795798102));
#9618=CARTESIAN_POINT('',(-0.0300677770748022,0.00308536884219196,0.0777401898));
#9619=CARTESIAN_POINT('',(-0.0259075872748022,0.00308536884219197,0.0777401898));
#9620=CARTESIAN_POINT('',(-0.0240679668748022,0.00308536884219197,0.0939));
#9621=CARTESIAN_POINT('',(-0.0240679668748022,0.00308536884219197,0.0904401898));
#9622=CARTESIAN_POINT('',(-0.0240679668748022,0.00308536884219197,0.0795798102));
#9623=CARTESIAN_POINT('',(-0.0259075872748022,0.00308536884219196,0.0904401898));
#9624=CARTESIAN_POINT('',(-0.0259075872748022,0.00308536884219196,0.0904401898));
#9625=CARTESIAN_POINT('',(-0.0342279668748022,-0.00308536884219196,0.0904401898));
#9626=CARTESIAN_POINT('',(-0.0342279668748022,-0.00308536884219197,0.0922798102));
#9627=CARTESIAN_POINT('',(-0.0342279668748022,-0.00308536884219196,0.0795798102));
#9628=CARTESIAN_POINT('',(-0.0342279668748022,-0.00308536884219197,0.0777401898));
#9629=CARTESIAN_POINT('',(-0.0259075872748022,0.00308536884219196,0.0795798102));
#9630=CARTESIAN_POINT('',(-0.0259075872748022,0.00308536884219196,0.0795798102));
#9631=CARTESIAN_POINT('',(-0.0259075872748022,0.0213948209578081,0.0904401898));
#9632=CARTESIAN_POINT('',(-0.0259075872748022,-0.00308536884219196,0.0904401898));
#9633=CARTESIAN_POINT('',(-0.0235941533459367,-0.00308536884219197,0.0922798102));
#9634=CARTESIAN_POINT('',(-0.0259075872748022,-0.00308536884219197,0.0922798102));
#9635=CARTESIAN_POINT('',(-0.0300677770748022,-0.00308536884219196,0.0777401898));
#9636=CARTESIAN_POINT('',(-0.0259075872748022,-0.00308536884219196,0.0777401898));
#9637=CARTESIAN_POINT('',(-0.0259075872748022,0.0213948209578081,0.0795798102));
#9638=CARTESIAN_POINT('',(-0.0259075872748022,-0.00308536884219196,0.0795798102));
#9639=CARTESIAN_POINT('',(-0.0259075872748022,-0.00308536884219196,0.0904401898));
#9640=CARTESIAN_POINT('',(-0.0240679668748022,-0.00308536884219197,0.0904401898));
#9641=CARTESIAN_POINT('',(-0.0259075872748022,-0.00308536884219196,0.0795798102));
#9642=CARTESIAN_POINT('',(-0.0240679668748022,-0.00308536884219197,0.0795798102));
#9643=CARTESIAN_POINT('',(-0.0240679668748022,-0.00308536884219197,0.0939));
#9644=CARTESIAN_POINT('',(0.0300679899135828,0.00308536884219196,0.0777401898));
#9645=CARTESIAN_POINT('',(0.0342281797135828,0.00308536884219197,0.0777401898));
#9646=CARTESIAN_POINT('',(0.0259078001135828,0.00308536884219196,0.0777401898));
#9647=CARTESIAN_POINT('',(0.0259078001135828,0.00308536884219196,0.0795798102));
#9648=CARTESIAN_POINT('',(0.0240681797135828,0.00308536884219197,0.0795798102));
#9649=CARTESIAN_POINT('',(0.0259078001135828,0.00308536884219196,0.0795798102));
#9650=CARTESIAN_POINT('',(0.0342281797135828,0.00308536884219196,0.0795798102));
#9651=CARTESIAN_POINT('',(0.0342281797135828,0.00308536884219196,0.0795798102));
#9652=CARTESIAN_POINT('',(0.0360678001135828,0.00308536884219197,0.0795798102));
#9653=CARTESIAN_POINT('',(0.0240681797135828,0.00308536884219196,0.08501));
#9654=CARTESIAN_POINT('',(0.0240681797135828,0.00308536884219196,0.0904401898));
#9655=CARTESIAN_POINT('',(0.0259078001135828,0.0213948209578081,0.0795798102));
#9656=CARTESIAN_POINT('',(0.0259078001135828,-0.00308536884219196,0.0795798102));
#9657=CARTESIAN_POINT('',(0.0300679899135828,-0.00308536884219196,0.0777401898));
#9658=CARTESIAN_POINT('',(0.0342281797135828,-0.00308536884219196,0.0777401898));
#9659=CARTESIAN_POINT('',(0.0259078001135828,-0.00308536884219197,0.0777401898));
#9660=CARTESIAN_POINT('',(0.0342281797135828,0.0213948209578081,0.0795798102));
#9661=CARTESIAN_POINT('',(0.0342281797135828,-0.00308536884219196,0.0795798102));
#9662=CARTESIAN_POINT('',(0.0360678001135828,0.00308536884219197,0.0939));
#9663=CARTESIAN_POINT('',(0.0360678001135828,0.00308536884219197,0.0904401898));
#9664=CARTESIAN_POINT('',(-0.0235941533459367,0.00308536884219197,0.0922798102));
#9665=CARTESIAN_POINT('',(0.0259078001135828,0.00308536884219197,0.0922798102));
#9666=CARTESIAN_POINT('',(0.0342281797135828,0.00308536884219197,0.0922798102));
#9667=CARTESIAN_POINT('',(0.0259078001135828,0.00308536884219196,0.0904401898));
#9668=CARTESIAN_POINT('',(0.0259078001135828,0.00308536884219196,0.0904401898));
#9669=CARTESIAN_POINT('',(0.0259078001135828,-0.00308536884219196,0.0795798102));
#9670=CARTESIAN_POINT('',(0.0240681797135828,-0.00308536884219196,0.0795798102));
#9671=CARTESIAN_POINT('',(0.0342281797135828,-0.00308536884219196,0.0795798102));
#9672=CARTESIAN_POINT('',(0.0360678001135828,-0.00308536884219197,0.0795798102));
#9673=CARTESIAN_POINT('',(0.0342281797135828,0.00308536884219196,0.0904401898));
#9674=CARTESIAN_POINT('',(0.0342281797135828,0.00308536884219196,0.0904401898));
#9675=CARTESIAN_POINT('',(0.0259078001135828,0.0213948209578081,0.0904401898));
#9676=CARTESIAN_POINT('',(0.0259078001135828,-0.00308536884219196,0.0904401898));
#9677=CARTESIAN_POINT('',(0.0240681797135828,-0.00308536884219196,0.08501));
#9678=CARTESIAN_POINT('',(0.0240681797135828,-0.00308536884219197,0.0904401898));
#9679=CARTESIAN_POINT('',(0.0360678001135828,-0.00308536884219197,0.0939));
#9680=CARTESIAN_POINT('',(0.0360678001135828,-0.00308536884219197,0.0904401898));
#9681=CARTESIAN_POINT('',(0.0342281797135828,0.0213948209578081,0.0904401898));
#9682=CARTESIAN_POINT('',(0.0342281797135828,-0.00308536884219196,0.0904401898));
#9683=CARTESIAN_POINT('',(0.0259078001135828,-0.00308536884219196,0.0904401898));
#9684=CARTESIAN_POINT('',(0.0259078001135828,-0.00308536884219197,0.0922798102));
#9685=CARTESIAN_POINT('',(0.0342281797135828,-0.00308536884219196,0.0904401898));
#9686=CARTESIAN_POINT('',(0.0342281797135828,-0.00308536884219197,0.0922798102));
#9687=CARTESIAN_POINT('',(-0.0235941533459367,-0.00308536884219197,0.0922798102));
#9688=CARTESIAN_POINT('',(0.,0.0481454938159108,0.0979808007278198));
#9689=CARTESIAN_POINT('',(0.,0.0481454938159108,0.0979808007278198));
#9690=MECHANICAL_DESIGN_GEOMETRIC_PRESENTATION_REPRESENTATION('',(#5423),
#9691);
#9691=(
GEOMETRIC_REPRESENTATION_CONTEXT(3)
GLOBAL_UNCERTAINTY_ASSIGNED_CONTEXT((#9692))
GLOBAL_UNIT_ASSIGNED_CONTEXT((#9695,#9694,#9693))
REPRESENTATION_CONTEXT('Avionics Bay','TOP_LEVEL_ASSEMBLY_PART')
);
#9692=UNCERTAINTY_MEASURE_WITH_UNIT(LENGTH_MEASURE(2.E-5),#9695,
'DISTANCE_ACCURACY_VALUE','Maximum Tolerance applied to model');
#9693=(
NAMED_UNIT(*)
SI_UNIT($,.STERADIAN.)
SOLID_ANGLE_UNIT()
);
#9694=(
NAMED_UNIT(*)
PLANE_ANGLE_UNIT()
SI_UNIT($,.RADIAN.)
);
#9695=(
LENGTH_UNIT()
NAMED_UNIT(*)
SI_UNIT($,.METRE.)
);
#9696=PRODUCT_DEFINITION_SHAPE('','',#9697);
#9697=PRODUCT_DEFINITION('','',#9699,#9698);
#9698=PRODUCT_DEFINITION_CONTEXT('',#9705,'design');
#9699=PRODUCT_DEFINITION_FORMATION_WITH_SPECIFIED_SOURCE('','',#9701,
 .NOT_KNOWN.);
#9700=PRODUCT_RELATED_PRODUCT_CATEGORY('','',(#9701));
#9701=PRODUCT('Avionics Bay','Avionics Bay','Avionics Bay',(#9703));
#9702=PRODUCT_CATEGORY('','');
#9703=PRODUCT_CONTEXT('',#9705,'mechanical');
#9704=APPLICATION_PROTOCOL_DEFINITION('international standard',
'ap242_managed_model_based_3d_engineering',2020,#9705);
#9705=APPLICATION_CONTEXT('managed model based 3d engineering');
ENDSEC;
END-ISO-10303-21;
