ISO-10303-21;
HEADER;
/* Generated by software containing ST-Developer
 * from STEP Tools, Inc. (www.steptools.com) 
 */
/* OPTION: using custom renumber hook */

FILE_DESCRIPTION(
/* description */ ('STEP AP242 Edition 2',
'CAx-IF Rec.Pracs.---Representation and Presentation of Product Manufa
cturing Information (PMI)---4.0---2014-10-13',
'CAx-IF Rec.Pracs.---3D Tessellated Geometry---0.4---2014-09-14','2;1',
'CAx-IF Rec.Pracs.---User Defined Attributes---1.5---2016-08-15'),
/* implementation_level */ '2;1');

FILE_NAME(
/* name */ 'TVC',
/* time_stamp */ '2026-08-27T18:34:26Z',
/* author */ (''),
/* organization */ (''),
/* preprocessor_version */ 'ST-DEVELOPER v20',
/* originating_system */ 'ONSHAPE BY PTC INC, 1.219',
/* authorisation */ '  ');

FILE_SCHEMA (('AP242_MANAGED_MODEL_BASED_3D_ENGINEERING_MIM_LF { 1 0 10303 442 3 1 4 }'));
ENDSEC;

DATA;
#10=(
BOUNDED_SURFACE()
B_SPLINE_SURFACE(3,2,((#4640,#4641,#4642),(#4643,#4644,#4645),(#4646,#4647,
#4648),(#4649,#4650,#4651),(#4652,#4653,#4654),(#4655,#4656,#4657),(#4658,
#4659,#4660),(#4661,#4662,#4663),(#4664,#4665,#4666),(#4667,#4668,#4669),
(#4670,#4671,#4672)),.UNSPECIFIED.,.F.,.F.,.F.)
B_SPLINE_SURFACE_WITH_KNOTS((4,1,1,1,1,1,1,1,4),(3,3),(0.03398628574799,
0.036910528375369,0.0398347710027481,0.0427590136301271,0.0456832562575062,
0.0486074988848852,0.0515317415122643,0.0544559841396433,0.0573802267670223),
(0.,1.),.UNSPECIFIED.)
GEOMETRIC_REPRESENTATION_ITEM()
RATIONAL_B_SPLINE_SURFACE(((1.,0.726892050850147,1.),(1.,0.738992239736633,
1.),(1.,0.772323605363909,1.),(1.,0.827272317723597,1.),(1.,0.869671216765014,
1.),(1.,0.886407374329201,1.),(1.,0.86991127616237,1.),(1.,0.827279608363509,
1.),(1.,0.772315864102905,1.),(1.,0.738913949683824,1.),(1.,0.726892050850147,
1.)))
REPRESENTATION_ITEM('')
SURFACE()
);
#11=(
BOUNDED_SURFACE()
B_SPLINE_SURFACE(3,2,((#4675,#4676,#4677),(#4678,#4679,#4680),(#4681,#4682,
#4683),(#4684,#4685,#4686),(#4687,#4688,#4689)),.UNSPECIFIED.,.F.,.F.,.F.)
B_SPLINE_SURFACE_WITH_KNOTS((4,1,4),(3,3),(4.33680868994202E-18,0.00300934273003728,
0.00601868546007456),(0.,1.),.UNSPECIFIED.)
GEOMETRIC_REPRESENTATION_ITEM()
RATIONAL_B_SPLINE_SURFACE(((1.,0.726892050850147,1.),(1.,0.753655263378175,
1.),(1.,0.782233669482054,1.),(1.,0.753641856569737,1.),(1.,0.726892050850147,
1.)))
REPRESENTATION_ITEM('')
SURFACE()
);
#12=(
BOUNDED_SURFACE()
B_SPLINE_SURFACE(3,2,((#4691,#4692,#4693),(#4694,#4695,#4696),(#4697,#4698,
#4699),(#4700,#4701,#4702),(#4703,#4704,#4705),(#4706,#4707,#4708),(#4709,
#4710,#4711),(#4712,#4713,#4714),(#4715,#4716,#4717),(#4718,#4719,#4720),
(#4721,#4722,#4723)),.UNSPECIFIED.,.F.,.F.,.F.)
B_SPLINE_SURFACE_WITH_KNOTS((4,1,1,1,1,1,1,1,4),(3,3),(0.00455022642288323,
0.00747833175344245,0.0104064370840017,0.0133345424145609,0.0162626477451201,
0.0191907530756793,0.0221188584062386,0.0250469637367978,0.027975069067357),
(0.,1.),.UNSPECIFIED.)
GEOMETRIC_REPRESENTATION_ITEM()
RATIONAL_B_SPLINE_SURFACE(((1.,0.726892050850147,1.),(1.,0.73899371023516,
1.),(1.,0.772330051446641,1.),(1.,0.827285882879001,1.),(1.,0.869681450492066,
1.),(1.,0.886417392950393,1.),(1.,0.869863252875652,1.),(1.,0.827235407495865,
1.),(1.,0.77229260883276,1.),(1.,0.738908837625888,1.),(1.,0.726892050850147,
1.)))
REPRESENTATION_ITEM('')
SURFACE()
);
#13=(
BOUNDED_SURFACE()
B_SPLINE_SURFACE(3,2,((#4725,#4726,#4727),(#4728,#4729,#4730),(#4731,#4732,
#4733),(#4734,#4735,#4736),(#4737,#4738,#4739)),.UNSPECIFIED.,.F.,.F.,.F.)
B_SPLINE_SURFACE_WITH_KNOTS((4,1,4),(3,3),(2.16840434497101E-18,0.00300934273003729,
0.00601868546007458),(0.,1.),.UNSPECIFIED.)
GEOMETRIC_REPRESENTATION_ITEM()
RATIONAL_B_SPLINE_SURFACE(((1.,0.726892050850147,1.),(1.,0.753655263378232,
1.),(1.,0.782233669481686,1.),(1.,0.753641856570414,1.),(1.,0.726892050850147,
1.)))
REPRESENTATION_ITEM('')
SURFACE()
);
#14=(
BOUNDED_SURFACE()
B_SPLINE_SURFACE(3,2,((#4800,#4801,#4802),(#4803,#4804,#4805),(#4806,#4807,
#4808),(#4809,#4810,#4811),(#4812,#4813,#4814)),.UNSPECIFIED.,.F.,.F.,.F.)
B_SPLINE_SURFACE_WITH_KNOTS((4,1,4),(3,3),(6.50521303491303E-18,0.00301006567011948,
0.00602013134023896),(0.,1.),.UNSPECIFIED.)
GEOMETRIC_REPRESENTATION_ITEM()
RATIONAL_B_SPLINE_SURFACE(((1.,0.726901115896755,1.),(1.,0.753675468431264,
1.),(1.,0.78226730773661,1.),(1.,0.75366203150045,1.),(1.,0.726901115896754,
1.)))
REPRESENTATION_ITEM('')
SURFACE()
);
#15=(
BOUNDED_SURFACE()
B_SPLINE_SURFACE(3,2,((#4817,#4818,#4819),(#4820,#4821,#4822),(#4823,#4824,
#4825),(#4826,#4827,#4828),(#4829,#4830,#4831),(#4832,#4833,#4834),(#4835,
#4836,#4837),(#4838,#4839,#4840),(#4841,#4842,#4843),(#4844,#4845,#4846),
(#4847,#4848,#4849)),.UNSPECIFIED.,.F.,.F.,.F.)
B_SPLINE_SURFACE_WITH_KNOTS((4,1,1,1,1,1,1,1,4),(3,3),(0.0333647048284118,
0.0362931632727259,0.03922162171704,0.0421500801613541,0.0450785386056682,
0.0480069970499822,0.0509354554942963,0.0538639139386104,0.0567923723829245),
(0.,1.),.UNSPECIFIED.)
GEOMETRIC_REPRESENTATION_ITEM()
RATIONAL_B_SPLINE_SURFACE(((1.,0.726901115896764,1.),(1.,0.738967598926624,
1.),(1.,0.772356760476536,1.),(1.,0.827300486697804,1.),(1.,0.869785865557495,
1.),(1.,0.886394899664782,1.),(1.,0.869848854025494,1.),(1.,0.827222345880124,
1.),(1.,0.772286289965711,1.),(1.,0.738925045744242,1.),(1.,0.726901115896765,
1.)))
REPRESENTATION_ITEM('')
SURFACE()
);
#16=(
BOUNDED_SURFACE()
B_SPLINE_SURFACE(3,2,((#4851,#4852,#4853),(#4854,#4855,#4856),(#4857,#4858,
#4859),(#4860,#4861,#4862),(#4863,#4864,#4865),(#4866,#4867,#4868),(#4869,
#4870,#4871),(#4872,#4873,#4874),(#4875,#4876,#4877),(#4878,#4879,#4880),
(#4881,#4882,#4883)),.UNSPECIFIED.,.F.,.F.,.F.)
B_SPLINE_SURFACE_WITH_KNOTS((4,1,1,1,1,1,1,1,4),(3,3),(0.0038807804347977,
0.00681266151494627,0.00974454259509485,0.0126764236752434,0.015608304755392,
0.0185401858355406,0.0214720669156891,0.0244039479958377,0.0273358290759863),
(0.,1.),.UNSPECIFIED.)
GEOMETRIC_REPRESENTATION_ITEM()
RATIONAL_B_SPLINE_SURFACE(((1.,0.726901115896766,1.),(1.,0.73897364493107,
1.),(1.,0.772371648987509,1.),(1.,0.827308209122285,1.),(1.,0.869797067911698,
1.),(1.,0.886393548682837,1.),(1.,0.869843068120242,1.),(1.,0.827210471210042,
1.),(1.,0.772281759788199,1.),(1.,0.73891038040273,1.),(1.,0.726901115896764,
1.)))
REPRESENTATION_ITEM('')
SURFACE()
);
#17=(
BOUNDED_SURFACE()
B_SPLINE_SURFACE(3,2,((#4885,#4886,#4887),(#4888,#4889,#4890),(#4891,#4892,
#4893),(#4894,#4895,#4896),(#4897,#4898,#4899)),.UNSPECIFIED.,.F.,.F.,.F.)
B_SPLINE_SURFACE_WITH_KNOTS((4,1,4),(3,3),(3.46944695195361E-18,0.00301006567011935,
0.00602013134023869),(0.,1.),.UNSPECIFIED.)
GEOMETRIC_REPRESENTATION_ITEM()
RATIONAL_B_SPLINE_SURFACE(((1.,0.726901115896764,1.),(1.,0.753675468426357,
1.),(1.,0.782267307746399,1.),(1.,0.753662031485781,1.),(1.,0.726901115896764,
1.)))
REPRESENTATION_ITEM('')
SURFACE()
);
#18=(
BOUNDED_SURFACE()
B_SPLINE_SURFACE(3,2,((#4956,#4957,#4958),(#4959,#4960,#4961),(#4962,#4963,
#4964),(#4965,#4966,#4967),(#4968,#4969,#4970)),.UNSPECIFIED.,.F.,.F.,.F.)
B_SPLINE_SURFACE_WITH_KNOTS((4,1,4),(3,3),(-1.21430643318376E-17,0.00310291226032906,
0.00620582452065813),(0.,1.),.UNSPECIFIED.)
GEOMETRIC_REPRESENTATION_ITEM()
RATIONAL_B_SPLINE_SURFACE(((1.,0.738705969180706,1.),(1.,0.756301003409511,
1.),(1.,0.779586109925293,1.),(1.,0.756299201071573,1.),(1.,0.738705914412497,
1.)))
REPRESENTATION_ITEM('')
SURFACE()
);
#19=(
BOUNDED_SURFACE()
B_SPLINE_SURFACE(3,2,((#4973,#4974,#4975),(#4976,#4977,#4978),(#4979,#4980,
#4981),(#4982,#4983,#4984),(#4985,#4986,#4987),(#4988,#4989,#4990),(#4991,
#4992,#4993)),.UNSPECIFIED.,.F.,.F.,.F.)
B_SPLINE_SURFACE_WITH_KNOTS((4,1,1,1,4),(3,3),(0.0211216904777657,0.0240844272131526,
0.0270471639485396,0.0300099006839266,0.0329726374193136),(0.,1.),
 .UNSPECIFIED.)
GEOMETRIC_REPRESENTATION_ITEM()
RATIONAL_B_SPLINE_SURFACE(((1.,0.738705914412956,1.),(1.,0.756282027756397,
1.),(1.,0.79899853547991,1.),(1.,0.829495877924711,1.),(1.,0.799228053388959,
1.),(1.,0.756164317242029,1.),(1.,0.738705914413433,1.)))
REPRESENTATION_ITEM('')
SURFACE()
);
#20=(
BOUNDED_SURFACE()
B_SPLINE_SURFACE(3,2,((#4995,#4996,#4997),(#4998,#4999,#5000),(#5001,#5002,
#5003),(#5004,#5005,#5006),(#5007,#5008,#5009),(#5010,#5011,#5012),(#5013,
#5014,#5015)),.UNSPECIFIED.,.F.,.F.,.F.)
B_SPLINE_SURFACE_WITH_KNOTS((4,1,1,1,4),(3,3),(0.00304705065605927,0.00601020576324964,
0.00897336087044,0.0119365159776304,0.0148996710848207),(0.,1.),
 .UNSPECIFIED.)
GEOMETRIC_REPRESENTATION_ITEM()
RATIONAL_B_SPLINE_SURFACE(((1.,0.738705969180707,1.),(1.,0.756202115454825,
1.),(1.,0.799209812371612,1.),(1.,0.829493562831522,1.),(1.,0.799025396096374,
1.),(1.,0.756305974957337,1.),(1.,0.738705969180714,1.)))
REPRESENTATION_ITEM('')
SURFACE()
);
#21=(
BOUNDED_SURFACE()
B_SPLINE_SURFACE(3,2,((#5017,#5018,#5019),(#5020,#5021,#5022),(#5023,#5024,
#5025),(#5026,#5027,#5028),(#5029,#5030,#5031)),.UNSPECIFIED.,.F.,.F.,.F.)
B_SPLINE_SURFACE_WITH_KNOTS((4,1,4),(3,3),(5.85469173142172E-18,0.00310291226010149,
0.00620582452020298),(0.,1.),.UNSPECIFIED.)
GEOMETRIC_REPRESENTATION_ITEM()
RATIONAL_B_SPLINE_SURFACE(((1.,0.738705914412956,1.),(1.,0.756300977441336,
1.),(1.,0.779586109850236,1.),(1.,0.756299227036683,1.),(1.,0.738705969180703,
1.)))
REPRESENTATION_ITEM('')
SURFACE()
);
#22=SPHERICAL_SURFACE('',#2859,0.00055188922035849);
#23=SPHERICAL_SURFACE('',#2861,0.00055188922035849);
#24=SPHERICAL_SURFACE('',#2867,0.00055188922035849);
#25=B_SPLINE_SURFACE_WITH_KNOTS('',3,1,((#3983,#3984),(#3985,#3986),(#3987,
#3988),(#3989,#3990)),.SURF_OF_LINEAR_EXTRUSION.,.F.,.F.,.F.,(4,4),(2,2),
(0.,0.509616890820851),(0.,1.),.PIECEWISE_BEZIER_KNOTS.);
#26=B_SPLINE_SURFACE_WITH_KNOTS('',3,1,((#4042,#4043),(#4044,#4045),(#4046,
#4047),(#4048,#4049)),.SURF_OF_LINEAR_EXTRUSION.,.F.,.F.,.F.,(4,4),(2,2),
(0.602535320946998,1.),(0.,1.),.PIECEWISE_BEZIER_KNOTS.);
#27=B_SPLINE_SURFACE_WITH_KNOTS('',3,1,((#4058,#4059),(#4060,#4061),(#4062,
#4063),(#4064,#4065)),.SURF_OF_LINEAR_EXTRUSION.,.F.,.F.,.F.,(4,4),(2,2),
(0.509616890820851,1.),(0.,1.),.PIECEWISE_BEZIER_KNOTS.);
#28=SHAPE_REPRESENTATION_RELATIONSHIP('','',#2713,#31);
#29=SHAPE_REPRESENTATION_RELATIONSHIP('','',#2714,#32);
#30=SHAPE_REPRESENTATION_RELATIONSHIP('','',#2715,#33);
#31=ADVANCED_BREP_SHAPE_REPRESENTATION('',(#2707),#5049);
#32=ADVANCED_BREP_SHAPE_REPRESENTATION('',(#2708),#5050);
#33=ADVANCED_BREP_SHAPE_REPRESENTATION('',(#2709),#5051);
#34=TOROIDAL_SURFACE('',#2783,0.0042358634,0.0007358634);
#35=TOROIDAL_SURFACE('',#2784,0.0017858634,0.0007358634);
#36=TOROIDAL_SURFACE('',#2785,0.0027641366,0.0007358634);
#37=TOROIDAL_SURFACE('',#2921,0.00897170458762264,0.00147170458762264);
#38=TOROIDAL_SURFACE('',#2922,0.0145282954123774,0.00147170458762264);
#39=TOROIDAL_SURFACE('',#2923,0.0155094318041258,0.000490568195874213);
#40=TOROIDAL_SURFACE('',#2924,0.0152405681958742,0.000490568195874213);
#41=TOROIDAL_SURFACE('',#2934,0.00776414770618868,0.00073585229381132);
#42=TOROIDAL_SURFACE('',#2935,0.00228585229381132,0.00073585229381132);
#43=TOROIDAL_SURFACE('',#2948,0.0077641366,0.0007358634);
#44=TOROIDAL_SURFACE('',#2949,0.0022858634,0.0007358634);
#45=TOROIDAL_SURFACE('',#2962,0.0042641366,0.0007358634);
#46=TOROIDAL_SURFACE('',#2963,0.0017358634,0.0007358634);
#47=B_SPLINE_CURVE_WITH_KNOTS('',3,(#3851,#3852,#3853,#3854,#3855,#3856,
#3857,#3858,#3859,#3860,#3861),.UNSPECIFIED.,.T.,.F.,(1,1,1,1,1,1,1,1,1,
1,1,1,1,1,1),(-0.00369360175191381,-0.00246240116794254,-0.00123120058397127,
2.6407523025912E-19,0.00123120058397127,0.00246240116794254,0.00369360175191381,
0.00492480233588507,0.00615600291985634,0.00738720350382761,0.00861840408779888,
0.00984960467177015,0.0110808052557414,0.0123120058397127,0.013543206423684),
 .UNSPECIFIED.);
#48=B_SPLINE_CURVE_WITH_KNOTS('',3,(#3871,#3872,#3873,#3874,#3875,#3876,
#3877,#3878,#3879,#3880,#3881),.UNSPECIFIED.,.T.,.F.,(1,1,1,1,1,1,1,1,1,
1,1,1,1,1,1),(-0.00369360175291601,-0.00246240116861067,-0.00123120058430534,
1.93406162756387E-19,0.00123120058430534,0.00246240116861067,0.00369360175291601,
0.00492480233722134,0.00615600292152668,0.00738720350583202,0.00861840409013735,
0.00984960467444269,0.011080805258748,0.0123120058430534,0.0135432064273587),
 .UNSPECIFIED.);
#49=B_SPLINE_CURVE_WITH_KNOTS('',3,(#3903,#3904,#3905,#3906,#3907),
 .UNSPECIFIED.,.F.,.F.,(4,1,4),(0.,0.00186332076257089,0.00372664152514179),
 .UNSPECIFIED.);
#50=B_SPLINE_CURVE_WITH_KNOTS('',3,(#3991,#3992,#3993,#3994),
 .UNSPECIFIED.,.F.,.F.,(4,4),(0.,0.509616890820851),
 .PIECEWISE_BEZIER_KNOTS.);
#51=B_SPLINE_CURVE_WITH_KNOTS('',3,(#4001,#4002,#4003,#4004),
 .UNSPECIFIED.,.F.,.F.,(4,4),(0.,0.509616890820851),
 .PIECEWISE_BEZIER_KNOTS.);
#52=B_SPLINE_CURVE_WITH_KNOTS('',3,(#4008,#4009,#4010,#4011),
 .UNSPECIFIED.,.F.,.F.,(4,4),(0.,0.509616890820851),
 .PIECEWISE_BEZIER_KNOTS.);
#53=B_SPLINE_CURVE_WITH_KNOTS('',3,(#4029,#4030,#4031,#4032),
 .UNSPECIFIED.,.F.,.F.,(4,4),(0.509616890820851,1.),
 .PIECEWISE_BEZIER_KNOTS.);
#54=B_SPLINE_CURVE_WITH_KNOTS('',3,(#4050,#4051,#4052,#4053),
 .UNSPECIFIED.,.F.,.F.,(4,4),(0.509616890820851,1.),
 .PIECEWISE_BEZIER_KNOTS.);
#55=B_SPLINE_CURVE_WITH_KNOTS('',3,(#4066,#4067,#4068,#4069),
 .UNSPECIFIED.,.F.,.F.,(4,4),(0.509616890820851,1.),
 .PIECEWISE_BEZIER_KNOTS.);
#56=B_SPLINE_CURVE_WITH_KNOTS('',3,(#4071,#4072,#4073,#4074),
 .UNSPECIFIED.,.F.,.F.,(4,4),(0.509616890820851,1.),
 .PIECEWISE_BEZIER_KNOTS.);
#57=B_SPLINE_CURVE_WITH_KNOTS('',3,(#4077,#4078,#4079,#4080),
 .UNSPECIFIED.,.F.,.F.,(4,4),(3.312327523359E-15,0.00158835783966522),
 .UNSPECIFIED.);
#58=B_SPLINE_CURVE_WITH_KNOTS('',3,(#4083,#4084,#4085,#4086),
 .UNSPECIFIED.,.F.,.F.,(4,4),(0.509616890820851,1.),
 .PIECEWISE_BEZIER_KNOTS.);
#59=B_SPLINE_CURVE_WITH_KNOTS('',3,(#4088,#4089,#4090,#4091),
 .UNSPECIFIED.,.F.,.F.,(4,4),(8.13151629364128E-19,0.00192402703479588),
 .UNSPECIFIED.);
#60=B_SPLINE_CURVE_WITH_KNOTS('',3,(#4093,#4094,#4095,#4096),
 .UNSPECIFIED.,.F.,.F.,(4,4),(2.30310872159064E-15,0.00175440871395816),
 .UNSPECIFIED.);
#61=B_SPLINE_CURVE_WITH_KNOTS('',3,(#4098,#4099,#4100,#4101),
 .UNSPECIFIED.,.F.,.F.,(4,4),(0.509616890820851,1.),
 .PIECEWISE_BEZIER_KNOTS.);
#62=B_SPLINE_CURVE_WITH_KNOTS('',3,(#4103,#4104,#4105,#4106),
 .UNSPECIFIED.,.F.,.F.,(4,4),(5.42101086242752E-20,0.00142746053690693),
 .UNSPECIFIED.);
#63=B_SPLINE_CURVE_WITH_KNOTS('',3,(#4108,#4109,#4110,#4111),
 .UNSPECIFIED.,.F.,.F.,(4,4),(1.96864579087124E-14,0.00144068510713735),
 .UNSPECIFIED.);
#64=B_SPLINE_CURVE_WITH_KNOTS('',3,(#4113,#4114,#4115,#4116),
 .UNSPECIFIED.,.F.,.F.,(4,4),(0.509616890820851,1.),
 .PIECEWISE_BEZIER_KNOTS.);
#65=B_SPLINE_CURVE_WITH_KNOTS('',3,(#4118,#4119,#4120,#4121),
 .UNSPECIFIED.,.F.,.F.,(4,4),(2.84603070277445E-19,0.0017822773738277),
 .UNSPECIFIED.);
#66=B_SPLINE_CURVE_WITH_KNOTS('',3,(#4123,#4124,#4125,#4126),
 .UNSPECIFIED.,.F.,.F.,(4,4),(3.20071966317745E-14,0.00192864855110488),
 .UNSPECIFIED.);
#67=B_SPLINE_CURVE_WITH_KNOTS('',3,(#4128,#4129,#4130,#4131),
 .UNSPECIFIED.,.F.,.F.,(4,4),(0.509616890820851,1.),
 .PIECEWISE_BEZIER_KNOTS.);
#68=B_SPLINE_CURVE_WITH_KNOTS('',3,(#4133,#4134,#4135,#4136),
 .UNSPECIFIED.,.F.,.F.,(4,4),(0.,0.00159918525799125),.UNSPECIFIED.);
#69=B_SPLINE_CURVE_WITH_KNOTS('',3,(#4142,#4143,#4144,#4145),
 .UNSPECIFIED.,.F.,.F.,(4,4),(0.,1.02469570660599E-5),.UNSPECIFIED.);
#70=B_SPLINE_CURVE_WITH_KNOTS('',3,(#4183,#4184,#4185,#4186,#4187,#4188,
#4189,#4190,#4191,#4192,#4193),.UNSPECIFIED.,.T.,.F.,(1,1,1,1,1,1,1,1,1,
1,1,1,1,1,1),(-0.00369319235300844,-0.00246212823533896,-0.00123106411766948,
1.00985185744668E-19,0.00123106411766948,0.00246212823533896,0.00369319235300844,
0.00492425647067793,0.00615532058834741,0.00738638470601689,0.00861744882368637,
0.00984851294135585,0.0110795770590253,0.0123106411766948,0.0135417052943643),
 .UNSPECIFIED.);
#71=B_SPLINE_CURVE_WITH_KNOTS('',3,(#4222,#4223,#4224,#4225,#4226,#4227,
#4228,#4229,#4230,#4231,#4232),.UNSPECIFIED.,.T.,.F.,(1,1,1,1,1,1,1,1,1,
1,1,1,1,1,1),(-0.00369319235300842,-0.00246212823533895,-0.00123106411766948,
2.1675502705577E-19,0.00123106411766947,0.00246212823533895,0.00369319235300842,
0.0049242564706779,0.00615532058834737,0.00738638470601685,0.00861744882368632,
0.0098485129413558,0.0110795770590253,0.0123106411766947,0.0135417052943642),
 .UNSPECIFIED.);
#72=B_SPLINE_CURVE_WITH_KNOTS('',3,(#4398,#4399,#4400,#4401,#4402,#4403,
#4404),.UNSPECIFIED.,.F.,.F.,(4,1,1,1,4),(0.0185059289987612,0.0210959730356007,
0.0236860170724402,0.0262760611092797,0.0288661051461193),.UNSPECIFIED.);
#73=B_SPLINE_CURVE_WITH_KNOTS('',3,(#4406,#4407,#4408,#4409,#4410),
 .UNSPECIFIED.,.F.,.F.,(4,1,4),(0.,0.0030173170246031,0.00603463404920619),
 .UNSPECIFIED.);
#74=B_SPLINE_CURVE_WITH_KNOTS('',3,(#4413,#4414,#4415,#4416,#4417,#4418,
#4419),.UNSPECIFIED.,.F.,.F.,(4,1,1,1,4),(0.0209748260898787,0.02394354620622,
0.0269122663225612,0.0298809864389024,0.0328497065552437),.UNSPECIFIED.);
#75=B_SPLINE_CURVE_WITH_KNOTS('',3,(#4421,#4422,#4423,#4424,#4425),
 .UNSPECIFIED.,.F.,.F.,(4,1,4),(0.,0.00301731703748506,0.00603463407497012),
 .UNSPECIFIED.);
#76=B_SPLINE_CURVE_WITH_KNOTS('',3,(#4427,#4428,#4429,#4430,#4431,#4432,
#4433),.UNSPECIFIED.,.F.,.F.,(4,1,1,1,4),(0.00303317266339458,0.00600219661724311,
0.00897122057109164,0.0119402445249402,0.0149092684787887),
 .UNSPECIFIED.);
#77=B_SPLINE_CURVE_WITH_KNOTS('',3,(#4434,#4435,#4436,#4437,#4438,#4439,
#4440),.UNSPECIFIED.,.F.,.F.,(4,1,1,1,4),(0.0174464222510177,0.0203516717815425,
0.0232569213120673,0.0261621708425921,0.0290674203731169),.UNSPECIFIED.);
#78=B_SPLINE_CURVE_WITH_KNOTS('',3,(#4443,#4444,#4445,#4446,#4447,#4448,
#4449),.UNSPECIFIED.,.F.,.F.,(4,1,1,1,4),(0.,0.00290567445213447,0.00581134890426895,
0.00871702335640342,0.0116226978085379),.UNSPECIFIED.);
#79=B_SPLINE_CURVE_WITH_KNOTS('',3,(#4451,#4452,#4453,#4454,#4455),
 .UNSPECIFIED.,.F.,.F.,(4,1,4),(0.,0.00291879780069377,0.00583759560138754),
 .UNSPECIFIED.);
#80=B_SPLINE_CURVE_WITH_KNOTS('',3,(#4457,#4458,#4459,#4460,#4461,#4462,
#4463),.UNSPECIFIED.,.F.,.F.,(4,1,1,1,4),(0.0174464222510177,0.0203516717815425,
0.0232569213120673,0.0261621708425921,0.0290674203731169),.UNSPECIFIED.);
#81=B_SPLINE_CURVE_WITH_KNOTS('',3,(#4465,#4466,#4467,#4468,#4469,#4470,
#4471),.UNSPECIFIED.,.F.,.F.,(4,1,1,1,4),(0.,0.00290567445213448,0.00581134890426895,
0.00871702335640343,0.0116226978085379),.UNSPECIFIED.);
#82=B_SPLINE_CURVE_WITH_KNOTS('',3,(#4473,#4474,#4475,#4476,#4477),
 .UNSPECIFIED.,.F.,.F.,(4,1,4),(0.,0.00291879780069376,0.00583759560138752),
 .UNSPECIFIED.);
#83=B_SPLINE_CURVE_WITH_KNOTS('',3,(#4482,#4483,#4484,#4485,#4486),
 .UNSPECIFIED.,.F.,.F.,(4,1,4),(0.,0.00291948269694432,0.00583896539388865),
 .UNSPECIFIED.);
#84=B_SPLINE_CURVE_WITH_KNOTS('',3,(#4489,#4490,#4491,#4492,#4493,#4494,
#4495,#4496,#4497,#4498,#4499),.UNSPECIFIED.,.F.,.F.,(4,1,1,1,1,1,1,1,4),
(0.0319245709475763,0.0348264034951236,0.0377282360426708,0.0406300685902181,
0.0435319011377653,0.0464337336853126,0.0493355662328598,0.0522373987804071,
0.0551392313279543),.UNSPECIFIED.);
#85=B_SPLINE_CURVE_WITH_KNOTS('',3,(#4501,#4502,#4503,#4504,#4505),
 .UNSPECIFIED.,.F.,.F.,(4,1,4),(0.,0.00291948269694443,0.00583896539388886),
 .UNSPECIFIED.);
#86=B_SPLINE_CURVE_WITH_KNOTS('',3,(#4507,#4508,#4509,#4510,#4511,#4512,
#4513,#4514,#4515,#4516,#4517),.UNSPECIFIED.,.F.,.F.,(4,1,1,1,1,1,1,1,4),
(0.00289670556102567,0.00579939759034133,0.00870208961965699,0.0116047816489726,
0.0145074736782883,0.0174101657076039,0.0203128577369196,0.0232155497662353,
0.0261182417955509),.UNSPECIFIED.);
#87=B_SPLINE_CURVE_WITH_KNOTS('',3,(#4522,#4523,#4524,#4525,#4526,#4527,
#4528,#4529,#4530,#4531,#4532),.UNSPECIFIED.,.F.,.F.,(4,1,1,1,1,1,1,1,4),
(0.0304838903798895,0.0332394683741752,0.0359950463684608,0.0387506243627465,
0.0415062023570322,0.0442617803513178,0.0470173583456035,0.0497729363398892,
0.0525285143341748),.UNSPECIFIED.);
#88=B_SPLINE_CURVE_WITH_KNOTS('',3,(#4537,#4538,#4539,#4540,#4541,#4542,
#4543),.UNSPECIFIED.,.F.,.F.,(4,1,1,1,4),(0.0165640447355343,0.0193028881033544,
0.0220417314711745,0.0247805748389946,0.0275194182068147),.UNSPECIFIED.);
#89=B_SPLINE_CURVE_WITH_KNOTS('',3,(#4545,#4546,#4547,#4548,#4549,#4550,
#4551),.UNSPECIFIED.,.F.,.F.,(4,1,1,1,4),(0.,0.00273851564631547,0.00547703129263094,
0.00821554693894641,0.0109540625852619),.UNSPECIFIED.);
#90=B_SPLINE_CURVE_WITH_KNOTS('',3,(#4584,#4585,#4586,#4587,#4588,#4589,
#4590,#4591,#4592,#4593,#4594),.UNSPECIFIED.,.T.,.F.,(1,1,1,1,1,1,1,1,1,
1,1,1,1,1,1),(-0.00363621067455257,-0.00242414044970171,-0.00121207022485086,
0.,0.00121207022485086,0.00242414044970171,0.00363621067455257,0.00484828089940342,
0.00606035112425428,0.00727242134910513,0.00848449157395599,0.00969656179880684,
0.0109086320236577,0.0121207022485086,0.0133327724733594),.UNSPECIFIED.);
#91=B_SPLINE_CURVE_WITH_KNOTS('',3,(#4597,#4598,#4599,#4600,#4601,#4602,
#4603),.UNSPECIFIED.,.F.,.F.,(4,1,1,1,4),(0.0165640447355343,0.0193028881033544,
0.0220417314711745,0.0247805748389946,0.0275194182068147),.UNSPECIFIED.);
#92=B_SPLINE_CURVE_WITH_KNOTS('',3,(#4606,#4607,#4608,#4609,#4610,#4611,
#4612),.UNSPECIFIED.,.F.,.F.,(4,1,1,1,4),(0.,0.00273851564631547,0.00547703129263094,
0.00821554693894641,0.0109540625852619),.UNSPECIFIED.);
#93=B_SPLINE_CURVE_WITH_KNOTS('',3,(#4616,#4617,#4618,#4619,#4620,#4621,
#4622,#4623,#4624,#4625,#4626),.UNSPECIFIED.,.T.,.F.,(1,1,1,1,1,1,1,1,1,
1,1,1,1,1,1),(-0.00363658604305244,-0.00242439069536829,-0.00121219534768415,
0.,0.00121219534768415,0.00242439069536829,0.00363658604305244,0.00484878139073658,
0.00606097673842073,0.00727317208610488,0.00848536743378902,0.00969756278147317,
0.0109097581291573,0.0121219534768415,0.0133341488245256),.UNSPECIFIED.);
#94=B_SPLINE_CURVE_WITH_KNOTS('',3,(#4629,#4630,#4631,#4632,#4633),
 .UNSPECIFIED.,.F.,.F.,(4,1,4),(0.,0.00276378466099246,0.00552756932198493),
 .UNSPECIFIED.);
#95=B_SPLINE_CURVE_WITH_KNOTS('',3,(#4634,#4635,#4636,#4637,#4638),
 .UNSPECIFIED.,.F.,.F.,(4,1,4),(8.67361737988403E-19,0.00276378466099246,
0.00552756932198492),.UNSPECIFIED.);
#96=B_SPLINE_CURVE_WITH_KNOTS('',3,(#4749,#4750,#4751,#4752,#4753,#4754,
#4755,#4756,#4757,#4758,#4759),.UNSPECIFIED.,.F.,.F.,(4,1,1,1,1,1,1,1,4),
(0.0028154179195725,0.00556840847141533,0.00832139902325815,0.011074389575101,
0.0138273801269438,0.0165803706787866,0.0193333612306294,0.0220863517824723,
0.0248393423343151),.UNSPECIFIED.);
#97=B_SPLINE_CURVE_WITH_KNOTS('',3,(#4763,#4764,#4765,#4766,#4767,#4768,
#4769,#4770,#4771,#4772,#4773),.UNSPECIFIED.,.T.,.F.,(1,1,1,1,1,1,1,1,1,
1,1,1,1,1,1),(-0.00363621067455257,-0.00242414044970172,-0.00121207022485086,
0.,0.00121207022485086,0.00242414044970172,0.00363621067455257,0.00484828089940343,
0.00606035112425429,0.00727242134910515,0.008484491573956,0.00969656179880686,
0.0109086320236577,0.0121207022485086,0.0133327724733594),.UNSPECIFIED.);
#98=B_SPLINE_CURVE_WITH_KNOTS('',3,(#4776,#4777,#4778,#4779,#4780,#4781,
#4782,#4783,#4784,#4785,#4786),.UNSPECIFIED.,.T.,.F.,(1,1,1,1,1,1,1,1,1,
1,1,1,1,1,1),(-0.00363658604305245,-0.0024243906953683,-0.00121219534768415,
0.,0.00121219534768415,0.0024243906953683,0.00363658604305245,0.00484878139073659,
0.00606097673842074,0.00727317208610489,0.00848536743378904,0.00969756278147319,
0.0109097581291573,0.0121219534768415,0.0133341488245256),.UNSPECIFIED.);
#99=B_SPLINE_CURVE_WITH_KNOTS('',3,(#4789,#4790,#4791,#4792,#4793),
 .UNSPECIFIED.,.F.,.F.,(4,1,4),(0.,0.00276444658282228,0.00552889316564456),
 .UNSPECIFIED.);
#100=B_SPLINE_CURVE_WITH_KNOTS('',3,(#4794,#4795,#4796,#4797,#4798),
 .UNSPECIFIED.,.F.,.F.,(4,1,4),(2.6379777400251E-18,0.00276444658282239,
0.00552889316564477),.UNSPECIFIED.);
#101=B_SPLINE_CURVE_WITH_KNOTS('',3,(#4904,#4905,#4906,#4907,#4908,#4909,
#4910),.UNSPECIFIED.,.F.,.F.,(4,1,1,1,4),(0.00271719856931464,0.00530673218303621,
0.00789626579675777,0.0104857994104793,0.0130753330242009),
 .UNSPECIFIED.);
#102=B_SPLINE_CURVE_WITH_KNOTS('',3,(#4914,#4915,#4916,#4917,#4918,#4919,
#4920,#4921,#4922,#4923,#4924),.UNSPECIFIED.,.T.,.F.,(1,1,1,1,1,1,1,1,1,
1,1,1,1,1,1),(-0.00234514474441859,-0.00156342982961239,-0.000781714914806195,
1.44922167396382E-18,0.000781714914806198,0.00156342982961239,0.00234514474441859,
0.00312685965922479,0.00390857457403098,0.00469028948883718,0.00547200440364338,
0.00625371931844957,0.00703543423325577,0.00781714914806196,0.00859886406286816),
 .UNSPECIFIED.);
#103=B_SPLINE_CURVE_WITH_KNOTS('',3,(#4932,#4933,#4934,#4935,#4936,#4937,
#4938,#4939,#4940,#4941,#4942),.UNSPECIFIED.,.T.,.F.,(1,1,1,1,1,1,1,1,1,
1,1,1,1,1,1),(-0.00234239092387455,-0.0015615939492497,-0.000780796974624852,
3.32649028976975E-19,0.000780796974624852,0.0015615939492497,0.00234239092387455,
0.00312318789849941,0.00390398487312426,0.00468478184774911,0.00546557882237396,
0.00624637579699881,0.00702717277162366,0.00780796974624851,0.00858876672087337),
 .UNSPECIFIED.);
#104=B_SPLINE_CURVE_WITH_KNOTS('',3,(#4945,#4946,#4947,#4948,#4949),
 .UNSPECIFIED.,.F.,.F.,(4,1,4),(0.,0.00269991402191463,0.00539982804382926),
 .UNSPECIFIED.);
#105=B_SPLINE_CURVE_WITH_KNOTS('',3,(#4950,#4951,#4952,#4953,#4954),
 .UNSPECIFIED.,.F.,.F.,(4,1,4),(0.,0.00269991401988232,0.00539982803976464),
 .UNSPECIFIED.);
#106=B_SPLINE_CURVE_WITH_KNOTS('',3,(#5033,#5034,#5035,#5036,#5037,#5038,
#5039,#5040,#5041,#5042,#5043),.UNSPECIFIED.,.T.,.F.,(1,1,1,1,1,1,1,1,1,
1,1,1,1,1,1),(-0.00234249083252745,-0.0015616605550183,-0.000780830277509151,
6.62995600718909E-19,0.000780830277509153,0.0015616605550183,0.00234249083252746,
0.00312332111003661,0.00390415138754576,0.00468498166505491,0.00546581194256406,
0.00624664222007322,0.00702747249758237,0.00780830277509152,0.00858913305260067),
 .UNSPECIFIED.);
#107=CYLINDRICAL_SURFACE('',#2745,0.0275521541655423);
#108=CYLINDRICAL_SURFACE('',#2749,0.0275521541655423);
#109=CYLINDRICAL_SURFACE('',#2752,0.027552154165551);
#110=CYLINDRICAL_SURFACE('',#2758,0.0252172258464264);
#111=CYLINDRICAL_SURFACE('',#2762,0.0252172258464286);
#112=CYLINDRICAL_SURFACE('',#2764,0.0275521541655108);
#113=CYLINDRICAL_SURFACE('',#2766,0.001575);
#114=CYLINDRICAL_SURFACE('',#2767,0.001575);
#115=CYLINDRICAL_SURFACE('',#2768,0.001575);
#116=CYLINDRICAL_SURFACE('',#2769,0.001575);
#117=CYLINDRICAL_SURFACE('',#2775,0.00105);
#118=CYLINDRICAL_SURFACE('',#2777,0.0035);
#119=CYLINDRICAL_SURFACE('',#2792,0.00105);
#120=CYLINDRICAL_SURFACE('',#2795,0.001075);
#121=CYLINDRICAL_SURFACE('',#2819,0.0342899999999993);
#122=CYLINDRICAL_SURFACE('',#2828,0.03429);
#123=CYLINDRICAL_SURFACE('',#2831,0.037465);
#124=CYLINDRICAL_SURFACE('',#2833,0.0374649999998141);
#125=CYLINDRICAL_SURFACE('',#2837,0.0374649999998103);
#126=CYLINDRICAL_SURFACE('',#2841,0.037465);
#127=CYLINDRICAL_SURFACE('',#2852,0.00055188922035849);
#128=CYLINDRICAL_SURFACE('',#2854,0.00055188922035849);
#129=CYLINDRICAL_SURFACE('',#2857,0.00055188922035849);
#130=CYLINDRICAL_SURFACE('',#2863,0.00055188922035849);
#131=CYLINDRICAL_SURFACE('',#2865,0.00055188922035849);
#132=CYLINDRICAL_SURFACE('',#2869,0.00055188922035849);
#133=CYLINDRICAL_SURFACE('',#2870,0.001575);
#134=CYLINDRICAL_SURFACE('',#2871,0.001575);
#135=CYLINDRICAL_SURFACE('',#2872,0.001575);
#136=CYLINDRICAL_SURFACE('',#2873,0.001575);
#137=CYLINDRICAL_SURFACE('',#2891,0.00105);
#138=CYLINDRICAL_SURFACE('',#2894,0.00105);
#139=CYLINDRICAL_SURFACE('',#2901,0.005);
#140=CYLINDRICAL_SURFACE('',#2903,0.016);
#141=CYLINDRICAL_SURFACE('',#2906,0.0085);
#142=CYLINDRICAL_SURFACE('',#2908,0.0085);
#143=CYLINDRICAL_SURFACE('',#2916,0.0075);
#144=CYLINDRICAL_SURFACE('',#2929,0.00155);
#145=CYLINDRICAL_SURFACE('',#2931,0.0085);
#146=CYLINDRICAL_SURFACE('',#2933,0.00155);
#147=CYLINDRICAL_SURFACE('',#2943,0.0085);
#148=CYLINDRICAL_SURFACE('',#2945,0.00155);
#149=CYLINDRICAL_SURFACE('',#2947,0.00155);
#150=CYLINDRICAL_SURFACE('',#2954,0.005);
#151=CYLINDRICAL_SURFACE('',#2956,0.001);
#152=CYLINDRICAL_SURFACE('',#2961,0.016);
#153=CYLINDRICAL_SURFACE('',#2968,0.01475);
#154=CYLINDRICAL_SURFACE('',#2969,0.00099882630207694);
#155=LINE('',#3674,#347);
#156=LINE('',#3677,#348);
#157=LINE('',#3679,#349);
#158=LINE('',#3681,#350);
#159=LINE('',#3683,#351);
#160=LINE('',#3687,#352);
#161=LINE('',#3690,#353);
#162=LINE('',#3692,#354);
#163=LINE('',#3694,#355);
#164=LINE('',#3696,#356);
#165=LINE('',#3698,#357);
#166=LINE('',#3702,#358);
#167=LINE('',#3704,#359);
#168=LINE('',#3706,#360);
#169=LINE('',#3709,#361);
#170=LINE('',#3711,#362);
#171=LINE('',#3713,#363);
#172=LINE('',#3715,#364);
#173=LINE('',#3718,#365);
#174=LINE('',#3720,#366);
#175=LINE('',#3722,#367);
#176=LINE('',#3724,#368);
#177=LINE('',#3726,#369);
#178=LINE('',#3728,#370);
#179=LINE('',#3731,#371);
#180=LINE('',#3733,#372);
#181=LINE('',#3735,#373);
#182=LINE('',#3737,#374);
#183=LINE('',#3738,#375);
#184=LINE('',#3740,#376);
#185=LINE('',#3742,#377);
#186=LINE('',#3743,#378);
#187=LINE('',#3744,#379);
#188=LINE('',#3746,#380);
#189=LINE('',#3747,#381);
#190=LINE('',#3749,#382);
#191=LINE('',#3752,#383);
#192=LINE('',#3756,#384);
#193=LINE('',#3760,#385);
#194=LINE('',#3764,#386);
#195=LINE('',#3767,#387);
#196=LINE('',#3769,#388);
#197=LINE('',#3773,#389);
#198=LINE('',#3775,#390);
#199=LINE('',#3779,#391);
#200=LINE('',#3782,#392);
#201=LINE('',#3786,#393);
#202=LINE('',#3788,#394);
#203=LINE('',#3791,#395);
#204=LINE('',#3794,#396);
#205=LINE('',#3798,#397);
#206=LINE('',#3802,#398);
#207=LINE('',#3806,#399);
#208=LINE('',#3810,#400);
#209=LINE('',#3814,#401);
#210=LINE('',#3815,#402);
#211=LINE('',#3817,#403);
#212=LINE('',#3821,#404);
#213=LINE('',#3826,#405);
#214=LINE('',#3828,#406);
#215=LINE('',#3829,#407);
#216=LINE('',#3830,#408);
#217=LINE('',#3832,#409);
#218=LINE('',#3836,#410);
#219=LINE('',#3838,#411);
#220=LINE('',#3842,#412);
#221=LINE('',#3844,#413);
#222=LINE('',#3845,#414);
#223=LINE('',#3849,#415);
#224=LINE('',#3863,#416);
#225=LINE('',#3867,#417);
#226=LINE('',#3869,#418);
#227=LINE('',#3893,#419);
#228=LINE('',#3895,#420);
#229=LINE('',#3897,#421);
#230=LINE('',#3899,#422);
#231=LINE('',#3901,#423);
#232=LINE('',#3925,#424);
#233=LINE('',#3927,#425);
#234=LINE('',#3930,#426);
#235=LINE('',#3932,#427);
#236=LINE('',#3933,#428);
#237=LINE('',#3935,#429);
#238=LINE('',#3937,#430);
#239=LINE('',#3939,#431);
#240=LINE('',#3940,#432);
#241=LINE('',#3942,#433);
#242=LINE('',#3944,#434);
#243=LINE('',#3945,#435);
#244=LINE('',#3947,#436);
#245=LINE('',#3948,#437);
#246=LINE('',#3961,#438);
#247=LINE('',#3965,#439);
#248=LINE('',#3968,#440);
#249=LINE('',#3970,#441);
#250=LINE('',#3972,#442);
#251=LINE('',#3974,#443);
#252=LINE('',#3976,#444);
#253=LINE('',#3978,#445);
#254=LINE('',#3980,#446);
#255=LINE('',#3982,#447);
#256=LINE('',#3997,#448);
#257=LINE('',#3999,#449);
#258=LINE('',#4006,#450);
#259=LINE('',#4013,#451);
#260=LINE('',#4015,#452);
#261=LINE('',#4018,#453);
#262=LINE('',#4020,#454);
#263=LINE('',#4022,#455);
#264=LINE('',#4024,#456);
#265=LINE('',#4026,#457);
#266=LINE('',#4027,#458);
#267=LINE('',#4034,#459);
#268=LINE('',#4035,#460);
#269=LINE('',#4039,#461);
#270=LINE('',#4041,#462);
#271=LINE('',#4055,#463);
#272=LINE('',#4057,#464);
#273=LINE('',#4076,#465);
#274=LINE('',#4140,#466);
#275=LINE('',#4146,#467);
#276=LINE('',#4148,#468);
#277=LINE('',#4153,#469);
#278=LINE('',#4157,#470);
#279=LINE('',#4161,#471);
#280=LINE('',#4165,#472);
#281=LINE('',#4168,#473);
#282=LINE('',#4172,#474);
#283=LINE('',#4176,#475);
#284=LINE('',#4181,#476);
#285=LINE('',#4182,#477);
#286=LINE('',#4198,#478);
#287=LINE('',#4201,#479);
#288=LINE('',#4202,#480);
#289=LINE('',#4203,#481);
#290=LINE('',#4208,#482);
#291=LINE('',#4212,#483);
#292=LINE('',#4218,#484);
#293=LINE('',#4220,#485);
#294=LINE('',#4236,#486);
#295=LINE('',#4241,#487);
#296=LINE('',#4245,#488);
#297=LINE('',#4249,#489);
#298=LINE('',#4251,#490);
#299=LINE('',#4255,#491);
#300=LINE('',#4259,#492);
#301=LINE('',#4261,#493);
#302=LINE('',#4265,#494);
#303=LINE('',#4269,#495);
#304=LINE('',#4273,#496);
#305=LINE('',#4276,#497);
#306=LINE('',#4279,#498);
#307=LINE('',#4280,#499);
#308=LINE('',#4282,#500);
#309=LINE('',#4285,#501);
#310=LINE('',#4286,#502);
#311=LINE('',#4288,#503);
#312=LINE('',#4290,#504);
#313=LINE('',#4292,#505);
#314=LINE('',#4294,#506);
#315=LINE('',#4297,#507);
#316=LINE('',#4299,#508);
#317=LINE('',#4323,#509);
#318=LINE('',#4326,#510);
#319=LINE('',#4327,#511);
#320=LINE('',#4330,#512);
#321=LINE('',#4332,#513);
#322=LINE('',#4334,#514);
#323=LINE('',#4336,#515);
#324=LINE('',#4338,#516);
#325=LINE('',#4340,#517);
#326=LINE('',#4342,#518);
#327=LINE('',#4344,#519);
#328=LINE('',#4346,#520);
#329=LINE('',#4348,#521);
#330=LINE('',#4350,#522);
#331=LINE('',#4352,#523);
#332=LINE('',#4354,#524);
#333=LINE('',#4356,#525);
#334=LINE('',#4358,#526);
#335=LINE('',#4360,#527);
#336=LINE('',#4362,#528);
#337=LINE('',#4364,#529);
#338=LINE('',#4366,#530);
#339=LINE('',#4368,#531);
#340=LINE('',#4370,#532);
#341=LINE('',#4372,#533);
#342=LINE('',#4374,#534);
#343=LINE('',#4376,#535);
#344=LINE('',#4387,#536);
#345=LINE('',#4389,#537);
#346=LINE('',#4391,#538);
#347=VECTOR('',#2976,1.);
#348=VECTOR('',#2977,1.);
#349=VECTOR('',#2978,1.);
#350=VECTOR('',#2979,1.);
#351=VECTOR('',#2980,1.);
#352=VECTOR('',#2985,1.);
#353=VECTOR('',#2986,1.);
#354=VECTOR('',#2987,1.);
#355=VECTOR('',#2988,1.);
#356=VECTOR('',#2991,1.);
#357=VECTOR('',#2992,1.);
#358=VECTOR('',#2995,1.);
#359=VECTOR('',#2996,1.);
#360=VECTOR('',#2999,1.);
#361=VECTOR('',#3000,1.);
#362=VECTOR('',#3001,1.);
#363=VECTOR('',#3002,1.);
#364=VECTOR('',#3005,1.);
#365=VECTOR('',#3006,1.);
#366=VECTOR('',#3007,1.);
#367=VECTOR('',#3008,1.);
#368=VECTOR('',#3009,1.);
#369=VECTOR('',#3010,1.);
#370=VECTOR('',#3013,1.);
#371=VECTOR('',#3014,1.);
#372=VECTOR('',#3015,1.);
#373=VECTOR('',#3016,1.);
#374=VECTOR('',#3017,1.);
#375=VECTOR('',#3018,1.);
#376=VECTOR('',#3021,1.);
#377=VECTOR('',#3022,1.);
#378=VECTOR('',#3023,1.);
#379=VECTOR('',#3024,1.);
#380=VECTOR('',#3027,1.);
#381=VECTOR('',#3028,1.);
#382=VECTOR('',#3031,1.);
#383=VECTOR('',#3034,1.);
#384=VECTOR('',#3037,1.);
#385=VECTOR('',#3040,1.);
#386=VECTOR('',#3043,1.);
#387=VECTOR('',#3046,1.);
#388=VECTOR('',#3047,1.);
#389=VECTOR('',#3050,1.);
#390=VECTOR('',#3051,1.);
#391=VECTOR('',#3056,1.);
#392=VECTOR('',#3057,1.);
#393=VECTOR('',#3060,1.);
#394=VECTOR('',#3061,1.);
#395=VECTOR('',#3064,1.);
#396=VECTOR('',#3065,1.);
#397=VECTOR('',#3068,1.);
#398=VECTOR('',#3071,1.);
#399=VECTOR('',#3074,1.);
#400=VECTOR('',#3077,1.);
#401=VECTOR('',#3082,1.);
#402=VECTOR('',#3083,1.);
#403=VECTOR('',#3086,1.);
#404=VECTOR('',#3091,1.);
#405=VECTOR('',#3094,1.);
#406=VECTOR('',#3095,1.);
#407=VECTOR('',#3096,1.);
#408=VECTOR('',#3097,1.);
#409=VECTOR('',#3100,1.);
#410=VECTOR('',#3105,1.);
#411=VECTOR('',#3108,1.);
#412=VECTOR('',#3113,1.);
#413=VECTOR('',#3116,1.);
#414=VECTOR('',#3117,1.);
#415=VECTOR('',#3122,1.);
#416=VECTOR('',#3125,1.);
#417=VECTOR('',#3130,1.);
#418=VECTOR('',#3133,1.);
#419=VECTOR('',#3154,1.);
#420=VECTOR('',#3155,1.);
#421=VECTOR('',#3156,1.);
#422=VECTOR('',#3159,1.);
#423=VECTOR('',#3162,1.);
#424=VECTOR('',#3189,1.);
#425=VECTOR('',#3192,1.);
#426=VECTOR('',#3193,1.);
#427=VECTOR('',#3194,1.);
#428=VECTOR('',#3195,1.);
#429=VECTOR('',#3196,1.);
#430=VECTOR('',#3197,1.);
#431=VECTOR('',#3198,1.);
#432=VECTOR('',#3199,1.);
#433=VECTOR('',#3202,1.);
#434=VECTOR('',#3205,1.);
#435=VECTOR('',#3206,1.);
#436=VECTOR('',#3209,1.);
#437=VECTOR('',#3210,1.);
#438=VECTOR('',#3231,1.);
#439=VECTOR('',#3238,1.);
#440=VECTOR('',#3239,1.);
#441=VECTOR('',#3240,1.);
#442=VECTOR('',#3241,1.);
#443=VECTOR('',#3242,1.);
#444=VECTOR('',#3243,1.);
#445=VECTOR('',#3244,1.);
#446=VECTOR('',#3245,1.);
#447=VECTOR('',#3246,1.);
#448=VECTOR('',#3247,1.);
#449=VECTOR('',#3248,1.);
#450=VECTOR('',#3249,1.);
#451=VECTOR('',#3250,1.);
#452=VECTOR('',#3253,1.);
#453=VECTOR('',#3254,1.);
#454=VECTOR('',#3255,1.);
#455=VECTOR('',#3256,1.);
#456=VECTOR('',#3257,1.);
#457=VECTOR('',#3260,1.);
#458=VECTOR('',#3261,1.);
#459=VECTOR('',#3262,1.);
#460=VECTOR('',#3263,1.);
#461=VECTOR('',#3268,1.);
#462=VECTOR('',#3269,1.);
#463=VECTOR('',#3270,1.);
#464=VECTOR('',#3273,1.);
#465=VECTOR('',#3274,1.);
#466=VECTOR('',#3279,1.);
#467=VECTOR('',#3280,1.);
#468=VECTOR('',#3281,1.);
#469=VECTOR('',#3286,1.);
#470=VECTOR('',#3289,1.);
#471=VECTOR('',#3292,1.);
#472=VECTOR('',#3295,1.);
#473=VECTOR('',#3298,1.);
#474=VECTOR('',#3301,1.);
#475=VECTOR('',#3304,1.);
#476=VECTOR('',#3309,1.);
#477=VECTOR('',#3310,1.);
#478=VECTOR('',#3315,1.);
#479=VECTOR('',#3316,1.);
#480=VECTOR('',#3317,1.);
#481=VECTOR('',#3318,1.);
#482=VECTOR('',#3321,1.);
#483=VECTOR('',#3324,1.);
#484=VECTOR('',#3331,1.);
#485=VECTOR('',#3332,1.);
#486=VECTOR('',#3337,1.);
#487=VECTOR('',#3344,1.);
#488=VECTOR('',#3349,1.);
#489=VECTOR('',#3354,1.);
#490=VECTOR('',#3355,1.);
#491=VECTOR('',#3360,1.);
#492=VECTOR('',#3365,1.);
#493=VECTOR('',#3366,1.);
#494=VECTOR('',#3371,1.);
#495=VECTOR('',#3376,1.);
#496=VECTOR('',#3381,1.);
#497=VECTOR('',#3386,1.);
#498=VECTOR('',#3387,1.);
#499=VECTOR('',#3388,1.);
#500=VECTOR('',#3391,1.);
#501=VECTOR('',#3392,1.);
#502=VECTOR('',#3393,1.);
#503=VECTOR('',#3396,1.);
#504=VECTOR('',#3397,1.);
#505=VECTOR('',#3398,1.);
#506=VECTOR('',#3401,1.);
#507=VECTOR('',#3402,1.);
#508=VECTOR('',#3403,1.);
#509=VECTOR('',#3450,1.);
#510=VECTOR('',#3455,1.);
#511=VECTOR('',#3456,1.);
#512=VECTOR('',#3461,1.);
#513=VECTOR('',#3462,1.);
#514=VECTOR('',#3463,1.);
#515=VECTOR('',#3466,1.);
#516=VECTOR('',#3467,1.);
#517=VECTOR('',#3470,1.);
#518=VECTOR('',#3471,1.);
#519=VECTOR('',#3474,1.);
#520=VECTOR('',#3475,1.);
#521=VECTOR('',#3478,1.);
#522=VECTOR('',#3479,1.);
#523=VECTOR('',#3482,1.);
#524=VECTOR('',#3483,1.);
#525=VECTOR('',#3486,1.);
#526=VECTOR('',#3487,1.);
#527=VECTOR('',#3490,1.);
#528=VECTOR('',#3491,1.);
#529=VECTOR('',#3494,1.);
#530=VECTOR('',#3495,1.);
#531=VECTOR('',#3498,1.);
#532=VECTOR('',#3499,1.);
#533=VECTOR('',#3502,1.);
#534=VECTOR('',#3503,1.);
#535=VECTOR('',#3506,1.);
#536=VECTOR('',#3523,1.);
#537=VECTOR('',#3526,1.);
#538=VECTOR('',#3527,1.);
#539=ORIENTED_EDGE('',*,*,#1253,.F.);
#540=ORIENTED_EDGE('',*,*,#1254,.F.);
#541=ORIENTED_EDGE('',*,*,#1255,.F.);
#542=ORIENTED_EDGE('',*,*,#1256,.T.);
#543=ORIENTED_EDGE('',*,*,#1257,.T.);
#544=ORIENTED_EDGE('',*,*,#1258,.T.);
#545=ORIENTED_EDGE('',*,*,#1259,.F.);
#546=ORIENTED_EDGE('',*,*,#1260,.F.);
#547=ORIENTED_EDGE('',*,*,#1261,.F.);
#548=ORIENTED_EDGE('',*,*,#1262,.T.);
#549=ORIENTED_EDGE('',*,*,#1263,.T.);
#550=ORIENTED_EDGE('',*,*,#1264,.F.);
#551=ORIENTED_EDGE('',*,*,#1258,.F.);
#552=ORIENTED_EDGE('',*,*,#1265,.F.);
#553=ORIENTED_EDGE('',*,*,#1266,.F.);
#554=ORIENTED_EDGE('',*,*,#1267,.F.);
#555=ORIENTED_EDGE('',*,*,#1268,.F.);
#556=ORIENTED_EDGE('',*,*,#1269,.T.);
#557=ORIENTED_EDGE('',*,*,#1270,.T.);
#558=ORIENTED_EDGE('',*,*,#1271,.F.);
#559=ORIENTED_EDGE('',*,*,#1272,.F.);
#560=ORIENTED_EDGE('',*,*,#1273,.F.);
#561=ORIENTED_EDGE('',*,*,#1274,.T.);
#562=ORIENTED_EDGE('',*,*,#1275,.T.);
#563=ORIENTED_EDGE('',*,*,#1276,.F.);
#564=ORIENTED_EDGE('',*,*,#1277,.F.);
#565=ORIENTED_EDGE('',*,*,#1278,.F.);
#566=ORIENTED_EDGE('',*,*,#1279,.F.);
#567=ORIENTED_EDGE('',*,*,#1280,.T.);
#568=ORIENTED_EDGE('',*,*,#1281,.F.);
#569=ORIENTED_EDGE('',*,*,#1282,.F.);
#570=ORIENTED_EDGE('',*,*,#1283,.F.);
#571=ORIENTED_EDGE('',*,*,#1273,.T.);
#572=ORIENTED_EDGE('',*,*,#1284,.T.);
#573=ORIENTED_EDGE('',*,*,#1285,.F.);
#574=ORIENTED_EDGE('',*,*,#1286,.T.);
#575=ORIENTED_EDGE('',*,*,#1263,.F.);
#576=ORIENTED_EDGE('',*,*,#1287,.T.);
#577=ORIENTED_EDGE('',*,*,#1271,.T.);
#578=ORIENTED_EDGE('',*,*,#1288,.F.);
#579=ORIENTED_EDGE('',*,*,#1282,.T.);
#580=ORIENTED_EDGE('',*,*,#1289,.F.);
#581=ORIENTED_EDGE('',*,*,#1277,.T.);
#582=ORIENTED_EDGE('',*,*,#1290,.F.);
#583=ORIENTED_EDGE('',*,*,#1256,.F.);
#584=ORIENTED_EDGE('',*,*,#1291,.F.);
#585=ORIENTED_EDGE('',*,*,#1292,.F.);
#586=ORIENTED_EDGE('',*,*,#1293,.T.);
#587=ORIENTED_EDGE('',*,*,#1294,.F.);
#588=ORIENTED_EDGE('',*,*,#1295,.T.);
#589=ORIENTED_EDGE('',*,*,#1296,.F.);
#590=ORIENTED_EDGE('',*,*,#1297,.F.);
#591=ORIENTED_EDGE('',*,*,#1298,.F.);
#592=ORIENTED_EDGE('',*,*,#1299,.F.);
#593=ORIENTED_EDGE('',*,*,#1257,.F.);
#594=ORIENTED_EDGE('',*,*,#1300,.T.);
#595=ORIENTED_EDGE('',*,*,#1301,.F.);
#596=ORIENTED_EDGE('',*,*,#1302,.F.);
#597=ORIENTED_EDGE('',*,*,#1303,.T.);
#598=ORIENTED_EDGE('',*,*,#1304,.F.);
#599=ORIENTED_EDGE('',*,*,#1305,.T.);
#600=ORIENTED_EDGE('',*,*,#1306,.T.);
#601=ORIENTED_EDGE('',*,*,#1307,.F.);
#602=ORIENTED_EDGE('',*,*,#1308,.T.);
#603=ORIENTED_EDGE('',*,*,#1309,.F.);
#604=ORIENTED_EDGE('',*,*,#1310,.T.);
#605=ORIENTED_EDGE('',*,*,#1311,.T.);
#606=ORIENTED_EDGE('',*,*,#1312,.F.);
#607=ORIENTED_EDGE('',*,*,#1313,.F.);
#608=ORIENTED_EDGE('',*,*,#1314,.T.);
#609=ORIENTED_EDGE('',*,*,#1315,.T.);
#610=ORIENTED_EDGE('',*,*,#1316,.T.);
#611=ORIENTED_EDGE('',*,*,#1317,.T.);
#612=ORIENTED_EDGE('',*,*,#1318,.F.);
#613=ORIENTED_EDGE('',*,*,#1319,.T.);
#614=ORIENTED_EDGE('',*,*,#1320,.F.);
#615=ORIENTED_EDGE('',*,*,#1321,.T.);
#616=ORIENTED_EDGE('',*,*,#1322,.F.);
#617=ORIENTED_EDGE('',*,*,#1323,.F.);
#618=ORIENTED_EDGE('',*,*,#1293,.F.);
#619=ORIENTED_EDGE('',*,*,#1324,.F.);
#620=ORIENTED_EDGE('',*,*,#1320,.T.);
#621=ORIENTED_EDGE('',*,*,#1325,.T.);
#622=ORIENTED_EDGE('',*,*,#1292,.T.);
#623=ORIENTED_EDGE('',*,*,#1266,.T.);
#624=ORIENTED_EDGE('',*,*,#1326,.F.);
#625=ORIENTED_EDGE('',*,*,#1321,.F.);
#626=ORIENTED_EDGE('',*,*,#1324,.T.);
#627=ORIENTED_EDGE('',*,*,#1327,.T.);
#628=ORIENTED_EDGE('',*,*,#1328,.F.);
#629=ORIENTED_EDGE('',*,*,#1329,.T.);
#630=ORIENTED_EDGE('',*,*,#1330,.F.);
#631=ORIENTED_EDGE('',*,*,#1331,.T.);
#632=ORIENTED_EDGE('',*,*,#1326,.T.);
#633=ORIENTED_EDGE('',*,*,#1265,.T.);
#634=ORIENTED_EDGE('',*,*,#1299,.T.);
#635=ORIENTED_EDGE('',*,*,#1332,.F.);
#636=ORIENTED_EDGE('',*,*,#1333,.F.);
#637=ORIENTED_EDGE('',*,*,#1298,.T.);
#638=ORIENTED_EDGE('',*,*,#1334,.F.);
#639=ORIENTED_EDGE('',*,*,#1315,.F.);
#640=ORIENTED_EDGE('',*,*,#1332,.T.);
#641=ORIENTED_EDGE('',*,*,#1335,.F.);
#642=ORIENTED_EDGE('',*,*,#1297,.T.);
#643=ORIENTED_EDGE('',*,*,#1336,.F.);
#644=ORIENTED_EDGE('',*,*,#1316,.F.);
#645=ORIENTED_EDGE('',*,*,#1334,.T.);
#646=ORIENTED_EDGE('',*,*,#1296,.T.);
#647=ORIENTED_EDGE('',*,*,#1337,.F.);
#648=ORIENTED_EDGE('',*,*,#1317,.F.);
#649=ORIENTED_EDGE('',*,*,#1336,.T.);
#650=ORIENTED_EDGE('',*,*,#1338,.F.);
#651=ORIENTED_EDGE('',*,*,#1295,.F.);
#652=ORIENTED_EDGE('',*,*,#1339,.F.);
#653=ORIENTED_EDGE('',*,*,#1318,.T.);
#654=ORIENTED_EDGE('',*,*,#1337,.T.);
#655=ORIENTED_EDGE('',*,*,#1305,.F.);
#656=ORIENTED_EDGE('',*,*,#1340,.F.);
#657=ORIENTED_EDGE('',*,*,#1307,.T.);
#658=ORIENTED_EDGE('',*,*,#1341,.T.);
#659=ORIENTED_EDGE('',*,*,#1342,.T.);
#660=ORIENTED_EDGE('',*,*,#1304,.T.);
#661=ORIENTED_EDGE('',*,*,#1343,.F.);
#662=ORIENTED_EDGE('',*,*,#1308,.F.);
#663=ORIENTED_EDGE('',*,*,#1340,.T.);
#664=ORIENTED_EDGE('',*,*,#1344,.F.);
#665=ORIENTED_EDGE('',*,*,#1303,.F.);
#666=ORIENTED_EDGE('',*,*,#1345,.F.);
#667=ORIENTED_EDGE('',*,*,#1309,.T.);
#668=ORIENTED_EDGE('',*,*,#1343,.T.);
#669=ORIENTED_EDGE('',*,*,#1346,.T.);
#670=ORIENTED_EDGE('',*,*,#1302,.T.);
#671=ORIENTED_EDGE('',*,*,#1347,.F.);
#672=ORIENTED_EDGE('',*,*,#1310,.F.);
#673=ORIENTED_EDGE('',*,*,#1345,.T.);
#674=ORIENTED_EDGE('',*,*,#1301,.T.);
#675=ORIENTED_EDGE('',*,*,#1348,.F.);
#676=ORIENTED_EDGE('',*,*,#1311,.F.);
#677=ORIENTED_EDGE('',*,*,#1347,.T.);
#678=ORIENTED_EDGE('',*,*,#1349,.F.);
#679=ORIENTED_EDGE('',*,*,#1306,.F.);
#680=ORIENTED_EDGE('',*,*,#1341,.F.);
#681=ORIENTED_EDGE('',*,*,#1312,.T.);
#682=ORIENTED_EDGE('',*,*,#1348,.T.);
#683=ORIENTED_EDGE('',*,*,#1300,.F.);
#684=ORIENTED_EDGE('',*,*,#1350,.F.);
#685=ORIENTED_EDGE('',*,*,#1294,.T.);
#686=ORIENTED_EDGE('',*,*,#1325,.F.);
#687=ORIENTED_EDGE('',*,*,#1319,.F.);
#688=ORIENTED_EDGE('',*,*,#1339,.T.);
#689=ORIENTED_EDGE('',*,*,#1290,.T.);
#690=ORIENTED_EDGE('',*,*,#1276,.T.);
#691=ORIENTED_EDGE('',*,*,#1350,.T.);
#692=ORIENTED_EDGE('',*,*,#1349,.T.);
#693=ORIENTED_EDGE('',*,*,#1327,.F.);
#694=ORIENTED_EDGE('',*,*,#1338,.T.);
#695=ORIENTED_EDGE('',*,*,#1344,.T.);
#696=ORIENTED_EDGE('',*,*,#1335,.T.);
#697=ORIENTED_EDGE('',*,*,#1346,.F.);
#698=ORIENTED_EDGE('',*,*,#1323,.T.);
#699=ORIENTED_EDGE('',*,*,#1342,.F.);
#700=ORIENTED_EDGE('',*,*,#1351,.F.);
#701=ORIENTED_EDGE('',*,*,#1313,.T.);
#702=ORIENTED_EDGE('',*,*,#1352,.F.);
#703=ORIENTED_EDGE('',*,*,#1353,.F.);
#704=ORIENTED_EDGE('',*,*,#1354,.T.);
#705=ORIENTED_EDGE('',*,*,#1322,.T.);
#706=ORIENTED_EDGE('',*,*,#1331,.F.);
#707=ORIENTED_EDGE('',*,*,#1355,.F.);
#708=ORIENTED_EDGE('',*,*,#1352,.T.);
#709=ORIENTED_EDGE('',*,*,#1314,.F.);
#710=ORIENTED_EDGE('',*,*,#1354,.F.);
#711=ORIENTED_EDGE('',*,*,#1356,.T.);
#712=ORIENTED_EDGE('',*,*,#1333,.T.);
#713=ORIENTED_EDGE('',*,*,#1353,.T.);
#714=ORIENTED_EDGE('',*,*,#1355,.T.);
#715=ORIENTED_EDGE('',*,*,#1330,.T.);
#716=ORIENTED_EDGE('',*,*,#1357,.T.);
#717=ORIENTED_EDGE('',*,*,#1328,.T.);
#718=ORIENTED_EDGE('',*,*,#1356,.F.);
#719=ORIENTED_EDGE('',*,*,#1358,.T.);
#720=ORIENTED_EDGE('',*,*,#1351,.T.);
#721=ORIENTED_EDGE('',*,*,#1359,.T.);
#722=ORIENTED_EDGE('',*,*,#1360,.T.);
#723=ORIENTED_EDGE('',*,*,#1361,.T.);
#724=ORIENTED_EDGE('',*,*,#1362,.T.);
#725=ORIENTED_EDGE('',*,*,#1359,.F.);
#726=ORIENTED_EDGE('',*,*,#1357,.F.);
#727=ORIENTED_EDGE('',*,*,#1329,.F.);
#728=ORIENTED_EDGE('',*,*,#1358,.F.);
#729=ORIENTED_EDGE('',*,*,#1361,.F.);
#730=ORIENTED_EDGE('',*,*,#1362,.F.);
#731=ORIENTED_EDGE('',*,*,#1360,.F.);
#732=ORIENTED_EDGE('',*,*,#1287,.F.);
#733=ORIENTED_EDGE('',*,*,#1262,.F.);
#734=ORIENTED_EDGE('',*,*,#1363,.T.);
#735=ORIENTED_EDGE('',*,*,#1272,.T.);
#736=ORIENTED_EDGE('',*,*,#1364,.F.);
#737=ORIENTED_EDGE('',*,*,#1365,.T.);
#738=ORIENTED_EDGE('',*,*,#1366,.T.);
#739=ORIENTED_EDGE('',*,*,#1268,.T.);
#740=ORIENTED_EDGE('',*,*,#1367,.F.);
#741=ORIENTED_EDGE('',*,*,#1368,.T.);
#742=ORIENTED_EDGE('',*,*,#1369,.F.);
#743=ORIENTED_EDGE('',*,*,#1370,.T.);
#744=ORIENTED_EDGE('',*,*,#1285,.T.);
#745=ORIENTED_EDGE('',*,*,#1281,.T.);
#746=ORIENTED_EDGE('',*,*,#1371,.T.);
#747=ORIENTED_EDGE('',*,*,#1275,.F.);
#748=ORIENTED_EDGE('',*,*,#1372,.T.);
#749=ORIENTED_EDGE('',*,*,#1367,.T.);
#750=ORIENTED_EDGE('',*,*,#1267,.T.);
#751=ORIENTED_EDGE('',*,*,#1291,.T.);
#752=ORIENTED_EDGE('',*,*,#1373,.F.);
#753=ORIENTED_EDGE('',*,*,#1369,.T.);
#754=ORIENTED_EDGE('',*,*,#1374,.F.);
#755=ORIENTED_EDGE('',*,*,#1269,.F.);
#756=ORIENTED_EDGE('',*,*,#1363,.F.);
#757=ORIENTED_EDGE('',*,*,#1261,.T.);
#758=ORIENTED_EDGE('',*,*,#1365,.F.);
#759=ORIENTED_EDGE('',*,*,#1375,.T.);
#760=ORIENTED_EDGE('',*,*,#1284,.F.);
#761=ORIENTED_EDGE('',*,*,#1278,.T.);
#762=ORIENTED_EDGE('',*,*,#1289,.T.);
#763=ORIENTED_EDGE('',*,*,#1255,.T.);
#764=ORIENTED_EDGE('',*,*,#1376,.T.);
#765=ORIENTED_EDGE('',*,*,#1374,.T.);
#766=ORIENTED_EDGE('',*,*,#1368,.F.);
#767=ORIENTED_EDGE('',*,*,#1372,.F.);
#768=ORIENTED_EDGE('',*,*,#1274,.F.);
#769=ORIENTED_EDGE('',*,*,#1283,.T.);
#770=ORIENTED_EDGE('',*,*,#1288,.T.);
#771=ORIENTED_EDGE('',*,*,#1270,.F.);
#772=ORIENTED_EDGE('',*,*,#1377,.F.);
#773=ORIENTED_EDGE('',*,*,#1259,.T.);
#774=ORIENTED_EDGE('',*,*,#1377,.T.);
#775=ORIENTED_EDGE('',*,*,#1378,.F.);
#776=ORIENTED_EDGE('',*,*,#1253,.T.);
#777=ORIENTED_EDGE('',*,*,#1378,.T.);
#778=ORIENTED_EDGE('',*,*,#1254,.T.);
#779=ORIENTED_EDGE('',*,*,#1264,.T.);
#780=ORIENTED_EDGE('',*,*,#1366,.F.);
#781=ORIENTED_EDGE('',*,*,#1376,.F.);
#782=ORIENTED_EDGE('',*,*,#1370,.F.);
#783=ORIENTED_EDGE('',*,*,#1373,.T.);
#784=ORIENTED_EDGE('',*,*,#1260,.T.);
#785=ORIENTED_EDGE('',*,*,#1286,.F.);
#786=ORIENTED_EDGE('',*,*,#1379,.F.);
#787=ORIENTED_EDGE('',*,*,#1371,.F.);
#788=ORIENTED_EDGE('',*,*,#1280,.F.);
#789=ORIENTED_EDGE('',*,*,#1279,.T.);
#790=ORIENTED_EDGE('',*,*,#1375,.F.);
#791=ORIENTED_EDGE('',*,*,#1364,.T.);
#792=ORIENTED_EDGE('',*,*,#1379,.T.);
#793=ORIENTED_EDGE('',*,*,#1380,.T.);
#794=ORIENTED_EDGE('',*,*,#1381,.T.);
#795=ORIENTED_EDGE('',*,*,#1382,.T.);
#796=ORIENTED_EDGE('',*,*,#1383,.T.);
#797=ORIENTED_EDGE('',*,*,#1384,.F.);
#798=ORIENTED_EDGE('',*,*,#1385,.F.);
#799=ORIENTED_EDGE('',*,*,#1386,.T.);
#800=ORIENTED_EDGE('',*,*,#1387,.T.);
#801=ORIENTED_EDGE('',*,*,#1388,.T.);
#802=ORIENTED_EDGE('',*,*,#1389,.F.);
#803=ORIENTED_EDGE('',*,*,#1390,.F.);
#804=ORIENTED_EDGE('',*,*,#1391,.T.);
#805=ORIENTED_EDGE('',*,*,#1392,.F.);
#806=ORIENTED_EDGE('',*,*,#1393,.T.);
#807=ORIENTED_EDGE('',*,*,#1394,.T.);
#808=ORIENTED_EDGE('',*,*,#1395,.F.);
#809=ORIENTED_EDGE('',*,*,#1396,.F.);
#810=ORIENTED_EDGE('',*,*,#1397,.F.);
#811=ORIENTED_EDGE('',*,*,#1398,.T.);
#812=ORIENTED_EDGE('',*,*,#1399,.F.);
#813=ORIENTED_EDGE('',*,*,#1400,.T.);
#814=ORIENTED_EDGE('',*,*,#1401,.F.);
#815=ORIENTED_EDGE('',*,*,#1396,.T.);
#816=ORIENTED_EDGE('',*,*,#1402,.T.);
#817=ORIENTED_EDGE('',*,*,#1403,.T.);
#818=ORIENTED_EDGE('',*,*,#1404,.F.);
#819=ORIENTED_EDGE('',*,*,#1386,.F.);
#820=ORIENTED_EDGE('',*,*,#1405,.T.);
#821=ORIENTED_EDGE('',*,*,#1392,.T.);
#822=ORIENTED_EDGE('',*,*,#1406,.F.);
#823=ORIENTED_EDGE('',*,*,#1407,.T.);
#824=ORIENTED_EDGE('',*,*,#1408,.T.);
#825=ORIENTED_EDGE('',*,*,#1387,.F.);
#826=ORIENTED_EDGE('',*,*,#1404,.T.);
#827=ORIENTED_EDGE('',*,*,#1409,.F.);
#828=ORIENTED_EDGE('',*,*,#1407,.F.);
#829=ORIENTED_EDGE('',*,*,#1403,.F.);
#830=ORIENTED_EDGE('',*,*,#1410,.F.);
#831=ORIENTED_EDGE('',*,*,#1400,.F.);
#832=ORIENTED_EDGE('',*,*,#1411,.F.);
#833=ORIENTED_EDGE('',*,*,#1410,.T.);
#834=ORIENTED_EDGE('',*,*,#1402,.F.);
#835=ORIENTED_EDGE('',*,*,#1412,.F.);
#836=ORIENTED_EDGE('',*,*,#1395,.T.);
#837=ORIENTED_EDGE('',*,*,#1413,.T.);
#838=ORIENTED_EDGE('',*,*,#1414,.F.);
#839=ORIENTED_EDGE('',*,*,#1415,.F.);
#840=ORIENTED_EDGE('',*,*,#1416,.F.);
#841=ORIENTED_EDGE('',*,*,#1417,.F.);
#842=ORIENTED_EDGE('',*,*,#1418,.F.);
#843=ORIENTED_EDGE('',*,*,#1419,.F.);
#844=ORIENTED_EDGE('',*,*,#1420,.F.);
#845=ORIENTED_EDGE('',*,*,#1421,.F.);
#846=ORIENTED_EDGE('',*,*,#1422,.F.);
#847=ORIENTED_EDGE('',*,*,#1423,.F.);
#848=ORIENTED_EDGE('',*,*,#1424,.F.);
#849=ORIENTED_EDGE('',*,*,#1425,.F.);
#850=ORIENTED_EDGE('',*,*,#1426,.F.);
#851=ORIENTED_EDGE('',*,*,#1427,.F.);
#852=ORIENTED_EDGE('',*,*,#1383,.F.);
#853=ORIENTED_EDGE('',*,*,#1428,.T.);
#854=ORIENTED_EDGE('',*,*,#1429,.F.);
#855=ORIENTED_EDGE('',*,*,#1414,.T.);
#856=ORIENTED_EDGE('',*,*,#1430,.F.);
#857=ORIENTED_EDGE('',*,*,#1431,.F.);
#858=ORIENTED_EDGE('',*,*,#1432,.T.);
#859=ORIENTED_EDGE('',*,*,#1433,.T.);
#860=ORIENTED_EDGE('',*,*,#1434,.T.);
#861=ORIENTED_EDGE('',*,*,#1435,.F.);
#862=ORIENTED_EDGE('',*,*,#1436,.T.);
#863=ORIENTED_EDGE('',*,*,#1437,.F.);
#864=ORIENTED_EDGE('',*,*,#1438,.T.);
#865=ORIENTED_EDGE('',*,*,#1439,.T.);
#866=ORIENTED_EDGE('',*,*,#1440,.F.);
#867=ORIENTED_EDGE('',*,*,#1430,.T.);
#868=ORIENTED_EDGE('',*,*,#1413,.F.);
#869=ORIENTED_EDGE('',*,*,#1394,.F.);
#870=ORIENTED_EDGE('',*,*,#1441,.F.);
#871=ORIENTED_EDGE('',*,*,#1442,.F.);
#872=ORIENTED_EDGE('',*,*,#1443,.T.);
#873=ORIENTED_EDGE('',*,*,#1444,.F.);
#874=ORIENTED_EDGE('',*,*,#1445,.T.);
#875=ORIENTED_EDGE('',*,*,#1446,.F.);
#876=ORIENTED_EDGE('',*,*,#1447,.F.);
#877=ORIENTED_EDGE('',*,*,#1444,.T.);
#878=ORIENTED_EDGE('',*,*,#1448,.T.);
#879=ORIENTED_EDGE('',*,*,#1449,.T.);
#880=ORIENTED_EDGE('',*,*,#1450,.F.);
#881=ORIENTED_EDGE('',*,*,#1451,.T.);
#882=ORIENTED_EDGE('',*,*,#1452,.F.);
#883=ORIENTED_EDGE('',*,*,#1433,.F.);
#884=ORIENTED_EDGE('',*,*,#1453,.T.);
#885=ORIENTED_EDGE('',*,*,#1454,.F.);
#886=ORIENTED_EDGE('',*,*,#1455,.T.);
#887=ORIENTED_EDGE('',*,*,#1456,.F.);
#888=ORIENTED_EDGE('',*,*,#1457,.T.);
#889=ORIENTED_EDGE('',*,*,#1458,.F.);
#890=ORIENTED_EDGE('',*,*,#1459,.T.);
#891=ORIENTED_EDGE('',*,*,#1460,.T.);
#892=ORIENTED_EDGE('',*,*,#1461,.T.);
#893=ORIENTED_EDGE('',*,*,#1462,.F.);
#894=ORIENTED_EDGE('',*,*,#1445,.F.);
#895=ORIENTED_EDGE('',*,*,#1447,.T.);
#896=ORIENTED_EDGE('',*,*,#1463,.F.);
#897=ORIENTED_EDGE('',*,*,#1464,.F.);
#898=ORIENTED_EDGE('',*,*,#1465,.F.);
#899=ORIENTED_EDGE('',*,*,#1442,.T.);
#900=ORIENTED_EDGE('',*,*,#1466,.T.);
#901=ORIENTED_EDGE('',*,*,#1440,.T.);
#902=ORIENTED_EDGE('',*,*,#1462,.T.);
#903=ORIENTED_EDGE('',*,*,#1467,.T.);
#904=ORIENTED_EDGE('',*,*,#1453,.F.);
#905=ORIENTED_EDGE('',*,*,#1432,.F.);
#906=ORIENTED_EDGE('',*,*,#1468,.T.);
#907=ORIENTED_EDGE('',*,*,#1469,.T.);
#908=ORIENTED_EDGE('',*,*,#1470,.F.);
#909=ORIENTED_EDGE('',*,*,#1434,.F.);
#910=ORIENTED_EDGE('',*,*,#1452,.T.);
#911=ORIENTED_EDGE('',*,*,#1471,.T.);
#912=ORIENTED_EDGE('',*,*,#1472,.F.);
#913=ORIENTED_EDGE('',*,*,#1473,.F.);
#914=ORIENTED_EDGE('',*,*,#1435,.T.);
#915=ORIENTED_EDGE('',*,*,#1470,.T.);
#916=ORIENTED_EDGE('',*,*,#1474,.T.);
#917=ORIENTED_EDGE('',*,*,#1475,.F.);
#918=ORIENTED_EDGE('',*,*,#1436,.F.);
#919=ORIENTED_EDGE('',*,*,#1473,.T.);
#920=ORIENTED_EDGE('',*,*,#1476,.F.);
#921=ORIENTED_EDGE('',*,*,#1477,.F.);
#922=ORIENTED_EDGE('',*,*,#1478,.F.);
#923=ORIENTED_EDGE('',*,*,#1437,.T.);
#924=ORIENTED_EDGE('',*,*,#1475,.T.);
#925=ORIENTED_EDGE('',*,*,#1479,.T.);
#926=ORIENTED_EDGE('',*,*,#1480,.F.);
#927=ORIENTED_EDGE('',*,*,#1438,.F.);
#928=ORIENTED_EDGE('',*,*,#1478,.T.);
#929=ORIENTED_EDGE('',*,*,#1481,.T.);
#930=ORIENTED_EDGE('',*,*,#1482,.T.);
#931=ORIENTED_EDGE('',*,*,#1468,.F.);
#932=ORIENTED_EDGE('',*,*,#1439,.F.);
#933=ORIENTED_EDGE('',*,*,#1480,.T.);
#934=ORIENTED_EDGE('',*,*,#1483,.T.);
#935=ORIENTED_EDGE('',*,*,#1484,.T.);
#936=ORIENTED_EDGE('',*,*,#1448,.F.);
#937=ORIENTED_EDGE('',*,*,#1443,.F.);
#938=ORIENTED_EDGE('',*,*,#1465,.T.);
#939=ORIENTED_EDGE('',*,*,#1467,.F.);
#940=ORIENTED_EDGE('',*,*,#1482,.F.);
#941=ORIENTED_EDGE('',*,*,#1479,.F.);
#942=ORIENTED_EDGE('',*,*,#1477,.T.);
#943=ORIENTED_EDGE('',*,*,#1474,.F.);
#944=ORIENTED_EDGE('',*,*,#1472,.T.);
#945=ORIENTED_EDGE('',*,*,#1469,.F.);
#946=ORIENTED_EDGE('',*,*,#1451,.F.);
#947=ORIENTED_EDGE('',*,*,#1446,.T.);
#948=ORIENTED_EDGE('',*,*,#1484,.F.);
#949=ORIENTED_EDGE('',*,*,#1464,.T.);
#950=ORIENTED_EDGE('',*,*,#1461,.F.);
#951=ORIENTED_EDGE('',*,*,#1485,.T.);
#952=ORIENTED_EDGE('',*,*,#1486,.T.);
#953=ORIENTED_EDGE('',*,*,#1454,.T.);
#954=ORIENTED_EDGE('',*,*,#1487,.T.);
#955=ORIENTED_EDGE('',*,*,#1488,.T.);
#956=ORIENTED_EDGE('',*,*,#1489,.T.);
#957=ORIENTED_EDGE('',*,*,#1458,.T.);
#958=ORIENTED_EDGE('',*,*,#1490,.T.);
#959=ORIENTED_EDGE('',*,*,#1456,.T.);
#960=ORIENTED_EDGE('',*,*,#1491,.T.);
#961=ORIENTED_EDGE('',*,*,#1492,.T.);
#962=ORIENTED_EDGE('',*,*,#1493,.T.);
#963=ORIENTED_EDGE('',*,*,#1494,.T.);
#964=ORIENTED_EDGE('',*,*,#1495,.T.);
#965=ORIENTED_EDGE('',*,*,#1496,.T.);
#966=ORIENTED_EDGE('',*,*,#1457,.F.);
#967=ORIENTED_EDGE('',*,*,#1493,.F.);
#968=ORIENTED_EDGE('',*,*,#1497,.F.);
#969=ORIENTED_EDGE('',*,*,#1490,.F.);
#970=ORIENTED_EDGE('',*,*,#1498,.F.);
#971=ORIENTED_EDGE('',*,*,#1488,.F.);
#972=ORIENTED_EDGE('',*,*,#1499,.F.);
#973=ORIENTED_EDGE('',*,*,#1495,.F.);
#974=ORIENTED_EDGE('',*,*,#1459,.F.);
#975=ORIENTED_EDGE('',*,*,#1489,.F.);
#976=ORIENTED_EDGE('',*,*,#1500,.F.);
#977=ORIENTED_EDGE('',*,*,#1487,.F.);
#978=ORIENTED_EDGE('',*,*,#1499,.T.);
#979=ORIENTED_EDGE('',*,*,#1497,.T.);
#980=ORIENTED_EDGE('',*,*,#1501,.F.);
#981=ORIENTED_EDGE('',*,*,#1500,.T.);
#982=ORIENTED_EDGE('',*,*,#1498,.T.);
#983=ORIENTED_EDGE('',*,*,#1502,.F.);
#984=ORIENTED_EDGE('',*,*,#1501,.T.);
#985=ORIENTED_EDGE('',*,*,#1492,.F.);
#986=ORIENTED_EDGE('',*,*,#1503,.F.);
#987=ORIENTED_EDGE('',*,*,#1496,.F.);
#988=ORIENTED_EDGE('',*,*,#1502,.T.);
#989=ORIENTED_EDGE('',*,*,#1494,.F.);
#990=ORIENTED_EDGE('',*,*,#1504,.F.);
#991=ORIENTED_EDGE('',*,*,#1485,.F.);
#992=ORIENTED_EDGE('',*,*,#1504,.T.);
#993=ORIENTED_EDGE('',*,*,#1503,.T.);
#994=ORIENTED_EDGE('',*,*,#1505,.F.);
#995=ORIENTED_EDGE('',*,*,#1505,.T.);
#996=ORIENTED_EDGE('',*,*,#1491,.F.);
#997=ORIENTED_EDGE('',*,*,#1455,.F.);
#998=ORIENTED_EDGE('',*,*,#1486,.F.);
#999=ORIENTED_EDGE('',*,*,#1476,.T.);
#1000=ORIENTED_EDGE('',*,*,#1483,.F.);
#1001=ORIENTED_EDGE('',*,*,#1450,.T.);
#1002=ORIENTED_EDGE('',*,*,#1460,.F.);
#1003=ORIENTED_EDGE('',*,*,#1463,.T.);
#1004=ORIENTED_EDGE('',*,*,#1481,.F.);
#1005=ORIENTED_EDGE('',*,*,#1449,.F.);
#1006=ORIENTED_EDGE('',*,*,#1471,.F.);
#1007=ORIENTED_EDGE('',*,*,#1506,.T.);
#1008=ORIENTED_EDGE('',*,*,#1441,.T.);
#1009=ORIENTED_EDGE('',*,*,#1393,.F.);
#1010=ORIENTED_EDGE('',*,*,#1405,.F.);
#1011=ORIENTED_EDGE('',*,*,#1385,.T.);
#1012=ORIENTED_EDGE('',*,*,#1466,.F.);
#1013=ORIENTED_EDGE('',*,*,#1506,.F.);
#1014=ORIENTED_EDGE('',*,*,#1384,.T.);
#1015=ORIENTED_EDGE('',*,*,#1431,.T.);
#1016=ORIENTED_EDGE('',*,*,#1381,.F.);
#1017=ORIENTED_EDGE('',*,*,#1507,.T.);
#1018=ORIENTED_EDGE('',*,*,#1389,.T.);
#1019=ORIENTED_EDGE('',*,*,#1412,.T.);
#1020=ORIENTED_EDGE('',*,*,#1508,.F.);
#1021=ORIENTED_EDGE('',*,*,#1508,.T.);
#1022=ORIENTED_EDGE('',*,*,#1429,.T.);
#1023=ORIENTED_EDGE('',*,*,#1428,.F.);
#1024=ORIENTED_EDGE('',*,*,#1382,.F.);
#1025=ORIENTED_EDGE('',*,*,#1509,.T.);
#1026=ORIENTED_EDGE('',*,*,#1415,.T.);
#1027=ORIENTED_EDGE('',*,*,#1510,.F.);
#1028=ORIENTED_EDGE('',*,*,#1511,.F.);
#1029=ORIENTED_EDGE('',*,*,#1512,.T.);
#1030=ORIENTED_EDGE('',*,*,#1416,.T.);
#1031=ORIENTED_EDGE('',*,*,#1509,.F.);
#1032=ORIENTED_EDGE('',*,*,#1513,.F.);
#1033=ORIENTED_EDGE('',*,*,#1514,.T.);
#1034=ORIENTED_EDGE('',*,*,#1417,.T.);
#1035=ORIENTED_EDGE('',*,*,#1512,.F.);
#1036=ORIENTED_EDGE('',*,*,#1515,.F.);
#1037=ORIENTED_EDGE('',*,*,#1516,.T.);
#1038=ORIENTED_EDGE('',*,*,#1418,.T.);
#1039=ORIENTED_EDGE('',*,*,#1514,.F.);
#1040=ORIENTED_EDGE('',*,*,#1517,.F.);
#1041=ORIENTED_EDGE('',*,*,#1518,.T.);
#1042=ORIENTED_EDGE('',*,*,#1419,.T.);
#1043=ORIENTED_EDGE('',*,*,#1516,.F.);
#1044=ORIENTED_EDGE('',*,*,#1519,.F.);
#1045=ORIENTED_EDGE('',*,*,#1520,.T.);
#1046=ORIENTED_EDGE('',*,*,#1420,.T.);
#1047=ORIENTED_EDGE('',*,*,#1518,.F.);
#1048=ORIENTED_EDGE('',*,*,#1521,.F.);
#1049=ORIENTED_EDGE('',*,*,#1522,.T.);
#1050=ORIENTED_EDGE('',*,*,#1421,.T.);
#1051=ORIENTED_EDGE('',*,*,#1520,.F.);
#1052=ORIENTED_EDGE('',*,*,#1523,.F.);
#1053=ORIENTED_EDGE('',*,*,#1524,.T.);
#1054=ORIENTED_EDGE('',*,*,#1422,.T.);
#1055=ORIENTED_EDGE('',*,*,#1522,.F.);
#1056=ORIENTED_EDGE('',*,*,#1525,.F.);
#1057=ORIENTED_EDGE('',*,*,#1526,.T.);
#1058=ORIENTED_EDGE('',*,*,#1423,.T.);
#1059=ORIENTED_EDGE('',*,*,#1524,.F.);
#1060=ORIENTED_EDGE('',*,*,#1527,.F.);
#1061=ORIENTED_EDGE('',*,*,#1528,.T.);
#1062=ORIENTED_EDGE('',*,*,#1424,.T.);
#1063=ORIENTED_EDGE('',*,*,#1526,.F.);
#1064=ORIENTED_EDGE('',*,*,#1529,.F.);
#1065=ORIENTED_EDGE('',*,*,#1530,.T.);
#1066=ORIENTED_EDGE('',*,*,#1425,.T.);
#1067=ORIENTED_EDGE('',*,*,#1528,.F.);
#1068=ORIENTED_EDGE('',*,*,#1531,.F.);
#1069=ORIENTED_EDGE('',*,*,#1510,.T.);
#1070=ORIENTED_EDGE('',*,*,#1426,.T.);
#1071=ORIENTED_EDGE('',*,*,#1530,.F.);
#1072=ORIENTED_EDGE('',*,*,#1532,.F.);
#1073=ORIENTED_EDGE('',*,*,#1511,.T.);
#1074=ORIENTED_EDGE('',*,*,#1532,.T.);
#1075=ORIENTED_EDGE('',*,*,#1531,.T.);
#1076=ORIENTED_EDGE('',*,*,#1529,.T.);
#1077=ORIENTED_EDGE('',*,*,#1527,.T.);
#1078=ORIENTED_EDGE('',*,*,#1525,.T.);
#1079=ORIENTED_EDGE('',*,*,#1523,.T.);
#1080=ORIENTED_EDGE('',*,*,#1521,.T.);
#1081=ORIENTED_EDGE('',*,*,#1519,.T.);
#1082=ORIENTED_EDGE('',*,*,#1517,.T.);
#1083=ORIENTED_EDGE('',*,*,#1515,.T.);
#1084=ORIENTED_EDGE('',*,*,#1513,.T.);
#1085=ORIENTED_EDGE('',*,*,#1533,.F.);
#1086=ORIENTED_EDGE('',*,*,#1427,.T.);
#1087=ORIENTED_EDGE('',*,*,#1533,.T.);
#1088=ORIENTED_EDGE('',*,*,#1534,.F.);
#1089=ORIENTED_EDGE('',*,*,#1406,.T.);
#1090=ORIENTED_EDGE('',*,*,#1534,.T.);
#1091=ORIENTED_EDGE('',*,*,#1409,.T.);
#1092=ORIENTED_EDGE('',*,*,#1411,.T.);
#1093=ORIENTED_EDGE('',*,*,#1399,.T.);
#1094=ORIENTED_EDGE('',*,*,#1398,.F.);
#1095=ORIENTED_EDGE('',*,*,#1535,.F.);
#1096=ORIENTED_EDGE('',*,*,#1388,.F.);
#1097=ORIENTED_EDGE('',*,*,#1408,.F.);
#1098=ORIENTED_EDGE('',*,*,#1390,.T.);
#1099=ORIENTED_EDGE('',*,*,#1507,.F.);
#1100=ORIENTED_EDGE('',*,*,#1380,.F.);
#1101=ORIENTED_EDGE('',*,*,#1535,.T.);
#1102=ORIENTED_EDGE('',*,*,#1536,.F.);
#1103=ORIENTED_EDGE('',*,*,#1537,.T.);
#1104=ORIENTED_EDGE('',*,*,#1537,.F.);
#1105=ORIENTED_EDGE('',*,*,#1536,.T.);
#1106=ORIENTED_EDGE('',*,*,#1397,.T.);
#1107=ORIENTED_EDGE('',*,*,#1401,.T.);
#1108=ORIENTED_EDGE('',*,*,#1391,.F.);
#1109=ORIENTED_EDGE('',*,*,#1538,.T.);
#1110=ORIENTED_EDGE('',*,*,#1539,.T.);
#1111=ORIENTED_EDGE('',*,*,#1540,.T.);
#1112=ORIENTED_EDGE('',*,*,#1541,.T.);
#1113=ORIENTED_EDGE('',*,*,#1542,.T.);
#1114=ORIENTED_EDGE('',*,*,#1543,.T.);
#1115=ORIENTED_EDGE('',*,*,#1544,.T.);
#1116=ORIENTED_EDGE('',*,*,#1545,.T.);
#1117=ORIENTED_EDGE('',*,*,#1546,.T.);
#1118=ORIENTED_EDGE('',*,*,#1547,.T.);
#1119=ORIENTED_EDGE('',*,*,#1548,.T.);
#1120=ORIENTED_EDGE('',*,*,#1549,.T.);
#1121=ORIENTED_EDGE('',*,*,#1550,.T.);
#1122=ORIENTED_EDGE('',*,*,#1551,.T.);
#1123=ORIENTED_EDGE('',*,*,#1552,.T.);
#1124=ORIENTED_EDGE('',*,*,#1553,.T.);
#1125=ORIENTED_EDGE('',*,*,#1554,.T.);
#1126=ORIENTED_EDGE('',*,*,#1555,.T.);
#1127=ORIENTED_EDGE('',*,*,#1556,.T.);
#1128=ORIENTED_EDGE('',*,*,#1557,.T.);
#1129=ORIENTED_EDGE('',*,*,#1558,.T.);
#1130=ORIENTED_EDGE('',*,*,#1559,.T.);
#1131=ORIENTED_EDGE('',*,*,#1560,.T.);
#1132=ORIENTED_EDGE('',*,*,#1561,.T.);
#1133=ORIENTED_EDGE('',*,*,#1562,.T.);
#1134=ORIENTED_EDGE('',*,*,#1563,.T.);
#1135=ORIENTED_EDGE('',*,*,#1564,.F.);
#1136=ORIENTED_EDGE('',*,*,#1565,.T.);
#1137=ORIENTED_EDGE('',*,*,#1563,.F.);
#1138=ORIENTED_EDGE('',*,*,#1566,.T.);
#1139=ORIENTED_EDGE('',*,*,#1567,.T.);
#1140=ORIENTED_EDGE('',*,*,#1566,.F.);
#1141=ORIENTED_EDGE('',*,*,#1565,.F.);
#1142=ORIENTED_EDGE('',*,*,#1551,.F.);
#1143=ORIENTED_EDGE('',*,*,#1567,.F.);
#1144=ORIENTED_EDGE('',*,*,#1561,.F.);
#1145=ORIENTED_EDGE('',*,*,#1550,.F.);
#1146=ORIENTED_EDGE('',*,*,#1568,.F.);
#1147=ORIENTED_EDGE('',*,*,#1562,.F.);
#1148=ORIENTED_EDGE('',*,*,#1569,.T.);
#1149=ORIENTED_EDGE('',*,*,#1570,.T.);
#1150=ORIENTED_EDGE('',*,*,#1571,.T.);
#1151=ORIENTED_EDGE('',*,*,#1572,.T.);
#1152=ORIENTED_EDGE('',*,*,#1573,.T.);
#1153=ORIENTED_EDGE('',*,*,#1574,.T.);
#1154=ORIENTED_EDGE('',*,*,#1575,.T.);
#1155=ORIENTED_EDGE('',*,*,#1576,.T.);
#1156=ORIENTED_EDGE('',*,*,#1572,.F.);
#1157=ORIENTED_EDGE('',*,*,#1569,.F.);
#1158=ORIENTED_EDGE('',*,*,#1575,.F.);
#1159=ORIENTED_EDGE('',*,*,#1577,.T.);
#1160=ORIENTED_EDGE('',*,*,#1558,.F.);
#1161=ORIENTED_EDGE('',*,*,#1578,.T.);
#1162=ORIENTED_EDGE('',*,*,#1571,.F.);
#1163=ORIENTED_EDGE('',*,*,#1570,.F.);
#1164=ORIENTED_EDGE('',*,*,#1560,.F.);
#1165=ORIENTED_EDGE('',*,*,#1559,.F.);
#1166=ORIENTED_EDGE('',*,*,#1579,.F.);
#1167=ORIENTED_EDGE('',*,*,#1545,.F.);
#1168=ORIENTED_EDGE('',*,*,#1544,.F.);
#1169=ORIENTED_EDGE('',*,*,#1580,.F.);
#1170=ORIENTED_EDGE('',*,*,#1580,.T.);
#1171=ORIENTED_EDGE('',*,*,#1549,.F.);
#1172=ORIENTED_EDGE('',*,*,#1581,.F.);
#1173=ORIENTED_EDGE('',*,*,#1578,.F.);
#1174=ORIENTED_EDGE('',*,*,#1581,.T.);
#1175=ORIENTED_EDGE('',*,*,#1548,.F.);
#1176=ORIENTED_EDGE('',*,*,#1547,.F.);
#1177=ORIENTED_EDGE('',*,*,#1582,.T.);
#1178=ORIENTED_EDGE('',*,*,#1574,.F.);
#1179=ORIENTED_EDGE('',*,*,#1573,.F.);
#1180=ORIENTED_EDGE('',*,*,#1579,.T.);
#1181=ORIENTED_EDGE('',*,*,#1577,.F.);
#1182=ORIENTED_EDGE('',*,*,#1582,.F.);
#1183=ORIENTED_EDGE('',*,*,#1546,.F.);
#1184=ORIENTED_EDGE('',*,*,#1583,.T.);
#1185=ORIENTED_EDGE('',*,*,#1584,.T.);
#1186=ORIENTED_EDGE('',*,*,#1585,.T.);
#1187=ORIENTED_EDGE('',*,*,#1586,.T.);
#1188=ORIENTED_EDGE('',*,*,#1587,.T.);
#1189=ORIENTED_EDGE('',*,*,#1588,.F.);
#1190=ORIENTED_EDGE('',*,*,#1589,.F.);
#1191=ORIENTED_EDGE('',*,*,#1588,.T.);
#1192=ORIENTED_EDGE('',*,*,#1583,.F.);
#1193=ORIENTED_EDGE('',*,*,#1585,.F.);
#1194=ORIENTED_EDGE('',*,*,#1590,.T.);
#1195=ORIENTED_EDGE('',*,*,#1556,.F.);
#1196=ORIENTED_EDGE('',*,*,#1591,.T.);
#1197=ORIENTED_EDGE('',*,*,#1587,.F.);
#1198=ORIENTED_EDGE('',*,*,#1584,.F.);
#1199=ORIENTED_EDGE('',*,*,#1592,.F.);
#1200=ORIENTED_EDGE('',*,*,#1554,.F.);
#1201=ORIENTED_EDGE('',*,*,#1593,.F.);
#1202=ORIENTED_EDGE('',*,*,#1591,.F.);
#1203=ORIENTED_EDGE('',*,*,#1593,.T.);
#1204=ORIENTED_EDGE('',*,*,#1553,.F.);
#1205=ORIENTED_EDGE('',*,*,#1594,.F.);
#1206=ORIENTED_EDGE('',*,*,#1586,.F.);
#1207=ORIENTED_EDGE('',*,*,#1592,.T.);
#1208=ORIENTED_EDGE('',*,*,#1557,.F.);
#1209=ORIENTED_EDGE('',*,*,#1595,.F.);
#1210=ORIENTED_EDGE('',*,*,#1555,.F.);
#1211=ORIENTED_EDGE('',*,*,#1594,.T.);
#1212=ORIENTED_EDGE('',*,*,#1552,.F.);
#1213=ORIENTED_EDGE('',*,*,#1595,.T.);
#1214=ORIENTED_EDGE('',*,*,#1590,.F.);
#1215=ORIENTED_EDGE('',*,*,#1596,.T.);
#1216=ORIENTED_EDGE('',*,*,#1597,.T.);
#1217=ORIENTED_EDGE('',*,*,#1598,.T.);
#1218=ORIENTED_EDGE('',*,*,#1599,.F.);
#1219=ORIENTED_EDGE('',*,*,#1600,.T.);
#1220=ORIENTED_EDGE('',*,*,#1601,.T.);
#1221=ORIENTED_EDGE('',*,*,#1602,.T.);
#1222=ORIENTED_EDGE('',*,*,#1599,.T.);
#1223=ORIENTED_EDGE('',*,*,#1600,.F.);
#1224=ORIENTED_EDGE('',*,*,#1596,.F.);
#1225=ORIENTED_EDGE('',*,*,#1603,.T.);
#1226=ORIENTED_EDGE('',*,*,#1538,.F.);
#1227=ORIENTED_EDGE('',*,*,#1604,.T.);
#1228=ORIENTED_EDGE('',*,*,#1598,.F.);
#1229=ORIENTED_EDGE('',*,*,#1601,.F.);
#1230=ORIENTED_EDGE('',*,*,#1605,.F.);
#1231=ORIENTED_EDGE('',*,*,#1542,.F.);
#1232=ORIENTED_EDGE('',*,*,#1606,.F.);
#1233=ORIENTED_EDGE('',*,*,#1604,.F.);
#1234=ORIENTED_EDGE('',*,*,#1606,.T.);
#1235=ORIENTED_EDGE('',*,*,#1541,.F.);
#1236=ORIENTED_EDGE('',*,*,#1607,.F.);
#1237=ORIENTED_EDGE('',*,*,#1597,.F.);
#1238=ORIENTED_EDGE('',*,*,#1605,.T.);
#1239=ORIENTED_EDGE('',*,*,#1539,.F.);
#1240=ORIENTED_EDGE('',*,*,#1608,.F.);
#1241=ORIENTED_EDGE('',*,*,#1543,.F.);
#1242=ORIENTED_EDGE('',*,*,#1607,.T.);
#1243=ORIENTED_EDGE('',*,*,#1540,.F.);
#1244=ORIENTED_EDGE('',*,*,#1608,.T.);
#1245=ORIENTED_EDGE('',*,*,#1603,.F.);
#1246=ORIENTED_EDGE('',*,*,#1609,.F.);
#1247=ORIENTED_EDGE('',*,*,#1568,.T.);
#1248=ORIENTED_EDGE('',*,*,#1564,.T.);
#1249=ORIENTED_EDGE('',*,*,#1576,.F.);
#1250=ORIENTED_EDGE('',*,*,#1589,.T.);
#1251=ORIENTED_EDGE('',*,*,#1609,.T.);
#1252=ORIENTED_EDGE('',*,*,#1602,.F.);
#1253=EDGE_CURVE('',#1610,#1610,#1858,.T.);
#1254=EDGE_CURVE('',#1611,#1612,#155,.T.);
#1255=EDGE_CURVE('',#1613,#1611,#156,.T.);
#1256=EDGE_CURVE('',#1613,#1614,#157,.T.);
#1257=EDGE_CURVE('',#1614,#1615,#158,.T.);
#1258=EDGE_CURVE('',#1615,#1612,#159,.T.);
#1259=EDGE_CURVE('',#1616,#1616,#1859,.T.);
#1260=EDGE_CURVE('',#1617,#1618,#160,.T.);
#1261=EDGE_CURVE('',#1619,#1617,#161,.T.);
#1262=EDGE_CURVE('',#1619,#1620,#162,.T.);
#1263=EDGE_CURVE('',#1620,#1618,#163,.T.);
#1264=EDGE_CURVE('',#1612,#1621,#164,.T.);
#1265=EDGE_CURVE('',#1622,#1615,#165,.T.);
#1266=EDGE_CURVE('',#1623,#1622,#1860,.T.);
#1267=EDGE_CURVE('',#1624,#1623,#166,.T.);
#1268=EDGE_CURVE('',#1621,#1624,#167,.T.);
#1269=EDGE_CURVE('',#1625,#1626,#168,.T.);
#1270=EDGE_CURVE('',#1626,#1627,#169,.T.);
#1271=EDGE_CURVE('',#1628,#1627,#170,.T.);
#1272=EDGE_CURVE('',#1625,#1628,#171,.T.);
#1273=EDGE_CURVE('',#1629,#1630,#172,.T.);
#1274=EDGE_CURVE('',#1629,#1631,#173,.T.);
#1275=EDGE_CURVE('',#1631,#1632,#174,.T.);
#1276=EDGE_CURVE('',#1633,#1632,#175,.T.);
#1277=EDGE_CURVE('',#1634,#1633,#176,.T.);
#1278=EDGE_CURVE('',#1630,#1634,#177,.T.);
#1279=EDGE_CURVE('',#1635,#1636,#178,.T.);
#1280=EDGE_CURVE('',#1635,#1637,#179,.T.);
#1281=EDGE_CURVE('',#1638,#1637,#180,.T.);
#1282=EDGE_CURVE('',#1639,#1638,#181,.T.);
#1283=EDGE_CURVE('',#1629,#1639,#182,.T.);
#1284=EDGE_CURVE('',#1630,#1636,#183,.T.);
#1285=EDGE_CURVE('',#1640,#1638,#184,.T.);
#1286=EDGE_CURVE('',#1640,#1618,#185,.T.);
#1287=EDGE_CURVE('',#1620,#1628,#186,.T.);
#1288=EDGE_CURVE('',#1639,#1627,#187,.T.);
#1289=EDGE_CURVE('',#1634,#1613,#188,.T.);
#1290=EDGE_CURVE('',#1614,#1633,#189,.T.);
#1291=EDGE_CURVE('',#1623,#1632,#190,.T.);
#1292=EDGE_CURVE('',#1641,#1623,#1861,.T.);
#1293=EDGE_CURVE('',#1641,#1642,#191,.T.);
#1294=EDGE_CURVE('',#1643,#1642,#1862,.T.);
#1295=EDGE_CURVE('',#1643,#1644,#192,.T.);
#1296=EDGE_CURVE('',#1645,#1644,#1863,.T.);
#1297=EDGE_CURVE('',#1646,#1645,#193,.T.);
#1298=EDGE_CURVE('',#1647,#1646,#1864,.T.);
#1299=EDGE_CURVE('',#1615,#1647,#194,.T.);
#1300=EDGE_CURVE('',#1614,#1648,#1865,.T.);
#1301=EDGE_CURVE('',#1649,#1648,#195,.T.);
#1302=EDGE_CURVE('',#1650,#1649,#196,.T.);
#1303=EDGE_CURVE('',#1650,#1651,#1866,.T.);
#1304=EDGE_CURVE('',#1652,#1651,#197,.T.);
#1305=EDGE_CURVE('',#1652,#1653,#198,.T.);
#1306=EDGE_CURVE('',#1653,#1632,#1867,.T.);
#1307=EDGE_CURVE('',#1654,#1655,#199,.T.);
#1308=EDGE_CURVE('',#1654,#1656,#200,.T.);
#1309=EDGE_CURVE('',#1657,#1656,#1868,.T.);
#1310=EDGE_CURVE('',#1657,#1658,#201,.T.);
#1311=EDGE_CURVE('',#1658,#1659,#202,.T.);
#1312=EDGE_CURVE('',#1655,#1659,#1869,.T.);
#1313=EDGE_CURVE('',#1660,#1661,#203,.T.);
#1314=EDGE_CURVE('',#1660,#1662,#204,.T.);
#1315=EDGE_CURVE('',#1662,#1663,#1870,.T.);
#1316=EDGE_CURVE('',#1663,#1664,#205,.T.);
#1317=EDGE_CURVE('',#1664,#1665,#1871,.T.);
#1318=EDGE_CURVE('',#1666,#1665,#206,.T.);
#1319=EDGE_CURVE('',#1666,#1667,#1872,.T.);
#1320=EDGE_CURVE('',#1668,#1667,#207,.T.);
#1321=EDGE_CURVE('',#1668,#1669,#1873,.T.);
#1322=EDGE_CURVE('',#1661,#1669,#208,.T.);
#1323=EDGE_CURVE('',#1670,#1670,#1874,.T.);
#1324=EDGE_CURVE('',#1668,#1641,#209,.T.);
#1325=EDGE_CURVE('',#1667,#1642,#210,.T.);
#1326=EDGE_CURVE('',#1669,#1622,#211,.T.);
#1327=EDGE_CURVE('',#1671,#1671,#1875,.T.);
#1328=EDGE_CURVE('',#1672,#1673,#212,.T.);
#1329=EDGE_CURVE('',#1672,#1674,#1876,.T.);
#1330=EDGE_CURVE('',#1675,#1674,#213,.T.);
#1331=EDGE_CURVE('',#1675,#1669,#214,.T.);
#1332=EDGE_CURVE('',#1662,#1647,#215,.T.);
#1333=EDGE_CURVE('',#1673,#1662,#216,.T.);
#1334=EDGE_CURVE('',#1663,#1646,#217,.T.);
#1335=EDGE_CURVE('',#1676,#1676,#1877,.T.);
#1336=EDGE_CURVE('',#1664,#1645,#218,.T.);
#1337=EDGE_CURVE('',#1665,#1644,#219,.T.);
#1338=EDGE_CURVE('',#1677,#1677,#1878,.T.);
#1339=EDGE_CURVE('',#1666,#1643,#220,.T.);
#1340=EDGE_CURVE('',#1654,#1652,#221,.T.);
#1341=EDGE_CURVE('',#1655,#1653,#222,.T.);
#1342=EDGE_CURVE('',#1678,#1678,#1879,.T.);
#1343=EDGE_CURVE('',#1656,#1651,#223,.T.);
#1344=EDGE_CURVE('',#1679,#1679,#47,.T.);
#1345=EDGE_CURVE('',#1657,#1650,#224,.T.);
#1346=EDGE_CURVE('',#1680,#1680,#1880,.T.);
#1347=EDGE_CURVE('',#1658,#1649,#225,.T.);
#1348=EDGE_CURVE('',#1659,#1648,#226,.T.);
#1349=EDGE_CURVE('',#1681,#1681,#48,.T.);
#1350=EDGE_CURVE('',#1632,#1614,#1881,.T.);
#1351=EDGE_CURVE('',#1682,#1682,#1882,.T.);
#1352=EDGE_CURVE('',#1683,#1661,#227,.T.);
#1353=EDGE_CURVE('',#1684,#1683,#228,.T.);
#1354=EDGE_CURVE('',#1684,#1660,#229,.T.);
#1355=EDGE_CURVE('',#1683,#1675,#230,.T.);
#1356=EDGE_CURVE('',#1684,#1673,#231,.T.);
#1357=EDGE_CURVE('',#1674,#1672,#49,.T.);
#1358=EDGE_CURVE('',#1685,#1685,#1883,.F.);
#1359=EDGE_CURVE('',#1686,#1686,#1884,.F.);
#1360=EDGE_CURVE('',#1687,#1687,#1885,.T.);
#1361=EDGE_CURVE('',#1688,#1688,#1886,.T.);
#1362=EDGE_CURVE('',#1689,#1689,#1887,.F.);
#1363=EDGE_CURVE('',#1619,#1625,#232,.T.);
#1364=EDGE_CURVE('',#1690,#1691,#233,.T.);
#1365=EDGE_CURVE('',#1690,#1692,#234,.T.);
#1366=EDGE_CURVE('',#1692,#1621,#235,.T.);
#1367=EDGE_CURVE('',#1693,#1624,#236,.T.);
#1368=EDGE_CURVE('',#1693,#1694,#237,.T.);
#1369=EDGE_CURVE('',#1695,#1694,#238,.T.);
#1370=EDGE_CURVE('',#1695,#1640,#239,.T.);
#1371=EDGE_CURVE('',#1637,#1691,#240,.T.);
#1372=EDGE_CURVE('',#1631,#1693,#241,.T.);
#1373=EDGE_CURVE('',#1695,#1617,#242,.T.);
#1374=EDGE_CURVE('',#1626,#1694,#243,.T.);
#1375=EDGE_CURVE('',#1690,#1636,#244,.T.);
#1376=EDGE_CURVE('',#1611,#1692,#245,.T.);
#1377=EDGE_CURVE('',#1696,#1696,#1888,.T.);
#1378=EDGE_CURVE('',#1697,#1697,#1889,.T.);
#1379=EDGE_CURVE('',#1691,#1635,#246,.T.);
#1380=EDGE_CURVE('',#1698,#1699,#247,.T.);
#1381=EDGE_CURVE('',#1699,#1700,#248,.T.);
#1382=EDGE_CURVE('',#1700,#1701,#249,.T.);
#1383=EDGE_CURVE('',#1701,#1702,#250,.T.);
#1384=EDGE_CURVE('',#1703,#1702,#251,.T.);
#1385=EDGE_CURVE('',#1704,#1703,#252,.T.);
#1386=EDGE_CURVE('',#1704,#1705,#253,.T.);
#1387=EDGE_CURVE('',#1705,#1706,#254,.T.);
#1388=EDGE_CURVE('',#1706,#1698,#255,.T.);
#1389=EDGE_CURVE('',#1707,#1708,#50,.T.);
#1390=EDGE_CURVE('',#1709,#1707,#256,.T.);
#1391=EDGE_CURVE('',#1709,#1710,#257,.F.);
#1392=EDGE_CURVE('',#1711,#1710,#51,.T.);
#1393=EDGE_CURVE('',#1711,#1712,#258,.T.);
#1394=EDGE_CURVE('',#1712,#1713,#52,.T.);
#1395=EDGE_CURVE('',#1708,#1713,#259,.T.);
#1396=EDGE_CURVE('',#1714,#1715,#260,.T.);
#1397=EDGE_CURVE('',#1716,#1714,#261,.T.);
#1398=EDGE_CURVE('',#1716,#1717,#262,.T.);
#1399=EDGE_CURVE('',#1718,#1717,#263,.T.);
#1400=EDGE_CURVE('',#1718,#1715,#264,.T.);
#1401=EDGE_CURVE('',#1714,#1710,#265,.T.);
#1402=EDGE_CURVE('',#1715,#1719,#266,.T.);
#1403=EDGE_CURVE('',#1719,#1720,#53,.T.);
#1404=EDGE_CURVE('',#1705,#1720,#267,.T.);
#1405=EDGE_CURVE('',#1704,#1711,#268,.T.);
#1406=EDGE_CURVE('',#1721,#1721,#1890,.T.);
#1407=EDGE_CURVE('',#1720,#1722,#269,.T.);
#1408=EDGE_CURVE('',#1722,#1706,#270,.T.);
#1409=EDGE_CURVE('',#1722,#1723,#54,.F.);
#1410=EDGE_CURVE('',#1723,#1719,#271,.T.);
#1411=EDGE_CURVE('',#1723,#1718,#272,.T.);
#1412=EDGE_CURVE('',#1708,#1724,#55,.T.);
#1413=EDGE_CURVE('',#1713,#1725,#56,.T.);
#1414=EDGE_CURVE('',#1724,#1725,#273,.T.);
#1415=EDGE_CURVE('',#1726,#1727,#57,.T.);
#1416=EDGE_CURVE('',#1728,#1726,#58,.T.);
#1417=EDGE_CURVE('',#1729,#1728,#59,.T.);
#1418=EDGE_CURVE('',#1730,#1729,#60,.T.);
#1419=EDGE_CURVE('',#1731,#1730,#61,.F.);
#1420=EDGE_CURVE('',#1732,#1731,#62,.T.);
#1421=EDGE_CURVE('',#1733,#1732,#63,.T.);
#1422=EDGE_CURVE('',#1734,#1733,#64,.F.);
#1423=EDGE_CURVE('',#1735,#1734,#65,.T.);
#1424=EDGE_CURVE('',#1736,#1735,#66,.T.);
#1425=EDGE_CURVE('',#1737,#1736,#67,.T.);
#1426=EDGE_CURVE('',#1727,#1737,#68,.T.);
#1427=EDGE_CURVE('',#1738,#1738,#1891,.T.);
#1428=EDGE_CURVE('',#1701,#1739,#274,.T.);
#1429=EDGE_CURVE('',#1724,#1739,#69,.T.);
#1430=EDGE_CURVE('',#1740,#1725,#275,.T.);
#1431=EDGE_CURVE('',#1702,#1740,#276,.T.);
#1432=EDGE_CURVE('',#1741,#1742,#1892,.T.);
#1433=EDGE_CURVE('',#1742,#1743,#277,.T.);
#1434=EDGE_CURVE('',#1743,#1744,#1893,.T.);
#1435=EDGE_CURVE('',#1745,#1744,#278,.T.);
#1436=EDGE_CURVE('',#1745,#1746,#1894,.T.);
#1437=EDGE_CURVE('',#1747,#1746,#279,.T.);
#1438=EDGE_CURVE('',#1747,#1748,#1895,.T.);
#1439=EDGE_CURVE('',#1748,#1741,#280,.T.);
#1440=EDGE_CURVE('',#1740,#1749,#1896,.T.);
#1441=EDGE_CURVE('',#1750,#1712,#281,.T.);
#1442=EDGE_CURVE('',#1751,#1750,#1897,.T.);
#1443=EDGE_CURVE('',#1751,#1752,#282,.T.);
#1444=EDGE_CURVE('',#1753,#1752,#1898,.T.);
#1445=EDGE_CURVE('',#1753,#1749,#283,.T.);
#1446=EDGE_CURVE('',#1754,#1755,#1899,.T.);
#1447=EDGE_CURVE('',#1753,#1754,#284,.T.);
#1448=EDGE_CURVE('',#1752,#1755,#285,.T.);
#1449=EDGE_CURVE('',#1756,#1756,#70,.T.);
#1450=EDGE_CURVE('',#1757,#1757,#1900,.T.);
#1451=EDGE_CURVE('',#1758,#1759,#286,.T.);
#1452=EDGE_CURVE('',#1743,#1759,#287,.T.);
#1453=EDGE_CURVE('',#1742,#1758,#288,.T.);
#1454=EDGE_CURVE('',#1760,#1761,#289,.T.);
#1455=EDGE_CURVE('',#1760,#1762,#1901,.T.);
#1456=EDGE_CURVE('',#1763,#1762,#290,.T.);
#1457=EDGE_CURVE('',#1763,#1764,#1902,.T.);
#1458=EDGE_CURVE('',#1765,#1764,#291,.T.);
#1459=EDGE_CURVE('',#1765,#1761,#1903,.T.);
#1460=EDGE_CURVE('',#1766,#1766,#1904,.T.);
#1461=EDGE_CURVE('',#1754,#1767,#292,.T.);
#1462=EDGE_CURVE('',#1749,#1767,#293,.T.);
#1463=EDGE_CURVE('',#1768,#1768,#71,.T.);
#1464=EDGE_CURVE('',#1769,#1767,#1905,.T.);
#1465=EDGE_CURVE('',#1751,#1769,#294,.T.);
#1466=EDGE_CURVE('',#1750,#1740,#1906,.T.);
#1467=EDGE_CURVE('',#1770,#1758,#1907,.T.);
#1468=EDGE_CURVE('',#1741,#1770,#295,.T.);
#1469=EDGE_CURVE('',#1759,#1771,#1908,.T.);
#1470=EDGE_CURVE('',#1744,#1771,#296,.T.);
#1471=EDGE_CURVE('',#1772,#1772,#1909,.F.);
#1472=EDGE_CURVE('',#1773,#1771,#297,.T.);
#1473=EDGE_CURVE('',#1745,#1773,#298,.T.);
#1474=EDGE_CURVE('',#1773,#1774,#1910,.T.);
#1475=EDGE_CURVE('',#1746,#1774,#299,.T.);
#1476=EDGE_CURVE('',#1775,#1775,#1911,.T.);
#1477=EDGE_CURVE('',#1776,#1774,#300,.T.);
#1478=EDGE_CURVE('',#1747,#1776,#301,.T.);
#1479=EDGE_CURVE('',#1776,#1777,#1912,.T.);
#1480=EDGE_CURVE('',#1748,#1777,#302,.T.);
#1481=EDGE_CURVE('',#1778,#1778,#1913,.T.);
#1482=EDGE_CURVE('',#1777,#1770,#303,.T.);
#1483=EDGE_CURVE('',#1779,#1779,#1914,.T.);
#1484=EDGE_CURVE('',#1769,#1755,#304,.T.);
#1485=EDGE_CURVE('',#1780,#1781,#305,.F.);
#1486=EDGE_CURVE('',#1781,#1760,#306,.T.);
#1487=EDGE_CURVE('',#1761,#1780,#307,.F.);
#1488=EDGE_CURVE('',#1782,#1783,#308,.F.);
#1489=EDGE_CURVE('',#1783,#1765,#309,.T.);
#1490=EDGE_CURVE('',#1764,#1782,#310,.F.);
#1491=EDGE_CURVE('',#1762,#1784,#311,.F.);
#1492=EDGE_CURVE('',#1784,#1785,#312,.F.);
#1493=EDGE_CURVE('',#1785,#1763,#313,.T.);
#1494=EDGE_CURVE('',#1786,#1787,#314,.T.);
#1495=EDGE_CURVE('',#1787,#1788,#315,.T.);
#1496=EDGE_CURVE('',#1788,#1786,#316,.T.);
#1497=EDGE_CURVE('',#1782,#1785,#1915,.T.);
#1498=EDGE_CURVE('',#1783,#1787,#1916,.T.);
#1499=EDGE_CURVE('',#1788,#1782,#1917,.T.);
#1500=EDGE_CURVE('',#1780,#1783,#1918,.T.);
#1501=EDGE_CURVE('',#1788,#1785,#1919,.F.);
#1502=EDGE_CURVE('',#1780,#1787,#1920,.F.);
#1503=EDGE_CURVE('',#1786,#1784,#1921,.T.);
#1504=EDGE_CURVE('',#1781,#1786,#1922,.T.);
#1505=EDGE_CURVE('',#1781,#1784,#1923,.F.);
#1506=EDGE_CURVE('',#1703,#1750,#317,.T.);
#1507=EDGE_CURVE('',#1699,#1707,#318,.T.);
#1508=EDGE_CURVE('',#1700,#1724,#319,.T.);
#1509=EDGE_CURVE('',#1789,#1726,#320,.T.);
#1510=EDGE_CURVE('',#1790,#1727,#321,.T.);
#1511=EDGE_CURVE('',#1789,#1790,#322,.T.);
#1512=EDGE_CURVE('',#1791,#1728,#323,.T.);
#1513=EDGE_CURVE('',#1791,#1789,#324,.T.);
#1514=EDGE_CURVE('',#1792,#1729,#325,.T.);
#1515=EDGE_CURVE('',#1792,#1791,#326,.T.);
#1516=EDGE_CURVE('',#1793,#1730,#327,.T.);
#1517=EDGE_CURVE('',#1793,#1792,#328,.T.);
#1518=EDGE_CURVE('',#1794,#1731,#329,.T.);
#1519=EDGE_CURVE('',#1794,#1793,#330,.T.);
#1520=EDGE_CURVE('',#1795,#1732,#331,.T.);
#1521=EDGE_CURVE('',#1795,#1794,#332,.T.);
#1522=EDGE_CURVE('',#1796,#1733,#333,.T.);
#1523=EDGE_CURVE('',#1796,#1795,#334,.T.);
#1524=EDGE_CURVE('',#1797,#1734,#335,.T.);
#1525=EDGE_CURVE('',#1797,#1796,#336,.T.);
#1526=EDGE_CURVE('',#1798,#1735,#337,.T.);
#1527=EDGE_CURVE('',#1798,#1797,#338,.T.);
#1528=EDGE_CURVE('',#1799,#1736,#339,.T.);
#1529=EDGE_CURVE('',#1799,#1798,#340,.T.);
#1530=EDGE_CURVE('',#1800,#1737,#341,.T.);
#1531=EDGE_CURVE('',#1800,#1799,#342,.T.);
#1532=EDGE_CURVE('',#1790,#1800,#343,.T.);
#1533=EDGE_CURVE('',#1801,#1801,#1924,.T.);
#1534=EDGE_CURVE('',#1802,#1802,#1925,.T.);
#1535=EDGE_CURVE('',#1698,#1716,#344,.T.);
#1536=EDGE_CURVE('',#1803,#1716,#345,.T.);
#1537=EDGE_CURVE('',#1803,#1709,#346,.T.);
#1538=EDGE_CURVE('',#1804,#1805,#1926,.T.);
#1539=EDGE_CURVE('',#1805,#1804,#72,.T.);
#1540=EDGE_CURVE('',#1806,#1807,#73,.T.);
#1541=EDGE_CURVE('',#1807,#1808,#74,.T.);
#1542=EDGE_CURVE('',#1808,#1809,#75,.T.);
#1543=EDGE_CURVE('',#1809,#1806,#76,.T.);
#1544=EDGE_CURVE('',#1810,#1811,#77,.T.);
#1545=EDGE_CURVE('',#1811,#1812,#78,.T.);
#1546=EDGE_CURVE('',#1812,#1813,#79,.T.);
#1547=EDGE_CURVE('',#1813,#1814,#80,.T.);
#1548=EDGE_CURVE('',#1814,#1815,#81,.T.);
#1549=EDGE_CURVE('',#1815,#1810,#82,.T.);
#1550=EDGE_CURVE('',#1816,#1816,#1927,.T.);
#1551=EDGE_CURVE('',#1817,#1817,#1928,.F.);
#1552=EDGE_CURVE('',#1818,#1819,#83,.T.);
#1553=EDGE_CURVE('',#1819,#1820,#84,.T.);
#1554=EDGE_CURVE('',#1820,#1821,#85,.T.);
#1555=EDGE_CURVE('',#1821,#1818,#86,.T.);
#1556=EDGE_CURVE('',#1822,#1823,#1929,.T.);
#1557=EDGE_CURVE('',#1823,#1822,#87,.T.);
#1558=EDGE_CURVE('',#1824,#1825,#1930,.T.);
#1559=EDGE_CURVE('',#1825,#1826,#88,.T.);
#1560=EDGE_CURVE('',#1826,#1824,#89,.T.);
#1561=EDGE_CURVE('',#1827,#1827,#1931,.F.);
#1562=EDGE_CURVE('',#1828,#1828,#1932,.T.);
#1563=EDGE_CURVE('',#1829,#1829,#1933,.T.);
#1564=EDGE_CURVE('',#1830,#1830,#1934,.T.);
#1565=EDGE_CURVE('',#1831,#1831,#1935,.T.);
#1566=EDGE_CURVE('',#1832,#1832,#1936,.F.);
#1567=EDGE_CURVE('',#1833,#1833,#1937,.T.);
#1568=EDGE_CURVE('',#1834,#1834,#1938,.F.);
#1569=EDGE_CURVE('',#1835,#1835,#1939,.F.);
#1570=EDGE_CURVE('',#1836,#1836,#1940,.T.);
#1571=EDGE_CURVE('',#1837,#1837,#1941,.F.);
#1572=EDGE_CURVE('',#1838,#1838,#90,.T.);
#1573=EDGE_CURVE('',#1839,#1840,#91,.T.);
#1574=EDGE_CURVE('',#1840,#1841,#92,.T.);
#1575=EDGE_CURVE('',#1841,#1839,#1942,.T.);
#1576=EDGE_CURVE('',#1842,#1842,#93,.T.);
#1577=EDGE_CURVE('',#1841,#1825,#94,.T.);
#1578=EDGE_CURVE('',#1824,#1839,#95,.T.);
#1579=EDGE_CURVE('',#1812,#1825,#1943,.T.);
#1580=EDGE_CURVE('',#1824,#1810,#1944,.T.);
#1581=EDGE_CURVE('',#1839,#1815,#1945,.T.);
#1582=EDGE_CURVE('',#1813,#1841,#1946,.T.);
#1583=EDGE_CURVE('',#1843,#1843,#1947,.F.);
#1584=EDGE_CURVE('',#1844,#1844,#1948,.T.);
#1585=EDGE_CURVE('',#1845,#1846,#1949,.T.);
#1586=EDGE_CURVE('',#1846,#1845,#96,.T.);
#1587=EDGE_CURVE('',#1847,#1847,#1950,.F.);
#1588=EDGE_CURVE('',#1848,#1848,#97,.T.);
#1589=EDGE_CURVE('',#1849,#1849,#98,.T.);
#1590=EDGE_CURVE('',#1845,#1823,#99,.T.);
#1591=EDGE_CURVE('',#1822,#1846,#100,.T.);
#1592=EDGE_CURVE('',#1821,#1822,#1951,.T.);
#1593=EDGE_CURVE('',#1846,#1820,#1952,.T.);
#1594=EDGE_CURVE('',#1845,#1819,#1953,.T.);
#1595=EDGE_CURVE('',#1818,#1823,#1954,.T.);
#1596=EDGE_CURVE('',#1850,#1851,#1955,.T.);
#1597=EDGE_CURVE('',#1851,#1850,#101,.T.);
#1598=EDGE_CURVE('',#1852,#1852,#1956,.F.);
#1599=EDGE_CURVE('',#1853,#1853,#102,.T.);
#1600=EDGE_CURVE('',#1854,#1854,#1957,.F.);
#1601=EDGE_CURVE('',#1855,#1855,#1958,.T.);
#1602=EDGE_CURVE('',#1856,#1856,#103,.T.);
#1603=EDGE_CURVE('',#1850,#1805,#104,.T.);
#1604=EDGE_CURVE('',#1804,#1851,#105,.T.);
#1605=EDGE_CURVE('',#1809,#1804,#1959,.T.);
#1606=EDGE_CURVE('',#1851,#1808,#1960,.T.);
#1607=EDGE_CURVE('',#1850,#1807,#1961,.T.);
#1608=EDGE_CURVE('',#1806,#1805,#1962,.T.);
#1609=EDGE_CURVE('',#1857,#1857,#106,.T.);
#1610=VERTEX_POINT('',#3673);
#1611=VERTEX_POINT('',#3675);
#1612=VERTEX_POINT('',#3676);
#1613=VERTEX_POINT('',#3678);
#1614=VERTEX_POINT('',#3680);
#1615=VERTEX_POINT('',#3682);
#1616=VERTEX_POINT('',#3686);
#1617=VERTEX_POINT('',#3688);
#1618=VERTEX_POINT('',#3689);
#1619=VERTEX_POINT('',#3691);
#1620=VERTEX_POINT('',#3693);
#1621=VERTEX_POINT('',#3697);
#1622=VERTEX_POINT('',#3699);
#1623=VERTEX_POINT('',#3701);
#1624=VERTEX_POINT('',#3703);
#1625=VERTEX_POINT('',#3707);
#1626=VERTEX_POINT('',#3708);
#1627=VERTEX_POINT('',#3710);
#1628=VERTEX_POINT('',#3712);
#1629=VERTEX_POINT('',#3716);
#1630=VERTEX_POINT('',#3717);
#1631=VERTEX_POINT('',#3719);
#1632=VERTEX_POINT('',#3721);
#1633=VERTEX_POINT('',#3723);
#1634=VERTEX_POINT('',#3725);
#1635=VERTEX_POINT('',#3729);
#1636=VERTEX_POINT('',#3730);
#1637=VERTEX_POINT('',#3732);
#1638=VERTEX_POINT('',#3734);
#1639=VERTEX_POINT('',#3736);
#1640=VERTEX_POINT('',#3741);
#1641=VERTEX_POINT('',#3751);
#1642=VERTEX_POINT('',#3753);
#1643=VERTEX_POINT('',#3755);
#1644=VERTEX_POINT('',#3757);
#1645=VERTEX_POINT('',#3759);
#1646=VERTEX_POINT('',#3761);
#1647=VERTEX_POINT('',#3763);
#1648=VERTEX_POINT('',#3766);
#1649=VERTEX_POINT('',#3768);
#1650=VERTEX_POINT('',#3770);
#1651=VERTEX_POINT('',#3772);
#1652=VERTEX_POINT('',#3774);
#1653=VERTEX_POINT('',#3776);
#1654=VERTEX_POINT('',#3780);
#1655=VERTEX_POINT('',#3781);
#1656=VERTEX_POINT('',#3783);
#1657=VERTEX_POINT('',#3785);
#1658=VERTEX_POINT('',#3787);
#1659=VERTEX_POINT('',#3789);
#1660=VERTEX_POINT('',#3792);
#1661=VERTEX_POINT('',#3793);
#1662=VERTEX_POINT('',#3795);
#1663=VERTEX_POINT('',#3797);
#1664=VERTEX_POINT('',#3799);
#1665=VERTEX_POINT('',#3801);
#1666=VERTEX_POINT('',#3803);
#1667=VERTEX_POINT('',#3805);
#1668=VERTEX_POINT('',#3807);
#1669=VERTEX_POINT('',#3809);
#1670=VERTEX_POINT('',#3813);
#1671=VERTEX_POINT('',#3820);
#1672=VERTEX_POINT('',#3822);
#1673=VERTEX_POINT('',#3823);
#1674=VERTEX_POINT('',#3825);
#1675=VERTEX_POINT('',#3827);
#1676=VERTEX_POINT('',#3835);
#1677=VERTEX_POINT('',#3841);
#1678=VERTEX_POINT('',#3848);
#1679=VERTEX_POINT('',#3862);
#1680=VERTEX_POINT('',#3866);
#1681=VERTEX_POINT('',#3882);
#1682=VERTEX_POINT('',#3892);
#1683=VERTEX_POINT('',#3894);
#1684=VERTEX_POINT('',#3896);
#1685=VERTEX_POINT('',#3910);
#1686=VERTEX_POINT('',#3913);
#1687=VERTEX_POINT('',#3915);
#1688=VERTEX_POINT('',#3918);
#1689=VERTEX_POINT('',#3920);
#1690=VERTEX_POINT('',#3928);
#1691=VERTEX_POINT('',#3929);
#1692=VERTEX_POINT('',#3931);
#1693=VERTEX_POINT('',#3934);
#1694=VERTEX_POINT('',#3936);
#1695=VERTEX_POINT('',#3938);
#1696=VERTEX_POINT('',#3952);
#1697=VERTEX_POINT('',#3956);
#1698=VERTEX_POINT('',#3966);
#1699=VERTEX_POINT('',#3967);
#1700=VERTEX_POINT('',#3969);
#1701=VERTEX_POINT('',#3971);
#1702=VERTEX_POINT('',#3973);
#1703=VERTEX_POINT('',#3975);
#1704=VERTEX_POINT('',#3977);
#1705=VERTEX_POINT('',#3979);
#1706=VERTEX_POINT('',#3981);
#1707=VERTEX_POINT('',#3995);
#1708=VERTEX_POINT('',#3996);
#1709=VERTEX_POINT('',#3998);
#1710=VERTEX_POINT('',#4000);
#1711=VERTEX_POINT('',#4005);
#1712=VERTEX_POINT('',#4007);
#1713=VERTEX_POINT('',#4012);
#1714=VERTEX_POINT('',#4016);
#1715=VERTEX_POINT('',#4017);
#1716=VERTEX_POINT('',#4019);
#1717=VERTEX_POINT('',#4021);
#1718=VERTEX_POINT('',#4023);
#1719=VERTEX_POINT('',#4028);
#1720=VERTEX_POINT('',#4033);
#1721=VERTEX_POINT('',#4038);
#1722=VERTEX_POINT('',#4040);
#1723=VERTEX_POINT('',#4054);
#1724=VERTEX_POINT('',#4070);
#1725=VERTEX_POINT('',#4075);
#1726=VERTEX_POINT('',#4081);
#1727=VERTEX_POINT('',#4082);
#1728=VERTEX_POINT('',#4087);
#1729=VERTEX_POINT('',#4092);
#1730=VERTEX_POINT('',#4097);
#1731=VERTEX_POINT('',#4102);
#1732=VERTEX_POINT('',#4107);
#1733=VERTEX_POINT('',#4112);
#1734=VERTEX_POINT('',#4117);
#1735=VERTEX_POINT('',#4122);
#1736=VERTEX_POINT('',#4127);
#1737=VERTEX_POINT('',#4132);
#1738=VERTEX_POINT('',#4139);
#1739=VERTEX_POINT('',#4141);
#1740=VERTEX_POINT('',#4147);
#1741=VERTEX_POINT('',#4151);
#1742=VERTEX_POINT('',#4152);
#1743=VERTEX_POINT('',#4154);
#1744=VERTEX_POINT('',#4156);
#1745=VERTEX_POINT('',#4158);
#1746=VERTEX_POINT('',#4160);
#1747=VERTEX_POINT('',#4162);
#1748=VERTEX_POINT('',#4164);
#1749=VERTEX_POINT('',#4167);
#1750=VERTEX_POINT('',#4169);
#1751=VERTEX_POINT('',#4171);
#1752=VERTEX_POINT('',#4173);
#1753=VERTEX_POINT('',#4175);
#1754=VERTEX_POINT('',#4179);
#1755=VERTEX_POINT('',#4180);
#1756=VERTEX_POINT('',#4194);
#1757=VERTEX_POINT('',#4197);
#1758=VERTEX_POINT('',#4199);
#1759=VERTEX_POINT('',#4200);
#1760=VERTEX_POINT('',#4204);
#1761=VERTEX_POINT('',#4205);
#1762=VERTEX_POINT('',#4207);
#1763=VERTEX_POINT('',#4209);
#1764=VERTEX_POINT('',#4211);
#1765=VERTEX_POINT('',#4213);
#1766=VERTEX_POINT('',#4217);
#1767=VERTEX_POINT('',#4219);
#1768=VERTEX_POINT('',#4233);
#1769=VERTEX_POINT('',#4235);
#1770=VERTEX_POINT('',#4240);
#1771=VERTEX_POINT('',#4244);
#1772=VERTEX_POINT('',#4248);
#1773=VERTEX_POINT('',#4250);
#1774=VERTEX_POINT('',#4254);
#1775=VERTEX_POINT('',#4258);
#1776=VERTEX_POINT('',#4260);
#1777=VERTEX_POINT('',#4264);
#1778=VERTEX_POINT('',#4268);
#1779=VERTEX_POINT('',#4272);
#1780=VERTEX_POINT('',#4277);
#1781=VERTEX_POINT('',#4278);
#1782=VERTEX_POINT('',#4283);
#1783=VERTEX_POINT('',#4284);
#1784=VERTEX_POINT('',#4289);
#1785=VERTEX_POINT('',#4291);
#1786=VERTEX_POINT('',#4295);
#1787=VERTEX_POINT('',#4296);
#1788=VERTEX_POINT('',#4298);
#1789=VERTEX_POINT('',#4331);
#1790=VERTEX_POINT('',#4333);
#1791=VERTEX_POINT('',#4337);
#1792=VERTEX_POINT('',#4341);
#1793=VERTEX_POINT('',#4345);
#1794=VERTEX_POINT('',#4349);
#1795=VERTEX_POINT('',#4353);
#1796=VERTEX_POINT('',#4357);
#1797=VERTEX_POINT('',#4361);
#1798=VERTEX_POINT('',#4365);
#1799=VERTEX_POINT('',#4369);
#1800=VERTEX_POINT('',#4373);
#1801=VERTEX_POINT('',#4380);
#1802=VERTEX_POINT('',#4384);
#1803=VERTEX_POINT('',#4390);
#1804=VERTEX_POINT('',#4396);
#1805=VERTEX_POINT('',#4397);
#1806=VERTEX_POINT('',#4411);
#1807=VERTEX_POINT('',#4412);
#1808=VERTEX_POINT('',#4420);
#1809=VERTEX_POINT('',#4426);
#1810=VERTEX_POINT('',#4441);
#1811=VERTEX_POINT('',#4442);
#1812=VERTEX_POINT('',#4450);
#1813=VERTEX_POINT('',#4456);
#1814=VERTEX_POINT('',#4464);
#1815=VERTEX_POINT('',#4472);
#1816=VERTEX_POINT('',#4479);
#1817=VERTEX_POINT('',#4481);
#1818=VERTEX_POINT('',#4487);
#1819=VERTEX_POINT('',#4488);
#1820=VERTEX_POINT('',#4500);
#1821=VERTEX_POINT('',#4506);
#1822=VERTEX_POINT('',#4520);
#1823=VERTEX_POINT('',#4521);
#1824=VERTEX_POINT('',#4535);
#1825=VERTEX_POINT('',#4536);
#1826=VERTEX_POINT('',#4544);
#1827=VERTEX_POINT('',#4554);
#1828=VERTEX_POINT('',#4556);
#1829=VERTEX_POINT('',#4559);
#1830=VERTEX_POINT('',#4561);
#1831=VERTEX_POINT('',#4564);
#1832=VERTEX_POINT('',#4567);
#1833=VERTEX_POINT('',#4569);
#1834=VERTEX_POINT('',#4575);
#1835=VERTEX_POINT('',#4578);
#1836=VERTEX_POINT('',#4580);
#1837=VERTEX_POINT('',#4583);
#1838=VERTEX_POINT('',#4595);
#1839=VERTEX_POINT('',#4604);
#1840=VERTEX_POINT('',#4605);
#1841=VERTEX_POINT('',#4613);
#1842=VERTEX_POINT('',#4627);
#1843=VERTEX_POINT('',#4742);
#1844=VERTEX_POINT('',#4744);
#1845=VERTEX_POINT('',#4747);
#1846=VERTEX_POINT('',#4748);
#1847=VERTEX_POINT('',#4762);
#1848=VERTEX_POINT('',#4774);
#1849=VERTEX_POINT('',#4787);
#1850=VERTEX_POINT('',#4902);
#1851=VERTEX_POINT('',#4903);
#1852=VERTEX_POINT('',#4913);
#1853=VERTEX_POINT('',#4925);
#1854=VERTEX_POINT('',#4928);
#1855=VERTEX_POINT('',#4930);
#1856=VERTEX_POINT('',#4943);
#1857=VERTEX_POINT('',#5044);
#1858=CIRCLE('',#2718,0.001075);
#1859=CIRCLE('',#2720,0.00105);
#1860=CIRCLE('',#2722,0.0275521541655423);
#1861=CIRCLE('',#2729,0.0275521541655423);
#1862=CIRCLE('',#2730,0.0275521541655108);
#1863=CIRCLE('',#2731,0.027552154165551);
#1864=CIRCLE('',#2732,0.0275521541655423);
#1865=CIRCLE('',#2733,0.0252172258464286);
#1866=CIRCLE('',#2734,0.0252172258464264);
#1867=CIRCLE('',#2735,0.0252172258464286);
#1868=CIRCLE('',#2737,0.0252172258464264);
#1869=CIRCLE('',#2738,0.0252172258464286);
#1870=CIRCLE('',#2739,0.0275521541655423);
#1871=CIRCLE('',#2740,0.027552154165551);
#1872=CIRCLE('',#2741,0.0275521541655108);
#1873=CIRCLE('',#2742,0.0275521541655423);
#1874=CIRCLE('',#2744,0.001575);
#1875=CIRCLE('',#2747,0.001575);
#1876=CIRCLE('',#2748,0.0042358634);
#1877=CIRCLE('',#2751,0.001575);
#1878=CIRCLE('',#2754,0.001575);
#1879=CIRCLE('',#2757,0.001575);
#1880=CIRCLE('',#2760,0.001575);
#1881=CIRCLE('',#2763,0.0252172258464286);
#1882=CIRCLE('',#2771,0.00105);
#1883=CIRCLE('',#2776,0.00105);
#1884=CIRCLE('',#2778,0.0035);
#1885=CIRCLE('',#2779,0.0035);
#1886=CIRCLE('',#2781,0.0017858634);
#1887=CIRCLE('',#2782,0.0027641366);
#1888=CIRCLE('',#2793,0.00105);
#1889=CIRCLE('',#2796,0.001075);
#1890=CIRCLE('',#2807,0.00105);
#1891=CIRCLE('',#2810,0.00105);
#1892=CIRCLE('',#2812,0.037465);
#1893=CIRCLE('',#2813,0.0374649999998141);
#1894=CIRCLE('',#2814,0.0374649999998103);
#1895=CIRCLE('',#2815,0.037465);
#1896=CIRCLE('',#2816,0.03429);
#1897=CIRCLE('',#2817,0.03429);
#1898=CIRCLE('',#2818,0.0342899999999993);
#1899=CIRCLE('',#2820,0.0342899999999993);
#1900=CIRCLE('',#2822,0.001575);
#1901=CIRCLE('',#2823,0.00055188922035849);
#1902=CIRCLE('',#2824,0.00055188922035849);
#1903=CIRCLE('',#2825,0.00055188922035849);
#1904=CIRCLE('',#2827,0.001575);
#1905=CIRCLE('',#2829,0.03429);
#1906=CIRCLE('',#2830,0.03429);
#1907=CIRCLE('',#2832,0.037465);
#1908=CIRCLE('',#2834,0.0374649999998141);
#1909=CIRCLE('',#2836,0.001575);
#1910=CIRCLE('',#2838,0.0374649999998103);
#1911=CIRCLE('',#2840,0.001575);
#1912=CIRCLE('',#2842,0.037465);
#1913=CIRCLE('',#2844,0.001575);
#1914=CIRCLE('',#2846,0.001575);
#1915=CIRCLE('',#2853,0.00055188922035849);
#1916=CIRCLE('',#2855,0.00055188922035849);
#1917=CIRCLE('',#2856,0.00055188922035849);
#1918=CIRCLE('',#2858,0.00055188922035849);
#1919=CIRCLE('',#2860,0.00055188922035849);
#1920=CIRCLE('',#2862,0.00055188922035849);
#1921=CIRCLE('',#2864,0.00055188922035849);
#1922=CIRCLE('',#2866,0.00055188922035849);
#1923=CIRCLE('',#2868,0.00055188922035849);
#1924=CIRCLE('',#2892,0.00105);
#1925=CIRCLE('',#2895,0.00105);
#1926=CIRCLE('',#2902,0.005);
#1927=CIRCLE('',#2904,0.016);
#1928=CIRCLE('',#2905,0.016);
#1929=CIRCLE('',#2907,0.0085);
#1930=CIRCLE('',#2909,0.0085);
#1931=CIRCLE('',#2911,0.0155094318041258);
#1932=CIRCLE('',#2912,0.0152405681958742);
#1933=CIRCLE('',#2914,0.0075);
#1934=CIRCLE('',#2915,0.01475);
#1935=CIRCLE('',#2917,0.0075);
#1936=CIRCLE('',#2919,0.00897170458762264);
#1937=CIRCLE('',#2920,0.0145282954123774);
#1938=CIRCLE('',#2925,0.01475);
#1939=CIRCLE('',#2927,0.00776414770618868);
#1940=CIRCLE('',#2928,0.00228585229381132);
#1941=CIRCLE('',#2930,0.00155);
#1942=CIRCLE('',#2932,0.0085);
#1943=CIRCLE('',#2936,0.0007358634);
#1944=CIRCLE('',#2937,0.0007358634);
#1945=CIRCLE('',#2938,0.0007358634);
#1946=CIRCLE('',#2939,0.0007358634);
#1947=CIRCLE('',#2941,0.0077641366);
#1948=CIRCLE('',#2942,0.0022858634);
#1949=CIRCLE('',#2944,0.0085);
#1950=CIRCLE('',#2946,0.00155);
#1951=CIRCLE('',#2950,0.0007358634);
#1952=CIRCLE('',#2951,0.0007358634);
#1953=CIRCLE('',#2952,0.0007358634);
#1954=CIRCLE('',#2953,0.0007358634);
#1955=CIRCLE('',#2955,0.005);
#1956=CIRCLE('',#2957,0.001);
#1957=CIRCLE('',#2959,0.0042641366);
#1958=CIRCLE('',#2960,0.0017358634);
#1959=CIRCLE('',#2964,0.0007358634);
#1960=CIRCLE('',#2965,0.0007358634);
#1961=CIRCLE('',#2966,0.0007358634);
#1962=CIRCLE('',#2967,0.0007358634);
#1963=EDGE_LOOP('',(#539));
#1964=EDGE_LOOP('',(#540,#541,#542,#543,#544));
#1965=EDGE_LOOP('',(#545));
#1966=EDGE_LOOP('',(#546,#547,#548,#549));
#1967=EDGE_LOOP('',(#550,#551,#552,#553,#554,#555));
#1968=EDGE_LOOP('',(#556,#557,#558,#559));
#1969=EDGE_LOOP('',(#560,#561,#562,#563,#564,#565));
#1970=EDGE_LOOP('',(#566,#567,#568,#569,#570,#571,#572));
#1971=EDGE_LOOP('',(#573,#574,#575,#576,#577,#578,#579));
#1972=EDGE_LOOP('',(#580,#581,#582,#583));
#1973=EDGE_LOOP('',(#584,#585,#586,#587,#588,#589,#590,#591,#592,#593,#594,
#595,#596,#597,#598,#599,#600));
#1974=EDGE_LOOP('',(#601,#602,#603,#604,#605,#606));
#1975=EDGE_LOOP('',(#607,#608,#609,#610,#611,#612,#613,#614,#615,#616));
#1976=EDGE_LOOP('',(#617));
#1977=EDGE_LOOP('',(#618,#619,#620,#621));
#1978=EDGE_LOOP('',(#622,#623,#624,#625,#626));
#1979=EDGE_LOOP('',(#627));
#1980=EDGE_LOOP('',(#628,#629,#630,#631,#632,#633,#634,#635,#636));
#1981=EDGE_LOOP('',(#637,#638,#639,#640));
#1982=EDGE_LOOP('',(#641));
#1983=EDGE_LOOP('',(#642,#643,#644,#645));
#1984=EDGE_LOOP('',(#646,#647,#648,#649));
#1985=EDGE_LOOP('',(#650));
#1986=EDGE_LOOP('',(#651,#652,#653,#654));
#1987=EDGE_LOOP('',(#655,#656,#657,#658));
#1988=EDGE_LOOP('',(#659));
#1989=EDGE_LOOP('',(#660,#661,#662,#663));
#1990=EDGE_LOOP('',(#664));
#1991=EDGE_LOOP('',(#665,#666,#667,#668));
#1992=EDGE_LOOP('',(#669));
#1993=EDGE_LOOP('',(#670,#671,#672,#673));
#1994=EDGE_LOOP('',(#674,#675,#676,#677));
#1995=EDGE_LOOP('',(#678));
#1996=EDGE_LOOP('',(#679,#680,#681,#682,#683,#684));
#1997=EDGE_LOOP('',(#685,#686,#687,#688));
#1998=EDGE_LOOP('',(#689,#690,#691));
#1999=EDGE_LOOP('',(#692));
#2000=EDGE_LOOP('',(#693));
#2001=EDGE_LOOP('',(#694));
#2002=EDGE_LOOP('',(#695));
#2003=EDGE_LOOP('',(#696));
#2004=EDGE_LOOP('',(#697));
#2005=EDGE_LOOP('',(#698));
#2006=EDGE_LOOP('',(#699));
#2007=EDGE_LOOP('',(#700));
#2008=EDGE_LOOP('',(#701,#702,#703,#704));
#2009=EDGE_LOOP('',(#705,#706,#707,#708));
#2010=EDGE_LOOP('',(#709,#710,#711,#712));
#2011=EDGE_LOOP('',(#713,#714,#715,#716,#717,#718));
#2012=EDGE_LOOP('',(#719));
#2013=EDGE_LOOP('',(#720));
#2014=EDGE_LOOP('',(#721));
#2015=EDGE_LOOP('',(#722));
#2016=EDGE_LOOP('',(#723));
#2017=EDGE_LOOP('',(#724));
#2018=EDGE_LOOP('',(#725));
#2019=EDGE_LOOP('',(#726,#727));
#2020=EDGE_LOOP('',(#728));
#2021=EDGE_LOOP('',(#729));
#2022=EDGE_LOOP('',(#730));
#2023=EDGE_LOOP('',(#731));
#2024=EDGE_LOOP('',(#732,#733,#734,#735));
#2025=EDGE_LOOP('',(#736,#737,#738,#739,#740,#741,#742,#743,#744,#745,#746));
#2026=EDGE_LOOP('',(#747,#748,#749,#750,#751));
#2027=EDGE_LOOP('',(#752,#753,#754,#755,#756,#757));
#2028=EDGE_LOOP('',(#758,#759,#760,#761,#762,#763,#764));
#2029=EDGE_LOOP('',(#765,#766,#767,#768,#769,#770,#771));
#2030=EDGE_LOOP('',(#772));
#2031=EDGE_LOOP('',(#773));
#2032=EDGE_LOOP('',(#774));
#2033=EDGE_LOOP('',(#775));
#2034=EDGE_LOOP('',(#776));
#2035=EDGE_LOOP('',(#777));
#2036=EDGE_LOOP('',(#778,#779,#780,#781));
#2037=EDGE_LOOP('',(#782,#783,#784,#785));
#2038=EDGE_LOOP('',(#786,#787,#788));
#2039=EDGE_LOOP('',(#789,#790,#791,#792));
#2040=EDGE_LOOP('',(#793,#794,#795,#796,#797,#798,#799,#800,#801));
#2041=EDGE_LOOP('',(#802,#803,#804,#805,#806,#807,#808));
#2042=EDGE_LOOP('',(#809,#810,#811,#812,#813));
#2043=EDGE_LOOP('',(#814,#815,#816,#817,#818,#819,#820,#821));
#2044=EDGE_LOOP('',(#822));
#2045=EDGE_LOOP('',(#823,#824,#825,#826));
#2046=EDGE_LOOP('',(#827,#828,#829,#830));
#2047=EDGE_LOOP('',(#831,#832,#833,#834));
#2048=EDGE_LOOP('',(#835,#836,#837,#838));
#2049=EDGE_LOOP('',(#839,#840,#841,#842,#843,#844,#845,#846,#847,#848,#849,
#850));
#2050=EDGE_LOOP('',(#851));
#2051=EDGE_LOOP('',(#852,#853,#854,#855,#856,#857));
#2052=EDGE_LOOP('',(#858,#859,#860,#861,#862,#863,#864,#865));
#2053=EDGE_LOOP('',(#866,#867,#868,#869,#870,#871,#872,#873,#874));
#2054=EDGE_LOOP('',(#875,#876,#877,#878));
#2055=EDGE_LOOP('',(#879));
#2056=EDGE_LOOP('',(#880));
#2057=EDGE_LOOP('',(#881,#882,#883,#884));
#2058=EDGE_LOOP('',(#885,#886,#887,#888,#889,#890));
#2059=EDGE_LOOP('',(#891));
#2060=EDGE_LOOP('',(#892,#893,#894,#895));
#2061=EDGE_LOOP('',(#896));
#2062=EDGE_LOOP('',(#897,#898,#899,#900,#901,#902));
#2063=EDGE_LOOP('',(#903,#904,#905,#906));
#2064=EDGE_LOOP('',(#907,#908,#909,#910));
#2065=EDGE_LOOP('',(#911));
#2066=EDGE_LOOP('',(#912,#913,#914,#915));
#2067=EDGE_LOOP('',(#916,#917,#918,#919));
#2068=EDGE_LOOP('',(#920));
#2069=EDGE_LOOP('',(#921,#922,#923,#924));
#2070=EDGE_LOOP('',(#925,#926,#927,#928));
#2071=EDGE_LOOP('',(#929));
#2072=EDGE_LOOP('',(#930,#931,#932,#933));
#2073=EDGE_LOOP('',(#934));
#2074=EDGE_LOOP('',(#935,#936,#937,#938));
#2075=EDGE_LOOP('',(#939,#940,#941,#942,#943,#944,#945,#946));
#2076=EDGE_LOOP('',(#947,#948,#949,#950));
#2077=EDGE_LOOP('',(#951,#952,#953,#954));
#2078=EDGE_LOOP('',(#955,#956,#957,#958));
#2079=EDGE_LOOP('',(#959,#960,#961,#962));
#2080=EDGE_LOOP('',(#963,#964,#965));
#2081=EDGE_LOOP('',(#966,#967,#968,#969));
#2082=EDGE_LOOP('',(#970,#971,#972,#973));
#2083=EDGE_LOOP('',(#974,#975,#976,#977));
#2084=EDGE_LOOP('',(#978,#979,#980));
#2085=EDGE_LOOP('',(#981,#982,#983));
#2086=EDGE_LOOP('',(#984,#985,#986,#987));
#2087=EDGE_LOOP('',(#988,#989,#990,#991));
#2088=EDGE_LOOP('',(#992,#993,#994));
#2089=EDGE_LOOP('',(#995,#996,#997,#998));
#2090=EDGE_LOOP('',(#999));
#2091=EDGE_LOOP('',(#1000));
#2092=EDGE_LOOP('',(#1001));
#2093=EDGE_LOOP('',(#1002));
#2094=EDGE_LOOP('',(#1003));
#2095=EDGE_LOOP('',(#1004));
#2096=EDGE_LOOP('',(#1005));
#2097=EDGE_LOOP('',(#1006));
#2098=EDGE_LOOP('',(#1007,#1008,#1009,#1010,#1011));
#2099=EDGE_LOOP('',(#1012,#1013,#1014,#1015));
#2100=EDGE_LOOP('',(#1016,#1017,#1018,#1019,#1020));
#2101=EDGE_LOOP('',(#1021,#1022,#1023,#1024));
#2102=EDGE_LOOP('',(#1025,#1026,#1027,#1028));
#2103=EDGE_LOOP('',(#1029,#1030,#1031,#1032));
#2104=EDGE_LOOP('',(#1033,#1034,#1035,#1036));
#2105=EDGE_LOOP('',(#1037,#1038,#1039,#1040));
#2106=EDGE_LOOP('',(#1041,#1042,#1043,#1044));
#2107=EDGE_LOOP('',(#1045,#1046,#1047,#1048));
#2108=EDGE_LOOP('',(#1049,#1050,#1051,#1052));
#2109=EDGE_LOOP('',(#1053,#1054,#1055,#1056));
#2110=EDGE_LOOP('',(#1057,#1058,#1059,#1060));
#2111=EDGE_LOOP('',(#1061,#1062,#1063,#1064));
#2112=EDGE_LOOP('',(#1065,#1066,#1067,#1068));
#2113=EDGE_LOOP('',(#1069,#1070,#1071,#1072));
#2114=EDGE_LOOP('',(#1073,#1074,#1075,#1076,#1077,#1078,#1079,#1080,#1081,
#1082,#1083,#1084));
#2115=EDGE_LOOP('',(#1085));
#2116=EDGE_LOOP('',(#1086));
#2117=EDGE_LOOP('',(#1087));
#2118=EDGE_LOOP('',(#1088));
#2119=EDGE_LOOP('',(#1089));
#2120=EDGE_LOOP('',(#1090));
#2121=EDGE_LOOP('',(#1091,#1092,#1093,#1094,#1095,#1096,#1097));
#2122=EDGE_LOOP('',(#1098,#1099,#1100,#1101,#1102,#1103));
#2123=EDGE_LOOP('',(#1104,#1105,#1106,#1107,#1108));
#2124=EDGE_LOOP('',(#1109,#1110));
#2125=EDGE_LOOP('',(#1111,#1112,#1113,#1114));
#2126=EDGE_LOOP('',(#1115,#1116,#1117,#1118,#1119,#1120));
#2127=EDGE_LOOP('',(#1121));
#2128=EDGE_LOOP('',(#1122));
#2129=EDGE_LOOP('',(#1123,#1124,#1125,#1126));
#2130=EDGE_LOOP('',(#1127,#1128));
#2131=EDGE_LOOP('',(#1129,#1130,#1131));
#2132=EDGE_LOOP('',(#1132));
#2133=EDGE_LOOP('',(#1133));
#2134=EDGE_LOOP('',(#1134));
#2135=EDGE_LOOP('',(#1135));
#2136=EDGE_LOOP('',(#1136));
#2137=EDGE_LOOP('',(#1137));
#2138=EDGE_LOOP('',(#1138));
#2139=EDGE_LOOP('',(#1139));
#2140=EDGE_LOOP('',(#1140));
#2141=EDGE_LOOP('',(#1141));
#2142=EDGE_LOOP('',(#1142));
#2143=EDGE_LOOP('',(#1143));
#2144=EDGE_LOOP('',(#1144));
#2145=EDGE_LOOP('',(#1145));
#2146=EDGE_LOOP('',(#1146));
#2147=EDGE_LOOP('',(#1147));
#2148=EDGE_LOOP('',(#1148));
#2149=EDGE_LOOP('',(#1149));
#2150=EDGE_LOOP('',(#1150));
#2151=EDGE_LOOP('',(#1151));
#2152=EDGE_LOOP('',(#1152,#1153,#1154));
#2153=EDGE_LOOP('',(#1155));
#2154=EDGE_LOOP('',(#1156));
#2155=EDGE_LOOP('',(#1157));
#2156=EDGE_LOOP('',(#1158,#1159,#1160,#1161));
#2157=EDGE_LOOP('',(#1162));
#2158=EDGE_LOOP('',(#1163));
#2159=EDGE_LOOP('',(#1164,#1165,#1166,#1167,#1168,#1169));
#2160=EDGE_LOOP('',(#1170,#1171,#1172,#1173));
#2161=EDGE_LOOP('',(#1174,#1175,#1176,#1177,#1178,#1179));
#2162=EDGE_LOOP('',(#1180,#1181,#1182,#1183));
#2163=EDGE_LOOP('',(#1184));
#2164=EDGE_LOOP('',(#1185));
#2165=EDGE_LOOP('',(#1186,#1187));
#2166=EDGE_LOOP('',(#1188));
#2167=EDGE_LOOP('',(#1189));
#2168=EDGE_LOOP('',(#1190));
#2169=EDGE_LOOP('',(#1191));
#2170=EDGE_LOOP('',(#1192));
#2171=EDGE_LOOP('',(#1193,#1194,#1195,#1196));
#2172=EDGE_LOOP('',(#1197));
#2173=EDGE_LOOP('',(#1198));
#2174=EDGE_LOOP('',(#1199,#1200,#1201,#1202));
#2175=EDGE_LOOP('',(#1203,#1204,#1205,#1206));
#2176=EDGE_LOOP('',(#1207,#1208,#1209,#1210));
#2177=EDGE_LOOP('',(#1211,#1212,#1213,#1214));
#2178=EDGE_LOOP('',(#1215,#1216));
#2179=EDGE_LOOP('',(#1217));
#2180=EDGE_LOOP('',(#1218));
#2181=EDGE_LOOP('',(#1219));
#2182=EDGE_LOOP('',(#1220));
#2183=EDGE_LOOP('',(#1221));
#2184=EDGE_LOOP('',(#1222));
#2185=EDGE_LOOP('',(#1223));
#2186=EDGE_LOOP('',(#1224,#1225,#1226,#1227));
#2187=EDGE_LOOP('',(#1228));
#2188=EDGE_LOOP('',(#1229));
#2189=EDGE_LOOP('',(#1230,#1231,#1232,#1233));
#2190=EDGE_LOOP('',(#1234,#1235,#1236,#1237));
#2191=EDGE_LOOP('',(#1238,#1239,#1240,#1241));
#2192=EDGE_LOOP('',(#1242,#1243,#1244,#1245));
#2193=EDGE_LOOP('',(#1246));
#2194=EDGE_LOOP('',(#1247));
#2195=EDGE_LOOP('',(#1248));
#2196=EDGE_LOOP('',(#1249));
#2197=EDGE_LOOP('',(#1250));
#2198=EDGE_LOOP('',(#1251));
#2199=EDGE_LOOP('',(#1252));
#2200=FACE_BOUND('',#1963,.T.);
#2201=FACE_BOUND('',#1964,.T.);
#2202=FACE_BOUND('',#1965,.T.);
#2203=FACE_BOUND('',#1966,.T.);
#2204=FACE_BOUND('',#1967,.T.);
#2205=FACE_BOUND('',#1968,.T.);
#2206=FACE_BOUND('',#1969,.T.);
#2207=FACE_BOUND('',#1970,.T.);
#2208=FACE_BOUND('',#1971,.T.);
#2209=FACE_BOUND('',#1972,.T.);
#2210=FACE_BOUND('',#1973,.T.);
#2211=FACE_BOUND('',#1974,.T.);
#2212=FACE_BOUND('',#1975,.T.);
#2213=FACE_BOUND('',#1976,.T.);
#2214=FACE_BOUND('',#1977,.T.);
#2215=FACE_BOUND('',#1978,.T.);
#2216=FACE_BOUND('',#1979,.T.);
#2217=FACE_BOUND('',#1980,.T.);
#2218=FACE_BOUND('',#1981,.T.);
#2219=FACE_BOUND('',#1982,.T.);
#2220=FACE_BOUND('',#1983,.T.);
#2221=FACE_BOUND('',#1984,.T.);
#2222=FACE_BOUND('',#1985,.T.);
#2223=FACE_BOUND('',#1986,.T.);
#2224=FACE_BOUND('',#1987,.T.);
#2225=FACE_BOUND('',#1988,.T.);
#2226=FACE_BOUND('',#1989,.T.);
#2227=FACE_BOUND('',#1990,.T.);
#2228=FACE_BOUND('',#1991,.T.);
#2229=FACE_BOUND('',#1992,.T.);
#2230=FACE_BOUND('',#1993,.T.);
#2231=FACE_BOUND('',#1994,.T.);
#2232=FACE_BOUND('',#1995,.T.);
#2233=FACE_BOUND('',#1996,.T.);
#2234=FACE_BOUND('',#1997,.T.);
#2235=FACE_BOUND('',#1998,.T.);
#2236=FACE_BOUND('',#1999,.T.);
#2237=FACE_BOUND('',#2000,.T.);
#2238=FACE_BOUND('',#2001,.T.);
#2239=FACE_BOUND('',#2002,.T.);
#2240=FACE_BOUND('',#2003,.T.);
#2241=FACE_BOUND('',#2004,.T.);
#2242=FACE_BOUND('',#2005,.T.);
#2243=FACE_BOUND('',#2006,.T.);
#2244=FACE_BOUND('',#2007,.T.);
#2245=FACE_BOUND('',#2008,.T.);
#2246=FACE_BOUND('',#2009,.T.);
#2247=FACE_BOUND('',#2010,.T.);
#2248=FACE_BOUND('',#2011,.T.);
#2249=FACE_BOUND('',#2012,.T.);
#2250=FACE_BOUND('',#2013,.T.);
#2251=FACE_BOUND('',#2014,.T.);
#2252=FACE_BOUND('',#2015,.T.);
#2253=FACE_BOUND('',#2016,.T.);
#2254=FACE_BOUND('',#2017,.T.);
#2255=FACE_BOUND('',#2018,.T.);
#2256=FACE_BOUND('',#2019,.T.);
#2257=FACE_BOUND('',#2020,.T.);
#2258=FACE_BOUND('',#2021,.T.);
#2259=FACE_BOUND('',#2022,.T.);
#2260=FACE_BOUND('',#2023,.T.);
#2261=FACE_BOUND('',#2024,.T.);
#2262=FACE_BOUND('',#2025,.T.);
#2263=FACE_BOUND('',#2026,.T.);
#2264=FACE_BOUND('',#2027,.T.);
#2265=FACE_BOUND('',#2028,.T.);
#2266=FACE_BOUND('',#2029,.T.);
#2267=FACE_BOUND('',#2030,.T.);
#2268=FACE_BOUND('',#2031,.T.);
#2269=FACE_BOUND('',#2032,.T.);
#2270=FACE_BOUND('',#2033,.T.);
#2271=FACE_BOUND('',#2034,.T.);
#2272=FACE_BOUND('',#2035,.T.);
#2273=FACE_BOUND('',#2036,.T.);
#2274=FACE_BOUND('',#2037,.T.);
#2275=FACE_BOUND('',#2038,.T.);
#2276=FACE_BOUND('',#2039,.T.);
#2277=FACE_BOUND('',#2040,.T.);
#2278=FACE_BOUND('',#2041,.T.);
#2279=FACE_BOUND('',#2042,.T.);
#2280=FACE_BOUND('',#2043,.T.);
#2281=FACE_BOUND('',#2044,.T.);
#2282=FACE_BOUND('',#2045,.T.);
#2283=FACE_BOUND('',#2046,.T.);
#2284=FACE_BOUND('',#2047,.T.);
#2285=FACE_BOUND('',#2048,.T.);
#2286=FACE_BOUND('',#2049,.T.);
#2287=FACE_BOUND('',#2050,.T.);
#2288=FACE_BOUND('',#2051,.T.);
#2289=FACE_BOUND('',#2052,.T.);
#2290=FACE_BOUND('',#2053,.T.);
#2291=FACE_BOUND('',#2054,.T.);
#2292=FACE_BOUND('',#2055,.T.);
#2293=FACE_BOUND('',#2056,.T.);
#2294=FACE_BOUND('',#2057,.T.);
#2295=FACE_BOUND('',#2058,.T.);
#2296=FACE_BOUND('',#2059,.T.);
#2297=FACE_BOUND('',#2060,.T.);
#2298=FACE_BOUND('',#2061,.T.);
#2299=FACE_BOUND('',#2062,.T.);
#2300=FACE_BOUND('',#2063,.T.);
#2301=FACE_BOUND('',#2064,.T.);
#2302=FACE_BOUND('',#2065,.T.);
#2303=FACE_BOUND('',#2066,.T.);
#2304=FACE_BOUND('',#2067,.T.);
#2305=FACE_BOUND('',#2068,.T.);
#2306=FACE_BOUND('',#2069,.T.);
#2307=FACE_BOUND('',#2070,.T.);
#2308=FACE_BOUND('',#2071,.T.);
#2309=FACE_BOUND('',#2072,.T.);
#2310=FACE_BOUND('',#2073,.T.);
#2311=FACE_BOUND('',#2074,.T.);
#2312=FACE_BOUND('',#2075,.T.);
#2313=FACE_BOUND('',#2076,.T.);
#2314=FACE_BOUND('',#2077,.T.);
#2315=FACE_BOUND('',#2078,.T.);
#2316=FACE_BOUND('',#2079,.T.);
#2317=FACE_BOUND('',#2080,.T.);
#2318=FACE_BOUND('',#2081,.T.);
#2319=FACE_BOUND('',#2082,.T.);
#2320=FACE_BOUND('',#2083,.T.);
#2321=FACE_BOUND('',#2084,.T.);
#2322=FACE_BOUND('',#2085,.T.);
#2323=FACE_BOUND('',#2086,.T.);
#2324=FACE_BOUND('',#2087,.T.);
#2325=FACE_BOUND('',#2088,.T.);
#2326=FACE_BOUND('',#2089,.T.);
#2327=FACE_BOUND('',#2090,.T.);
#2328=FACE_BOUND('',#2091,.T.);
#2329=FACE_BOUND('',#2092,.T.);
#2330=FACE_BOUND('',#2093,.T.);
#2331=FACE_BOUND('',#2094,.T.);
#2332=FACE_BOUND('',#2095,.T.);
#2333=FACE_BOUND('',#2096,.T.);
#2334=FACE_BOUND('',#2097,.T.);
#2335=FACE_BOUND('',#2098,.T.);
#2336=FACE_BOUND('',#2099,.T.);
#2337=FACE_BOUND('',#2100,.T.);
#2338=FACE_BOUND('',#2101,.T.);
#2339=FACE_BOUND('',#2102,.T.);
#2340=FACE_BOUND('',#2103,.T.);
#2341=FACE_BOUND('',#2104,.T.);
#2342=FACE_BOUND('',#2105,.T.);
#2343=FACE_BOUND('',#2106,.T.);
#2344=FACE_BOUND('',#2107,.T.);
#2345=FACE_BOUND('',#2108,.T.);
#2346=FACE_BOUND('',#2109,.T.);
#2347=FACE_BOUND('',#2110,.T.);
#2348=FACE_BOUND('',#2111,.T.);
#2349=FACE_BOUND('',#2112,.T.);
#2350=FACE_BOUND('',#2113,.T.);
#2351=FACE_BOUND('',#2114,.T.);
#2352=FACE_BOUND('',#2115,.T.);
#2353=FACE_BOUND('',#2116,.T.);
#2354=FACE_BOUND('',#2117,.T.);
#2355=FACE_BOUND('',#2118,.T.);
#2356=FACE_BOUND('',#2119,.T.);
#2357=FACE_BOUND('',#2120,.T.);
#2358=FACE_BOUND('',#2121,.T.);
#2359=FACE_BOUND('',#2122,.T.);
#2360=FACE_BOUND('',#2123,.T.);
#2361=FACE_BOUND('',#2124,.T.);
#2362=FACE_BOUND('',#2125,.T.);
#2363=FACE_BOUND('',#2126,.T.);
#2364=FACE_BOUND('',#2127,.T.);
#2365=FACE_BOUND('',#2128,.T.);
#2366=FACE_BOUND('',#2129,.T.);
#2367=FACE_BOUND('',#2130,.T.);
#2368=FACE_BOUND('',#2131,.T.);
#2369=FACE_BOUND('',#2132,.T.);
#2370=FACE_BOUND('',#2133,.T.);
#2371=FACE_BOUND('',#2134,.T.);
#2372=FACE_BOUND('',#2135,.T.);
#2373=FACE_BOUND('',#2136,.T.);
#2374=FACE_BOUND('',#2137,.T.);
#2375=FACE_BOUND('',#2138,.T.);
#2376=FACE_BOUND('',#2139,.T.);
#2377=FACE_BOUND('',#2140,.T.);
#2378=FACE_BOUND('',#2141,.T.);
#2379=FACE_BOUND('',#2142,.T.);
#2380=FACE_BOUND('',#2143,.T.);
#2381=FACE_BOUND('',#2144,.T.);
#2382=FACE_BOUND('',#2145,.T.);
#2383=FACE_BOUND('',#2146,.T.);
#2384=FACE_BOUND('',#2147,.T.);
#2385=FACE_BOUND('',#2148,.T.);
#2386=FACE_BOUND('',#2149,.T.);
#2387=FACE_BOUND('',#2150,.T.);
#2388=FACE_BOUND('',#2151,.T.);
#2389=FACE_BOUND('',#2152,.T.);
#2390=FACE_BOUND('',#2153,.T.);
#2391=FACE_BOUND('',#2154,.T.);
#2392=FACE_BOUND('',#2155,.T.);
#2393=FACE_BOUND('',#2156,.T.);
#2394=FACE_BOUND('',#2157,.T.);
#2395=FACE_BOUND('',#2158,.T.);
#2396=FACE_BOUND('',#2159,.T.);
#2397=FACE_BOUND('',#2160,.T.);
#2398=FACE_BOUND('',#2161,.T.);
#2399=FACE_BOUND('',#2162,.T.);
#2400=FACE_BOUND('',#2163,.T.);
#2401=FACE_BOUND('',#2164,.T.);
#2402=FACE_BOUND('',#2165,.T.);
#2403=FACE_BOUND('',#2166,.T.);
#2404=FACE_BOUND('',#2167,.T.);
#2405=FACE_BOUND('',#2168,.T.);
#2406=FACE_BOUND('',#2169,.T.);
#2407=FACE_BOUND('',#2170,.T.);
#2408=FACE_BOUND('',#2171,.T.);
#2409=FACE_BOUND('',#2172,.T.);
#2410=FACE_BOUND('',#2173,.T.);
#2411=FACE_BOUND('',#2174,.T.);
#2412=FACE_BOUND('',#2175,.T.);
#2413=FACE_BOUND('',#2176,.T.);
#2414=FACE_BOUND('',#2177,.T.);
#2415=FACE_BOUND('',#2178,.T.);
#2416=FACE_BOUND('',#2179,.T.);
#2417=FACE_BOUND('',#2180,.T.);
#2418=FACE_BOUND('',#2181,.T.);
#2419=FACE_BOUND('',#2182,.T.);
#2420=FACE_BOUND('',#2183,.T.);
#2421=FACE_BOUND('',#2184,.T.);
#2422=FACE_BOUND('',#2185,.T.);
#2423=FACE_BOUND('',#2186,.T.);
#2424=FACE_BOUND('',#2187,.T.);
#2425=FACE_BOUND('',#2188,.T.);
#2426=FACE_BOUND('',#2189,.T.);
#2427=FACE_BOUND('',#2190,.T.);
#2428=FACE_BOUND('',#2191,.T.);
#2429=FACE_BOUND('',#2192,.T.);
#2430=FACE_BOUND('',#2193,.T.);
#2431=FACE_BOUND('',#2194,.T.);
#2432=FACE_BOUND('',#2195,.T.);
#2433=FACE_BOUND('',#2196,.T.);
#2434=FACE_BOUND('',#2197,.T.);
#2435=FACE_BOUND('',#2198,.T.);
#2436=FACE_BOUND('',#2199,.T.);
#2437=PLANE('',#2717);
#2438=PLANE('',#2719);
#2439=PLANE('',#2721);
#2440=PLANE('',#2723);
#2441=PLANE('',#2724);
#2442=PLANE('',#2725);
#2443=PLANE('',#2726);
#2444=PLANE('',#2727);
#2445=PLANE('',#2728);
#2446=PLANE('',#2736);
#2447=PLANE('',#2743);
#2448=PLANE('',#2746);
#2449=PLANE('',#2750);
#2450=PLANE('',#2753);
#2451=PLANE('',#2755);
#2452=PLANE('',#2756);
#2453=PLANE('',#2759);
#2454=PLANE('',#2761);
#2455=PLANE('',#2765);
#2456=PLANE('',#2770);
#2457=PLANE('',#2772);
#2458=PLANE('',#2773);
#2459=PLANE('',#2774);
#2460=PLANE('',#2780);
#2461=PLANE('',#2786);
#2462=PLANE('',#2787);
#2463=PLANE('',#2788);
#2464=PLANE('',#2789);
#2465=PLANE('',#2790);
#2466=PLANE('',#2791);
#2467=PLANE('',#2794);
#2468=PLANE('',#2797);
#2469=PLANE('',#2798);
#2470=PLANE('',#2799);
#2471=PLANE('',#2800);
#2472=PLANE('',#2801);
#2473=PLANE('',#2803);
#2474=PLANE('',#2804);
#2475=PLANE('',#2805);
#2476=PLANE('',#2806);
#2477=PLANE('',#2808);
#2478=PLANE('',#2809);
#2479=PLANE('',#2811);
#2480=PLANE('',#2821);
#2481=PLANE('',#2826);
#2482=PLANE('',#2835);
#2483=PLANE('',#2839);
#2484=PLANE('',#2843);
#2485=PLANE('',#2845);
#2486=PLANE('',#2847);
#2487=PLANE('',#2848);
#2488=PLANE('',#2849);
#2489=PLANE('',#2850);
#2490=PLANE('',#2851);
#2491=PLANE('',#2874);
#2492=PLANE('',#2875);
#2493=PLANE('',#2876);
#2494=PLANE('',#2877);
#2495=PLANE('',#2878);
#2496=PLANE('',#2879);
#2497=PLANE('',#2880);
#2498=PLANE('',#2881);
#2499=PLANE('',#2882);
#2500=PLANE('',#2883);
#2501=PLANE('',#2884);
#2502=PLANE('',#2885);
#2503=PLANE('',#2886);
#2504=PLANE('',#2887);
#2505=PLANE('',#2888);
#2506=PLANE('',#2889);
#2507=PLANE('',#2890);
#2508=PLANE('',#2893);
#2509=PLANE('',#2896);
#2510=PLANE('',#2897);
#2511=PLANE('',#2898);
#2512=PLANE('',#2899);
#2513=PLANE('',#2910);
#2514=PLANE('',#2913);
#2515=PLANE('',#2918);
#2516=PLANE('',#2926);
#2517=PLANE('',#2940);
#2518=PLANE('',#2958);
#2519=ADVANCED_FACE('',(#2200,#2201),#2437,.F.);
#2520=ADVANCED_FACE('',(#2202,#2203),#2438,.F.);
#2521=ADVANCED_FACE('',(#2204),#2439,.F.);
#2522=ADVANCED_FACE('',(#2205),#2440,.T.);
#2523=ADVANCED_FACE('',(#2206),#2441,.T.);
#2524=ADVANCED_FACE('',(#2207),#2442,.F.);
#2525=ADVANCED_FACE('',(#2208),#2443,.F.);
#2526=ADVANCED_FACE('',(#2209),#2444,.T.);
#2527=ADVANCED_FACE('',(#2210),#2445,.F.);
#2528=ADVANCED_FACE('',(#2211,#2212),#2446,.T.);
#2529=ADVANCED_FACE('',(#2213,#2214),#2447,.T.);
#2530=ADVANCED_FACE('',(#2215),#107,.T.);
#2531=ADVANCED_FACE('',(#2216,#2217),#2448,.F.);
#2532=ADVANCED_FACE('',(#2218),#108,.T.);
#2533=ADVANCED_FACE('',(#2219,#2220),#2449,.F.);
#2534=ADVANCED_FACE('',(#2221),#109,.T.);
#2535=ADVANCED_FACE('',(#2222,#2223),#2450,.T.);
#2536=ADVANCED_FACE('',(#2224),#2451,.T.);
#2537=ADVANCED_FACE('',(#2225,#2226),#2452,.F.);
#2538=ADVANCED_FACE('',(#2227,#2228),#110,.F.);
#2539=ADVANCED_FACE('',(#2229,#2230),#2453,.F.);
#2540=ADVANCED_FACE('',(#2231),#2454,.F.);
#2541=ADVANCED_FACE('',(#2232,#2233),#111,.F.);
#2542=ADVANCED_FACE('',(#2234),#112,.T.);
#2543=ADVANCED_FACE('',(#2235),#2455,.F.);
#2544=ADVANCED_FACE('',(#2236,#2237),#113,.F.);
#2545=ADVANCED_FACE('',(#2238,#2239),#114,.F.);
#2546=ADVANCED_FACE('',(#2240,#2241),#115,.F.);
#2547=ADVANCED_FACE('',(#2242,#2243),#116,.F.);
#2548=ADVANCED_FACE('',(#2244,#2245),#2456,.F.);
#2549=ADVANCED_FACE('',(#2246),#2457,.F.);
#2550=ADVANCED_FACE('',(#2247),#2458,.T.);
#2551=ADVANCED_FACE('',(#2248),#2459,.T.);
#2552=ADVANCED_FACE('',(#2249,#2250),#117,.F.);
#2553=ADVANCED_FACE('',(#2251,#2252),#118,.T.);
#2554=ADVANCED_FACE('',(#2253,#2254),#2460,.F.);
#2555=ADVANCED_FACE('',(#2255,#2256),#34,.F.);
#2556=ADVANCED_FACE('',(#2257,#2258),#35,.T.);
#2557=ADVANCED_FACE('',(#2259,#2260),#36,.T.);
#2558=ADVANCED_FACE('',(#2261),#2461,.T.);
#2559=ADVANCED_FACE('',(#2262),#2462,.F.);
#2560=ADVANCED_FACE('',(#2263),#2463,.F.);
#2561=ADVANCED_FACE('',(#2264),#2464,.T.);
#2562=ADVANCED_FACE('',(#2265),#2465,.F.);
#2563=ADVANCED_FACE('',(#2266),#2466,.T.);
#2564=ADVANCED_FACE('',(#2267,#2268),#119,.F.);
#2565=ADVANCED_FACE('',(#2269),#2467,.T.);
#2566=ADVANCED_FACE('',(#2270,#2271),#120,.F.);
#2567=ADVANCED_FACE('',(#2272),#2468,.T.);
#2568=ADVANCED_FACE('',(#2273),#2469,.F.);
#2569=ADVANCED_FACE('',(#2274),#2470,.F.);
#2570=ADVANCED_FACE('',(#2275),#2471,.F.);
#2571=ADVANCED_FACE('',(#2276),#2472,.T.);
#2572=ADVANCED_FACE('',(#2277),#2473,.T.);
#2573=ADVANCED_FACE('',(#2278),#25,.F.);
#2574=ADVANCED_FACE('',(#2279),#2474,.T.);
#2575=ADVANCED_FACE('',(#2280),#2475,.T.);
#2576=ADVANCED_FACE('',(#2281,#2282),#2476,.T.);
#2577=ADVANCED_FACE('',(#2283),#26,.F.);
#2578=ADVANCED_FACE('',(#2284),#2477,.T.);
#2579=ADVANCED_FACE('',(#2285,#2286),#27,.F.);
#2580=ADVANCED_FACE('',(#2287,#2288),#2478,.T.);
#2581=ADVANCED_FACE('',(#2289,#2290),#2479,.T.);
#2582=ADVANCED_FACE('',(#2291,#2292),#121,.F.);
#2583=ADVANCED_FACE('',(#2293,#2294,#2295),#2480,.F.);
#2584=ADVANCED_FACE('',(#2296,#2297),#2481,.F.);
#2585=ADVANCED_FACE('',(#2298,#2299),#122,.F.);
#2586=ADVANCED_FACE('',(#2300),#123,.T.);
#2587=ADVANCED_FACE('',(#2301),#124,.T.);
#2588=ADVANCED_FACE('',(#2302,#2303),#2482,.T.);
#2589=ADVANCED_FACE('',(#2304),#125,.T.);
#2590=ADVANCED_FACE('',(#2305,#2306),#2483,.T.);
#2591=ADVANCED_FACE('',(#2307),#126,.T.);
#2592=ADVANCED_FACE('',(#2308,#2309),#2484,.F.);
#2593=ADVANCED_FACE('',(#2310,#2311),#2485,.F.);
#2594=ADVANCED_FACE('',(#2312,#2313),#2486,.F.);
#2595=ADVANCED_FACE('',(#2314),#2487,.F.);
#2596=ADVANCED_FACE('',(#2315),#2488,.F.);
#2597=ADVANCED_FACE('',(#2316),#2489,.F.);
#2598=ADVANCED_FACE('',(#2317),#2490,.T.);
#2599=ADVANCED_FACE('',(#2318),#127,.T.);
#2600=ADVANCED_FACE('',(#2319),#128,.T.);
#2601=ADVANCED_FACE('',(#2320),#129,.T.);
#2602=ADVANCED_FACE('',(#2321),#22,.T.);
#2603=ADVANCED_FACE('',(#2322),#23,.T.);
#2604=ADVANCED_FACE('',(#2323),#130,.T.);
#2605=ADVANCED_FACE('',(#2324),#131,.T.);
#2606=ADVANCED_FACE('',(#2325),#24,.T.);
#2607=ADVANCED_FACE('',(#2326),#132,.T.);
#2608=ADVANCED_FACE('',(#2327,#2328),#133,.F.);
#2609=ADVANCED_FACE('',(#2329,#2330),#134,.F.);
#2610=ADVANCED_FACE('',(#2331,#2332),#135,.F.);
#2611=ADVANCED_FACE('',(#2333,#2334),#136,.F.);
#2612=ADVANCED_FACE('',(#2335),#2491,.F.);
#2613=ADVANCED_FACE('',(#2336),#2492,.F.);
#2614=ADVANCED_FACE('',(#2337),#2493,.T.);
#2615=ADVANCED_FACE('',(#2338),#2494,.T.);
#2616=ADVANCED_FACE('',(#2339),#2495,.F.);
#2617=ADVANCED_FACE('',(#2340),#2496,.F.);
#2618=ADVANCED_FACE('',(#2341),#2497,.F.);
#2619=ADVANCED_FACE('',(#2342),#2498,.F.);
#2620=ADVANCED_FACE('',(#2343),#2499,.F.);
#2621=ADVANCED_FACE('',(#2344),#2500,.F.);
#2622=ADVANCED_FACE('',(#2345),#2501,.F.);
#2623=ADVANCED_FACE('',(#2346),#2502,.F.);
#2624=ADVANCED_FACE('',(#2347),#2503,.F.);
#2625=ADVANCED_FACE('',(#2348),#2504,.F.);
#2626=ADVANCED_FACE('',(#2349),#2505,.F.);
#2627=ADVANCED_FACE('',(#2350),#2506,.F.);
#2628=ADVANCED_FACE('',(#2351),#2507,.F.);
#2629=ADVANCED_FACE('',(#2352,#2353),#137,.F.);
#2630=ADVANCED_FACE('',(#2354),#2508,.T.);
#2631=ADVANCED_FACE('',(#2355,#2356),#138,.F.);
#2632=ADVANCED_FACE('',(#2357),#2509,.T.);
#2633=ADVANCED_FACE('',(#2358),#2510,.T.);
#2634=ADVANCED_FACE('',(#2359),#2511,.T.);
#2635=ADVANCED_FACE('',(#2360),#2512,.F.);
#2636=ADVANCED_FACE('',(#2361),#139,.T.);
#2637=ADVANCED_FACE('',(#2362,#2363,#2364,#2365,#2366),#140,.T.);
#2638=ADVANCED_FACE('',(#2367),#141,.T.);
#2639=ADVANCED_FACE('',(#2368),#142,.T.);
#2640=ADVANCED_FACE('',(#2369,#2370),#2513,.F.);
#2641=ADVANCED_FACE('',(#2371,#2372),#2514,.F.);
#2642=ADVANCED_FACE('',(#2373,#2374),#143,.F.);
#2643=ADVANCED_FACE('',(#2375,#2376),#2515,.T.);
#2644=ADVANCED_FACE('',(#2377,#2378),#37,.T.);
#2645=ADVANCED_FACE('',(#2379,#2380),#38,.T.);
#2646=ADVANCED_FACE('',(#2381,#2382),#39,.T.);
#2647=ADVANCED_FACE('',(#2383,#2384),#40,.T.);
#2648=ADVANCED_FACE('',(#2385,#2386),#2516,.F.);
#2649=ADVANCED_FACE('',(#2387,#2388),#144,.F.);
#2650=ADVANCED_FACE('',(#2389),#145,.T.);
#2651=ADVANCED_FACE('',(#2390,#2391),#146,.F.);
#2652=ADVANCED_FACE('',(#2392,#2393),#41,.T.);
#2653=ADVANCED_FACE('',(#2394,#2395),#42,.T.);
#2654=ADVANCED_FACE('',(#2396),#10,.F.);
#2655=ADVANCED_FACE('',(#2397),#11,.F.);
#2656=ADVANCED_FACE('',(#2398),#12,.F.);
#2657=ADVANCED_FACE('',(#2399),#13,.F.);
#2658=ADVANCED_FACE('',(#2400,#2401),#2517,.F.);
#2659=ADVANCED_FACE('',(#2402),#147,.T.);
#2660=ADVANCED_FACE('',(#2403,#2404),#148,.F.);
#2661=ADVANCED_FACE('',(#2405,#2406),#149,.F.);
#2662=ADVANCED_FACE('',(#2407,#2408),#43,.T.);
#2663=ADVANCED_FACE('',(#2409,#2410),#44,.T.);
#2664=ADVANCED_FACE('',(#2411),#14,.F.);
#2665=ADVANCED_FACE('',(#2412),#15,.F.);
#2666=ADVANCED_FACE('',(#2413),#16,.F.);
#2667=ADVANCED_FACE('',(#2414),#17,.F.);
#2668=ADVANCED_FACE('',(#2415),#150,.T.);
#2669=ADVANCED_FACE('',(#2416,#2417),#151,.F.);
#2670=ADVANCED_FACE('',(#2418,#2419),#2518,.F.);
#2671=ADVANCED_FACE('',(#2420,#2421),#152,.T.);
#2672=ADVANCED_FACE('',(#2422,#2423),#45,.T.);
#2673=ADVANCED_FACE('',(#2424,#2425),#46,.T.);
#2674=ADVANCED_FACE('',(#2426),#18,.F.);
#2675=ADVANCED_FACE('',(#2427),#19,.F.);
#2676=ADVANCED_FACE('',(#2428),#20,.F.);
#2677=ADVANCED_FACE('',(#2429),#21,.F.);
#2678=ADVANCED_FACE('',(#2430,#2431,#2432,#2433,#2434),#153,.F.);
#2679=ADVANCED_FACE('',(#2435,#2436),#154,.F.);
#2680=CLOSED_SHELL('',(#2519,#2520,#2521,#2522,#2523,#2524,#2525,#2526,
#2527,#2528,#2529,#2530,#2531,#2532,#2533,#2534,#2535,#2536,#2537,#2538,
#2539,#2540,#2541,#2542,#2543,#2544,#2545,#2546,#2547,#2548,#2549,#2550,
#2551,#2552,#2553,#2554,#2555,#2556,#2557,#2558,#2559,#2560,#2561,#2562,
#2563,#2564,#2565,#2566,#2567,#2568,#2569,#2570,#2571));
#2681=CLOSED_SHELL('',(#2572,#2573,#2574,#2575,#2576,#2577,#2578,#2579,
#2580,#2581,#2582,#2583,#2584,#2585,#2586,#2587,#2588,#2589,#2590,#2591,
#2592,#2593,#2594,#2595,#2596,#2597,#2598,#2599,#2600,#2601,#2602,#2603,
#2604,#2605,#2606,#2607,#2608,#2609,#2610,#2611,#2612,#2613,#2614,#2615,
#2616,#2617,#2618,#2619,#2620,#2621,#2622,#2623,#2624,#2625,#2626,#2627,
#2628,#2629,#2630,#2631,#2632,#2633,#2634,#2635));
#2682=CLOSED_SHELL('',(#2636,#2637,#2638,#2639,#2640,#2641,#2642,#2643,
#2644,#2645,#2646,#2647,#2648,#2649,#2650,#2651,#2652,#2653,#2654,#2655,
#2656,#2657,#2658,#2659,#2660,#2661,#2662,#2663,#2664,#2665,#2666,#2667,
#2668,#2669,#2670,#2671,#2672,#2673,#2674,#2675,#2676,#2677,#2678,#2679));
#2683=STYLED_ITEM('',(#2686),#2707);
#2684=STYLED_ITEM('',(#2687),#2708);
#2685=STYLED_ITEM('',(#2688),#2709);
#2686=PRESENTATION_STYLE_ASSIGNMENT((#2689));
#2687=PRESENTATION_STYLE_ASSIGNMENT((#2690));
#2688=PRESENTATION_STYLE_ASSIGNMENT((#2691));
#2689=SURFACE_STYLE_USAGE(.BOTH.,#2692);
#2690=SURFACE_STYLE_USAGE(.BOTH.,#2693);
#2691=SURFACE_STYLE_USAGE(.BOTH.,#2694);
#2692=SURFACE_SIDE_STYLE('',(#2695));
#2693=SURFACE_SIDE_STYLE('',(#2696));
#2694=SURFACE_SIDE_STYLE('',(#2697));
#2695=SURFACE_STYLE_FILL_AREA(#2698);
#2696=SURFACE_STYLE_FILL_AREA(#2699);
#2697=SURFACE_STYLE_FILL_AREA(#2700);
#2698=FILL_AREA_STYLE('',(#2701));
#2699=FILL_AREA_STYLE('',(#2702));
#2700=FILL_AREA_STYLE('',(#2703));
#2701=FILL_AREA_STYLE_COLOUR('',#2704);
#2702=FILL_AREA_STYLE_COLOUR('',#2705);
#2703=FILL_AREA_STYLE_COLOUR('',#2706);
#2704=COLOUR_RGB('',0.231372549019608,0.380392156862745,0.705882352941177);
#2705=COLOUR_RGB('',0.615686274509804,0.811764705882353,0.929411764705882);
#2706=COLOUR_RGB('',0.647058823529412,0.647058823529412,0.647058823529412);
#2707=MANIFOLD_SOLID_BREP('Y Axis',#2680);
#2708=MANIFOLD_SOLID_BREP('X Axis',#2681);
#2709=MANIFOLD_SOLID_BREP('Motor Mount',#2682);
#2710=SHAPE_DEFINITION_REPRESENTATION(#5064,#2713);
#2711=SHAPE_DEFINITION_REPRESENTATION(#5065,#2714);
#2712=SHAPE_DEFINITION_REPRESENTATION(#5066,#2715);
#2713=SHAPE_REPRESENTATION('Y Axis',(#2716),#5049);
#2714=SHAPE_REPRESENTATION('X Axis',(#2802),#5050);
#2715=SHAPE_REPRESENTATION('Motor Mount',(#2900),#5051);
#2716=AXIS2_PLACEMENT_3D('',#3670,#2970,#2971);
#2717=AXIS2_PLACEMENT_3D('',#3671,#2972,#2973);
#2718=AXIS2_PLACEMENT_3D('',#3672,#2974,#2975);
#2719=AXIS2_PLACEMENT_3D('',#3684,#2981,#2982);
#2720=AXIS2_PLACEMENT_3D('',#3685,#2983,#2984);
#2721=AXIS2_PLACEMENT_3D('',#3695,#2989,#2990);
#2722=AXIS2_PLACEMENT_3D('',#3700,#2993,#2994);
#2723=AXIS2_PLACEMENT_3D('',#3705,#2997,#2998);
#2724=AXIS2_PLACEMENT_3D('',#3714,#3003,#3004);
#2725=AXIS2_PLACEMENT_3D('',#3727,#3011,#3012);
#2726=AXIS2_PLACEMENT_3D('',#3739,#3019,#3020);
#2727=AXIS2_PLACEMENT_3D('',#3745,#3025,#3026);
#2728=AXIS2_PLACEMENT_3D('',#3748,#3029,#3030);
#2729=AXIS2_PLACEMENT_3D('',#3750,#3032,#3033);
#2730=AXIS2_PLACEMENT_3D('',#3754,#3035,#3036);
#2731=AXIS2_PLACEMENT_3D('',#3758,#3038,#3039);
#2732=AXIS2_PLACEMENT_3D('',#3762,#3041,#3042);
#2733=AXIS2_PLACEMENT_3D('',#3765,#3044,#3045);
#2734=AXIS2_PLACEMENT_3D('',#3771,#3048,#3049);
#2735=AXIS2_PLACEMENT_3D('',#3777,#3052,#3053);
#2736=AXIS2_PLACEMENT_3D('',#3778,#3054,#3055);
#2737=AXIS2_PLACEMENT_3D('',#3784,#3058,#3059);
#2738=AXIS2_PLACEMENT_3D('',#3790,#3062,#3063);
#2739=AXIS2_PLACEMENT_3D('',#3796,#3066,#3067);
#2740=AXIS2_PLACEMENT_3D('',#3800,#3069,#3070);
#2741=AXIS2_PLACEMENT_3D('',#3804,#3072,#3073);
#2742=AXIS2_PLACEMENT_3D('',#3808,#3075,#3076);
#2743=AXIS2_PLACEMENT_3D('',#3811,#3078,#3079);
#2744=AXIS2_PLACEMENT_3D('',#3812,#3080,#3081);
#2745=AXIS2_PLACEMENT_3D('',#3816,#3084,#3085);
#2746=AXIS2_PLACEMENT_3D('',#3818,#3087,#3088);
#2747=AXIS2_PLACEMENT_3D('',#3819,#3089,#3090);
#2748=AXIS2_PLACEMENT_3D('',#3824,#3092,#3093);
#2749=AXIS2_PLACEMENT_3D('',#3831,#3098,#3099);
#2750=AXIS2_PLACEMENT_3D('',#3833,#3101,#3102);
#2751=AXIS2_PLACEMENT_3D('',#3834,#3103,#3104);
#2752=AXIS2_PLACEMENT_3D('',#3837,#3106,#3107);
#2753=AXIS2_PLACEMENT_3D('',#3839,#3109,#3110);
#2754=AXIS2_PLACEMENT_3D('',#3840,#3111,#3112);
#2755=AXIS2_PLACEMENT_3D('',#3843,#3114,#3115);
#2756=AXIS2_PLACEMENT_3D('',#3846,#3118,#3119);
#2757=AXIS2_PLACEMENT_3D('',#3847,#3120,#3121);
#2758=AXIS2_PLACEMENT_3D('',#3850,#3123,#3124);
#2759=AXIS2_PLACEMENT_3D('',#3864,#3126,#3127);
#2760=AXIS2_PLACEMENT_3D('',#3865,#3128,#3129);
#2761=AXIS2_PLACEMENT_3D('',#3868,#3131,#3132);
#2762=AXIS2_PLACEMENT_3D('',#3870,#3134,#3135);
#2763=AXIS2_PLACEMENT_3D('',#3883,#3136,#3137);
#2764=AXIS2_PLACEMENT_3D('',#3884,#3138,#3139);
#2765=AXIS2_PLACEMENT_3D('',#3885,#3140,#3141);
#2766=AXIS2_PLACEMENT_3D('',#3886,#3142,#3143);
#2767=AXIS2_PLACEMENT_3D('',#3887,#3144,#3145);
#2768=AXIS2_PLACEMENT_3D('',#3888,#3146,#3147);
#2769=AXIS2_PLACEMENT_3D('',#3889,#3148,#3149);
#2770=AXIS2_PLACEMENT_3D('',#3890,#3150,#3151);
#2771=AXIS2_PLACEMENT_3D('',#3891,#3152,#3153);
#2772=AXIS2_PLACEMENT_3D('',#3898,#3157,#3158);
#2773=AXIS2_PLACEMENT_3D('',#3900,#3160,#3161);
#2774=AXIS2_PLACEMENT_3D('',#3902,#3163,#3164);
#2775=AXIS2_PLACEMENT_3D('',#3908,#3165,#3166);
#2776=AXIS2_PLACEMENT_3D('',#3909,#3167,#3168);
#2777=AXIS2_PLACEMENT_3D('',#3911,#3169,#3170);
#2778=AXIS2_PLACEMENT_3D('',#3912,#3171,#3172);
#2779=AXIS2_PLACEMENT_3D('',#3914,#3173,#3174);
#2780=AXIS2_PLACEMENT_3D('',#3916,#3175,#3176);
#2781=AXIS2_PLACEMENT_3D('',#3917,#3177,#3178);
#2782=AXIS2_PLACEMENT_3D('',#3919,#3179,#3180);
#2783=AXIS2_PLACEMENT_3D('',#3921,#3181,#3182);
#2784=AXIS2_PLACEMENT_3D('',#3922,#3183,#3184);
#2785=AXIS2_PLACEMENT_3D('',#3923,#3185,#3186);
#2786=AXIS2_PLACEMENT_3D('',#3924,#3187,#3188);
#2787=AXIS2_PLACEMENT_3D('',#3926,#3190,#3191);
#2788=AXIS2_PLACEMENT_3D('',#3941,#3200,#3201);
#2789=AXIS2_PLACEMENT_3D('',#3943,#3203,#3204);
#2790=AXIS2_PLACEMENT_3D('',#3946,#3207,#3208);
#2791=AXIS2_PLACEMENT_3D('',#3949,#3211,#3212);
#2792=AXIS2_PLACEMENT_3D('',#3950,#3213,#3214);
#2793=AXIS2_PLACEMENT_3D('',#3951,#3215,#3216);
#2794=AXIS2_PLACEMENT_3D('',#3953,#3217,#3218);
#2795=AXIS2_PLACEMENT_3D('',#3954,#3219,#3220);
#2796=AXIS2_PLACEMENT_3D('',#3955,#3221,#3222);
#2797=AXIS2_PLACEMENT_3D('',#3957,#3223,#3224);
#2798=AXIS2_PLACEMENT_3D('',#3958,#3225,#3226);
#2799=AXIS2_PLACEMENT_3D('',#3959,#3227,#3228);
#2800=AXIS2_PLACEMENT_3D('',#3960,#3229,#3230);
#2801=AXIS2_PLACEMENT_3D('',#3962,#3232,#3233);
#2802=AXIS2_PLACEMENT_3D('',#3963,#3234,#3235);
#2803=AXIS2_PLACEMENT_3D('',#3964,#3236,#3237);
#2804=AXIS2_PLACEMENT_3D('',#4014,#3251,#3252);
#2805=AXIS2_PLACEMENT_3D('',#4025,#3258,#3259);
#2806=AXIS2_PLACEMENT_3D('',#4036,#3264,#3265);
#2807=AXIS2_PLACEMENT_3D('',#4037,#3266,#3267);
#2808=AXIS2_PLACEMENT_3D('',#4056,#3271,#3272);
#2809=AXIS2_PLACEMENT_3D('',#4137,#3275,#3276);
#2810=AXIS2_PLACEMENT_3D('',#4138,#3277,#3278);
#2811=AXIS2_PLACEMENT_3D('',#4149,#3282,#3283);
#2812=AXIS2_PLACEMENT_3D('',#4150,#3284,#3285);
#2813=AXIS2_PLACEMENT_3D('',#4155,#3287,#3288);
#2814=AXIS2_PLACEMENT_3D('',#4159,#3290,#3291);
#2815=AXIS2_PLACEMENT_3D('',#4163,#3293,#3294);
#2816=AXIS2_PLACEMENT_3D('',#4166,#3296,#3297);
#2817=AXIS2_PLACEMENT_3D('',#4170,#3299,#3300);
#2818=AXIS2_PLACEMENT_3D('',#4174,#3302,#3303);
#2819=AXIS2_PLACEMENT_3D('',#4177,#3305,#3306);
#2820=AXIS2_PLACEMENT_3D('',#4178,#3307,#3308);
#2821=AXIS2_PLACEMENT_3D('',#4195,#3311,#3312);
#2822=AXIS2_PLACEMENT_3D('',#4196,#3313,#3314);
#2823=AXIS2_PLACEMENT_3D('',#4206,#3319,#3320);
#2824=AXIS2_PLACEMENT_3D('',#4210,#3322,#3323);
#2825=AXIS2_PLACEMENT_3D('',#4214,#3325,#3326);
#2826=AXIS2_PLACEMENT_3D('',#4215,#3327,#3328);
#2827=AXIS2_PLACEMENT_3D('',#4216,#3329,#3330);
#2828=AXIS2_PLACEMENT_3D('',#4221,#3333,#3334);
#2829=AXIS2_PLACEMENT_3D('',#4234,#3335,#3336);
#2830=AXIS2_PLACEMENT_3D('',#4237,#3338,#3339);
#2831=AXIS2_PLACEMENT_3D('',#4238,#3340,#3341);
#2832=AXIS2_PLACEMENT_3D('',#4239,#3342,#3343);
#2833=AXIS2_PLACEMENT_3D('',#4242,#3345,#3346);
#2834=AXIS2_PLACEMENT_3D('',#4243,#3347,#3348);
#2835=AXIS2_PLACEMENT_3D('',#4246,#3350,#3351);
#2836=AXIS2_PLACEMENT_3D('',#4247,#3352,#3353);
#2837=AXIS2_PLACEMENT_3D('',#4252,#3356,#3357);
#2838=AXIS2_PLACEMENT_3D('',#4253,#3358,#3359);
#2839=AXIS2_PLACEMENT_3D('',#4256,#3361,#3362);
#2840=AXIS2_PLACEMENT_3D('',#4257,#3363,#3364);
#2841=AXIS2_PLACEMENT_3D('',#4262,#3367,#3368);
#2842=AXIS2_PLACEMENT_3D('',#4263,#3369,#3370);
#2843=AXIS2_PLACEMENT_3D('',#4266,#3372,#3373);
#2844=AXIS2_PLACEMENT_3D('',#4267,#3374,#3375);
#2845=AXIS2_PLACEMENT_3D('',#4270,#3377,#3378);
#2846=AXIS2_PLACEMENT_3D('',#4271,#3379,#3380);
#2847=AXIS2_PLACEMENT_3D('',#4274,#3382,#3383);
#2848=AXIS2_PLACEMENT_3D('',#4275,#3384,#3385);
#2849=AXIS2_PLACEMENT_3D('',#4281,#3389,#3390);
#2850=AXIS2_PLACEMENT_3D('',#4287,#3394,#3395);
#2851=AXIS2_PLACEMENT_3D('',#4293,#3399,#3400);
#2852=AXIS2_PLACEMENT_3D('',#4300,#3404,#3405);
#2853=AXIS2_PLACEMENT_3D('',#4301,#3406,#3407);
#2854=AXIS2_PLACEMENT_3D('',#4302,#3408,#3409);
#2855=AXIS2_PLACEMENT_3D('',#4303,#3410,#3411);
#2856=AXIS2_PLACEMENT_3D('',#4304,#3412,#3413);
#2857=AXIS2_PLACEMENT_3D('',#4305,#3414,#3415);
#2858=AXIS2_PLACEMENT_3D('',#4306,#3416,#3417);
#2859=AXIS2_PLACEMENT_3D('',#4307,#3418,#3419);
#2860=AXIS2_PLACEMENT_3D('',#4308,#3420,#3421);
#2861=AXIS2_PLACEMENT_3D('',#4309,#3422,#3423);
#2862=AXIS2_PLACEMENT_3D('',#4310,#3424,#3425);
#2863=AXIS2_PLACEMENT_3D('',#4311,#3426,#3427);
#2864=AXIS2_PLACEMENT_3D('',#4312,#3428,#3429);
#2865=AXIS2_PLACEMENT_3D('',#4313,#3430,#3431);
#2866=AXIS2_PLACEMENT_3D('',#4314,#3432,#3433);
#2867=AXIS2_PLACEMENT_3D('',#4315,#3434,#3435);
#2868=AXIS2_PLACEMENT_3D('',#4316,#3436,#3437);
#2869=AXIS2_PLACEMENT_3D('',#4317,#3438,#3439);
#2870=AXIS2_PLACEMENT_3D('',#4318,#3440,#3441);
#2871=AXIS2_PLACEMENT_3D('',#4319,#3442,#3443);
#2872=AXIS2_PLACEMENT_3D('',#4320,#3444,#3445);
#2873=AXIS2_PLACEMENT_3D('',#4321,#3446,#3447);
#2874=AXIS2_PLACEMENT_3D('',#4322,#3448,#3449);
#2875=AXIS2_PLACEMENT_3D('',#4324,#3451,#3452);
#2876=AXIS2_PLACEMENT_3D('',#4325,#3453,#3454);
#2877=AXIS2_PLACEMENT_3D('',#4328,#3457,#3458);
#2878=AXIS2_PLACEMENT_3D('',#4329,#3459,#3460);
#2879=AXIS2_PLACEMENT_3D('',#4335,#3464,#3465);
#2880=AXIS2_PLACEMENT_3D('',#4339,#3468,#3469);
#2881=AXIS2_PLACEMENT_3D('',#4343,#3472,#3473);
#2882=AXIS2_PLACEMENT_3D('',#4347,#3476,#3477);
#2883=AXIS2_PLACEMENT_3D('',#4351,#3480,#3481);
#2884=AXIS2_PLACEMENT_3D('',#4355,#3484,#3485);
#2885=AXIS2_PLACEMENT_3D('',#4359,#3488,#3489);
#2886=AXIS2_PLACEMENT_3D('',#4363,#3492,#3493);
#2887=AXIS2_PLACEMENT_3D('',#4367,#3496,#3497);
#2888=AXIS2_PLACEMENT_3D('',#4371,#3500,#3501);
#2889=AXIS2_PLACEMENT_3D('',#4375,#3504,#3505);
#2890=AXIS2_PLACEMENT_3D('',#4377,#3507,#3508);
#2891=AXIS2_PLACEMENT_3D('',#4378,#3509,#3510);
#2892=AXIS2_PLACEMENT_3D('',#4379,#3511,#3512);
#2893=AXIS2_PLACEMENT_3D('',#4381,#3513,#3514);
#2894=AXIS2_PLACEMENT_3D('',#4382,#3515,#3516);
#2895=AXIS2_PLACEMENT_3D('',#4383,#3517,#3518);
#2896=AXIS2_PLACEMENT_3D('',#4385,#3519,#3520);
#2897=AXIS2_PLACEMENT_3D('',#4386,#3521,#3522);
#2898=AXIS2_PLACEMENT_3D('',#4388,#3524,#3525);
#2899=AXIS2_PLACEMENT_3D('',#4392,#3528,#3529);
#2900=AXIS2_PLACEMENT_3D('',#4393,#3530,#3531);
#2901=AXIS2_PLACEMENT_3D('',#4394,#3532,#3533);
#2902=AXIS2_PLACEMENT_3D('',#4395,#3534,#3535);
#2903=AXIS2_PLACEMENT_3D('',#4405,#3536,#3537);
#2904=AXIS2_PLACEMENT_3D('',#4478,#3538,#3539);
#2905=AXIS2_PLACEMENT_3D('',#4480,#3540,#3541);
#2906=AXIS2_PLACEMENT_3D('',#4518,#3542,#3543);
#2907=AXIS2_PLACEMENT_3D('',#4519,#3544,#3545);
#2908=AXIS2_PLACEMENT_3D('',#4533,#3546,#3547);
#2909=AXIS2_PLACEMENT_3D('',#4534,#3548,#3549);
#2910=AXIS2_PLACEMENT_3D('',#4552,#3550,#3551);
#2911=AXIS2_PLACEMENT_3D('',#4553,#3552,#3553);
#2912=AXIS2_PLACEMENT_3D('',#4555,#3554,#3555);
#2913=AXIS2_PLACEMENT_3D('',#4557,#3556,#3557);
#2914=AXIS2_PLACEMENT_3D('',#4558,#3558,#3559);
#2915=AXIS2_PLACEMENT_3D('',#4560,#3560,#3561);
#2916=AXIS2_PLACEMENT_3D('',#4562,#3562,#3563);
#2917=AXIS2_PLACEMENT_3D('',#4563,#3564,#3565);
#2918=AXIS2_PLACEMENT_3D('',#4565,#3566,#3567);
#2919=AXIS2_PLACEMENT_3D('',#4566,#3568,#3569);
#2920=AXIS2_PLACEMENT_3D('',#4568,#3570,#3571);
#2921=AXIS2_PLACEMENT_3D('',#4570,#3572,#3573);
#2922=AXIS2_PLACEMENT_3D('',#4571,#3574,#3575);
#2923=AXIS2_PLACEMENT_3D('',#4572,#3576,#3577);
#2924=AXIS2_PLACEMENT_3D('',#4573,#3578,#3579);
#2925=AXIS2_PLACEMENT_3D('',#4574,#3580,#3581);
#2926=AXIS2_PLACEMENT_3D('',#4576,#3582,#3583);
#2927=AXIS2_PLACEMENT_3D('',#4577,#3584,#3585);
#2928=AXIS2_PLACEMENT_3D('',#4579,#3586,#3587);
#2929=AXIS2_PLACEMENT_3D('',#4581,#3588,#3589);
#2930=AXIS2_PLACEMENT_3D('',#4582,#3590,#3591);
#2931=AXIS2_PLACEMENT_3D('',#4596,#3592,#3593);
#2932=AXIS2_PLACEMENT_3D('',#4614,#3594,#3595);
#2933=AXIS2_PLACEMENT_3D('',#4615,#3596,#3597);
#2934=AXIS2_PLACEMENT_3D('',#4628,#3598,#3599);
#2935=AXIS2_PLACEMENT_3D('',#4639,#3600,#3601);
#2936=AXIS2_PLACEMENT_3D('',#4673,#3602,#3603);
#2937=AXIS2_PLACEMENT_3D('',#4674,#3604,#3605);
#2938=AXIS2_PLACEMENT_3D('',#4690,#3606,#3607);
#2939=AXIS2_PLACEMENT_3D('',#4724,#3608,#3609);
#2940=AXIS2_PLACEMENT_3D('',#4740,#3610,#3611);
#2941=AXIS2_PLACEMENT_3D('',#4741,#3612,#3613);
#2942=AXIS2_PLACEMENT_3D('',#4743,#3614,#3615);
#2943=AXIS2_PLACEMENT_3D('',#4745,#3616,#3617);
#2944=AXIS2_PLACEMENT_3D('',#4746,#3618,#3619);
#2945=AXIS2_PLACEMENT_3D('',#4760,#3620,#3621);
#2946=AXIS2_PLACEMENT_3D('',#4761,#3622,#3623);
#2947=AXIS2_PLACEMENT_3D('',#4775,#3624,#3625);
#2948=AXIS2_PLACEMENT_3D('',#4788,#3626,#3627);
#2949=AXIS2_PLACEMENT_3D('',#4799,#3628,#3629);
#2950=AXIS2_PLACEMENT_3D('',#4815,#3630,#3631);
#2951=AXIS2_PLACEMENT_3D('',#4816,#3632,#3633);
#2952=AXIS2_PLACEMENT_3D('',#4850,#3634,#3635);
#2953=AXIS2_PLACEMENT_3D('',#4884,#3636,#3637);
#2954=AXIS2_PLACEMENT_3D('',#4900,#3638,#3639);
#2955=AXIS2_PLACEMENT_3D('',#4901,#3640,#3641);
#2956=AXIS2_PLACEMENT_3D('',#4911,#3642,#3643);
#2957=AXIS2_PLACEMENT_3D('',#4912,#3644,#3645);
#2958=AXIS2_PLACEMENT_3D('',#4926,#3646,#3647);
#2959=AXIS2_PLACEMENT_3D('',#4927,#3648,#3649);
#2960=AXIS2_PLACEMENT_3D('',#4929,#3650,#3651);
#2961=AXIS2_PLACEMENT_3D('',#4931,#3652,#3653);
#2962=AXIS2_PLACEMENT_3D('',#4944,#3654,#3655);
#2963=AXIS2_PLACEMENT_3D('',#4955,#3656,#3657);
#2964=AXIS2_PLACEMENT_3D('',#4971,#3658,#3659);
#2965=AXIS2_PLACEMENT_3D('',#4972,#3660,#3661);
#2966=AXIS2_PLACEMENT_3D('',#4994,#3662,#3663);
#2967=AXIS2_PLACEMENT_3D('',#5016,#3664,#3665);
#2968=AXIS2_PLACEMENT_3D('',#5032,#3666,#3667);
#2969=AXIS2_PLACEMENT_3D('',#5045,#3668,#3669);
#2970=DIRECTION('',(0.,0.,1.));
#2971=DIRECTION('',(1.,0.,0.));
#2972=DIRECTION('',(-1.,0.,0.));
#2973=DIRECTION('',(0.,0.,1.));
#2974=DIRECTION('',(1.,0.,0.));
#2975=DIRECTION('',(0.,0.,-1.));
#2976=DIRECTION('',(0.,0.,1.));
#2977=DIRECTION('',(0.,-1.,0.));
#2978=DIRECTION('',(0.,0.,1.));
#2979=DIRECTION('',(0.,-1.,0.));
#2980=DIRECTION('',(0.,-1.,0.));
#2981=DIRECTION('',(-1.,0.,0.));
#2982=DIRECTION('',(0.,0.,1.));
#2983=DIRECTION('',(1.,0.,0.));
#2984=DIRECTION('',(0.,0.,-1.));
#2985=DIRECTION('',(0.,0.,1.));
#2986=DIRECTION('',(0.,-1.,0.));
#2987=DIRECTION('',(0.,0.,1.));
#2988=DIRECTION('',(0.,-1.,0.));
#2989=DIRECTION('',(0.,0.,-1.));
#2990=DIRECTION('',(1.,0.,0.));
#2991=DIRECTION('',(-1.,0.,0.));
#2992=DIRECTION('',(1.,0.,0.));
#2993=DIRECTION('',(0.,0.,1.));
#2994=DIRECTION('',(1.,0.,0.));
#2995=DIRECTION('',(0.728626331813353,0.684911431199843,0.));
#2996=DIRECTION('',(-0.684911431199843,0.728626331813353,0.));
#2997=DIRECTION('',(0.728626331813353,0.684911431199843,0.));
#2998=DIRECTION('',(-0.684911431199843,0.728626331813353,0.));
#2999=DIRECTION('',(-0.684911431199843,0.728626331813353,0.));
#3000=DIRECTION('',(-0.421351630997621,0.448244662466134,0.788377781032841));
#3001=DIRECTION('',(-0.684911431199843,0.728626331813353,0.));
#3002=DIRECTION('',(0.,0.,1.));
#3003=DIRECTION('',(0.728626331813353,0.684911431199843,0.));
#3004=DIRECTION('',(-0.684911431199843,0.728626331813353,0.));
#3005=DIRECTION('',(0.,0.,1.));
#3006=DIRECTION('',(-0.421351630997621,0.448244662466134,0.788377781032841));
#3007=DIRECTION('',(0.,0.,1.));
#3008=DIRECTION('',(-0.684911431199843,0.728626331813353,0.));
#3009=DIRECTION('',(0.,0.,1.));
#3010=DIRECTION('',(0.684911431199843,-0.728626331813353,0.));
#3011=DIRECTION('',(-1.,0.,0.));
#3012=DIRECTION('',(0.,0.,1.));
#3013=DIRECTION('',(0.,0.,1.));
#3014=DIRECTION('',(0.,-1.,0.));
#3015=DIRECTION('',(0.,0.,1.));
#3016=DIRECTION('',(0.,-1.,0.));
#3017=DIRECTION('',(0.,-0.730904626945807,-0.682479616039345));
#3018=DIRECTION('',(0.,-1.,0.));
#3019=DIRECTION('',(0.,0.,-1.));
#3020=DIRECTION('',(-1.,0.,0.));
#3021=DIRECTION('',(-0.684911431199843,0.728626331813353,0.));
#3022=DIRECTION('',(1.,0.,0.));
#3023=DIRECTION('',(-1.,0.,0.));
#3024=DIRECTION('',(0.728626331813353,0.684911431199843,0.));
#3025=DIRECTION('',(0.,1.,0.));
#3026=DIRECTION('',(0.,0.,1.));
#3027=DIRECTION('',(1.,0.,0.));
#3028=DIRECTION('',(-1.,0.,0.));
#3029=DIRECTION('',(0.,0.,1.));
#3030=DIRECTION('',(1.,0.,0.));
#3031=DIRECTION('',(0.728626331813353,0.684911431199843,0.));
#3032=DIRECTION('',(0.,0.,1.));
#3033=DIRECTION('',(1.,0.,0.));
#3034=DIRECTION('',(0.,1.,0.));
#3035=DIRECTION('',(0.,0.,1.));
#3036=DIRECTION('',(1.,0.,0.));
#3037=DIRECTION('',(1.,0.,0.));
#3038=DIRECTION('',(0.,0.,1.));
#3039=DIRECTION('',(1.,0.,0.));
#3040=DIRECTION('',(0.,1.,0.));
#3041=DIRECTION('',(0.,0.,1.));
#3042=DIRECTION('',(1.,0.,0.));
#3043=DIRECTION('',(1.,0.,0.));
#3044=DIRECTION('',(0.,0.,1.));
#3045=DIRECTION('',(1.,0.,0.));
#3046=DIRECTION('',(1.,0.,0.));
#3047=DIRECTION('',(0.,-1.,0.));
#3048=DIRECTION('',(0.,0.,1.));
#3049=DIRECTION('',(1.,0.,0.));
#3050=DIRECTION('',(0.,1.,0.));
#3051=DIRECTION('',(-1.,0.,0.));
#3052=DIRECTION('',(0.,0.,1.));
#3053=DIRECTION('',(1.,0.,0.));
#3054=DIRECTION('',(0.,0.,1.));
#3055=DIRECTION('',(1.,0.,0.));
#3056=DIRECTION('',(-1.,0.,0.));
#3057=DIRECTION('',(0.,1.,0.));
#3058=DIRECTION('',(0.,0.,1.));
#3059=DIRECTION('',(1.,0.,0.));
#3060=DIRECTION('',(0.,-1.,0.));
#3061=DIRECTION('',(1.,0.,0.));
#3062=DIRECTION('',(0.,0.,1.));
#3063=DIRECTION('',(1.,0.,0.));
#3064=DIRECTION('',(-1.,0.,0.));
#3065=DIRECTION('',(0.,-1.,0.));
#3066=DIRECTION('',(0.,0.,1.));
#3067=DIRECTION('',(1.,0.,0.));
#3068=DIRECTION('',(0.,1.,0.));
#3069=DIRECTION('',(0.,0.,1.));
#3070=DIRECTION('',(1.,0.,0.));
#3071=DIRECTION('',(1.,0.,0.));
#3072=DIRECTION('',(0.,0.,1.));
#3073=DIRECTION('',(1.,0.,0.));
#3074=DIRECTION('',(0.,1.,0.));
#3075=DIRECTION('',(0.,0.,1.));
#3076=DIRECTION('',(1.,0.,0.));
#3077=DIRECTION('',(0.,-1.,0.));
#3078=DIRECTION('',(-1.,0.,0.));
#3079=DIRECTION('',(0.,0.,1.));
#3080=DIRECTION('',(-1.,0.,0.));
#3081=DIRECTION('',(0.,0.,1.));
#3082=DIRECTION('',(0.,0.,-1.));
#3083=DIRECTION('',(0.,0.,-1.));
#3084=DIRECTION('',(0.,0.,-1.));
#3085=DIRECTION('',(-1.,0.,0.));
#3086=DIRECTION('',(0.,0.,-1.));
#3087=DIRECTION('',(0.,1.,0.));
#3088=DIRECTION('',(0.,0.,1.));
#3089=DIRECTION('',(0.,1.,0.));
#3090=DIRECTION('',(0.,0.,1.));
#3091=DIRECTION('',(1.,0.,0.));
#3092=DIRECTION('',(0.,1.,0.));
#3093=DIRECTION('',(0.,0.,1.));
#3094=DIRECTION('',(1.,0.,0.));
#3095=DIRECTION('',(0.,0.,-1.));
#3096=DIRECTION('',(0.,0.,-1.));
#3097=DIRECTION('',(0.,0.,-1.));
#3098=DIRECTION('',(0.,0.,-1.));
#3099=DIRECTION('',(-1.,0.,0.));
#3100=DIRECTION('',(0.,0.,-1.));
#3101=DIRECTION('',(-1.,0.,0.));
#3102=DIRECTION('',(0.,0.,1.));
#3103=DIRECTION('',(1.,0.,0.));
#3104=DIRECTION('',(0.,0.,-1.));
#3105=DIRECTION('',(0.,0.,-1.));
#3106=DIRECTION('',(0.,0.,-1.));
#3107=DIRECTION('',(-1.,0.,0.));
#3108=DIRECTION('',(0.,0.,-1.));
#3109=DIRECTION('',(0.,1.,0.));
#3110=DIRECTION('',(0.,0.,1.));
#3111=DIRECTION('',(0.,1.,0.));
#3112=DIRECTION('',(0.,0.,1.));
#3113=DIRECTION('',(0.,0.,-1.));
#3114=DIRECTION('',(0.,-1.,0.));
#3115=DIRECTION('',(0.,0.,-1.));
#3116=DIRECTION('',(0.,0.,-1.));
#3117=DIRECTION('',(0.,0.,-1.));
#3118=DIRECTION('',(-1.,0.,0.));
#3119=DIRECTION('',(0.,0.,1.));
#3120=DIRECTION('',(-1.,0.,0.));
#3121=DIRECTION('',(0.,0.,1.));
#3122=DIRECTION('',(0.,0.,-1.));
#3123=DIRECTION('',(0.,0.,-1.));
#3124=DIRECTION('',(-1.,0.,0.));
#3125=DIRECTION('',(0.,0.,-1.));
#3126=DIRECTION('',(1.,0.,0.));
#3127=DIRECTION('',(0.,0.,-1.));
#3128=DIRECTION('',(1.,0.,0.));
#3129=DIRECTION('',(0.,0.,-1.));
#3130=DIRECTION('',(0.,0.,-1.));
#3131=DIRECTION('',(0.,1.,0.));
#3132=DIRECTION('',(0.,0.,1.));
#3133=DIRECTION('',(0.,0.,-1.));
#3134=DIRECTION('',(0.,0.,-1.));
#3135=DIRECTION('',(-1.,0.,0.));
#3136=DIRECTION('',(0.,0.,1.));
#3137=DIRECTION('',(1.,0.,0.));
#3138=DIRECTION('',(0.,0.,-1.));
#3139=DIRECTION('',(-1.,0.,0.));
#3140=DIRECTION('',(0.,0.,1.));
#3141=DIRECTION('',(1.,0.,0.));
#3142=DIRECTION('',(0.,-1.,0.));
#3143=DIRECTION('',(0.,0.,-1.));
#3144=DIRECTION('',(0.,-1.,0.));
#3145=DIRECTION('',(0.,0.,-1.));
#3146=DIRECTION('',(1.,0.,0.));
#3147=DIRECTION('',(0.,0.,-1.));
#3148=DIRECTION('',(1.,0.,0.));
#3149=DIRECTION('',(0.,0.,-1.));
#3150=DIRECTION('',(0.,-1.,0.));
#3151=DIRECTION('',(0.,0.,-1.));
#3152=DIRECTION('',(0.,1.,0.));
#3153=DIRECTION('',(0.,0.,1.));
#3154=DIRECTION('',(0.,0.,-1.));
#3155=DIRECTION('',(-1.,0.,0.));
#3156=DIRECTION('',(0.,0.,-1.));
#3157=DIRECTION('',(1.,0.,0.));
#3158=DIRECTION('',(0.,0.,-1.));
#3159=DIRECTION('',(0.,-1.,0.));
#3160=DIRECTION('',(1.,0.,0.));
#3161=DIRECTION('',(0.,0.,-1.));
#3162=DIRECTION('',(0.,-1.,0.));
#3163=DIRECTION('',(0.,0.,1.));
#3164=DIRECTION('',(1.,0.,0.));
#3165=DIRECTION('',(0.,1.,0.));
#3166=DIRECTION('',(0.,0.,1.));
#3167=DIRECTION('',(0.,1.,0.));
#3168=DIRECTION('',(0.,0.,1.));
#3169=DIRECTION('',(0.,1.,0.));
#3170=DIRECTION('',(0.,0.,1.));
#3171=DIRECTION('',(0.,1.,0.));
#3172=DIRECTION('',(0.,0.,1.));
#3173=DIRECTION('',(0.,1.,0.));
#3174=DIRECTION('',(0.,0.,1.));
#3175=DIRECTION('',(0.,1.,0.));
#3176=DIRECTION('',(-1.,0.,0.));
#3177=DIRECTION('',(0.,1.,0.));
#3178=DIRECTION('',(0.,0.,1.));
#3179=DIRECTION('',(0.,1.,0.));
#3180=DIRECTION('',(0.,0.,1.));
#3181=DIRECTION('',(0.,1.,0.));
#3182=DIRECTION('',(0.,0.,1.));
#3183=DIRECTION('',(0.,1.,0.));
#3184=DIRECTION('',(0.,0.,1.));
#3185=DIRECTION('',(0.,1.,0.));
#3186=DIRECTION('',(0.,0.,1.));
#3187=DIRECTION('',(0.,1.,0.));
#3188=DIRECTION('',(0.,0.,1.));
#3189=DIRECTION('',(-1.,0.,0.));
#3190=DIRECTION('',(0.728626331813353,0.684911431199843,0.));
#3191=DIRECTION('',(-0.684911431199843,0.728626331813353,0.));
#3192=DIRECTION('',(0.,0.,-1.));
#3193=DIRECTION('',(0.684911431199843,-0.728626331813353,0.));
#3194=DIRECTION('',(0.,0.,1.));
#3195=DIRECTION('',(0.,0.,1.));
#3196=DIRECTION('',(0.421351630997621,-0.448244662466134,-0.788377781032841));
#3197=DIRECTION('',(-0.684911431199843,0.728626331813353,0.));
#3198=DIRECTION('',(0.,0.,1.));
#3199=DIRECTION('',(-0.684911431199843,0.728626331813353,0.));
#3200=DIRECTION('',(0.684911431199843,-0.728626331813353,0.));
#3201=DIRECTION('',(0.728626331813353,0.684911431199843,0.));
#3202=DIRECTION('',(-0.728626331813353,-0.684911431199843,0.));
#3203=DIRECTION('',(0.,0.,-1.));
#3204=DIRECTION('',(1.,0.,0.));
#3205=DIRECTION('',(1.,0.,0.));
#3206=DIRECTION('',(-0.728626331813353,-0.684911431199843,0.));
#3207=DIRECTION('',(0.,0.,1.));
#3208=DIRECTION('',(1.,0.,0.));
#3209=DIRECTION('',(1.,0.,0.));
#3210=DIRECTION('',(-1.,0.,0.));
#3211=DIRECTION('',(-0.53996895433336,0.57443281067711,-0.615191412792583));
#3212=DIRECTION('',(0.,0.730904626945807,0.682479616039345));
#3213=DIRECTION('',(1.,0.,0.));
#3214=DIRECTION('',(0.,0.,-1.));
#3215=DIRECTION('',(1.,0.,0.));
#3216=DIRECTION('',(0.,0.,-1.));
#3217=DIRECTION('',(1.,0.,0.));
#3218=DIRECTION('',(0.,1.,0.));
#3219=DIRECTION('',(1.,0.,0.));
#3220=DIRECTION('',(0.,0.,-1.));
#3221=DIRECTION('',(1.,0.,0.));
#3222=DIRECTION('',(0.,0.,-1.));
#3223=DIRECTION('',(1.,0.,0.));
#3224=DIRECTION('',(0.,1.,0.));
#3225=DIRECTION('',(0.,1.,0.));
#3226=DIRECTION('',(0.,0.,1.));
#3227=DIRECTION('',(0.,1.,0.));
#3228=DIRECTION('',(0.,0.,1.));
#3229=DIRECTION('',(0.,0.,-1.));
#3230=DIRECTION('',(-1.,0.,0.));
#3231=DIRECTION('',(1.,0.,0.));
#3232=DIRECTION('',(0.,-1.,0.));
#3233=DIRECTION('',(0.,0.,-1.));
#3234=DIRECTION('',(0.,0.,1.));
#3235=DIRECTION('',(1.,0.,0.));
#3236=DIRECTION('',(1.,0.,0.));
#3237=DIRECTION('',(0.,0.,-1.));
#3238=DIRECTION('',(0.,0.,-1.));
#3239=DIRECTION('',(0.,-1.,0.));
#3240=DIRECTION('',(0.,-0.00266231168153137,0.999996456041976));
#3241=DIRECTION('',(0.,0.,-1.));
#3242=DIRECTION('',(0.,-1.,0.));
#3243=DIRECTION('',(0.,0.,-1.));
#3244=DIRECTION('',(0.,-1.,0.));
#3245=DIRECTION('',(0.,0.,-1.));
#3246=DIRECTION('',(0.,1.,0.));
#3247=DIRECTION('',(0.,0.,-1.));
#3248=DIRECTION('',(0.,0.,-1.));
#3249=DIRECTION('',(0.,0.,-1.));
#3250=DIRECTION('',(0.,0.,-1.));
#3251=DIRECTION('',(-1.,0.,0.));
#3252=DIRECTION('',(0.,0.,1.));
#3253=DIRECTION('',(0.,-1.,0.));
#3254=DIRECTION('',(0.,0.,1.));
#3255=DIRECTION('',(0.,-1.,0.));
#3256=DIRECTION('',(0.,1.,0.));
#3257=DIRECTION('',(0.,0.,1.));
#3258=DIRECTION('',(0.,0.,1.));
#3259=DIRECTION('',(1.,0.,0.));
#3260=DIRECTION('',(-1.,0.,0.));
#3261=DIRECTION('',(-1.,-2.56890190578267E-16,0.));
#3262=DIRECTION('',(-1.,-1.6069694080378E-16,0.));
#3263=DIRECTION('',(-1.,0.,0.));
#3264=DIRECTION('',(1.6069694080378E-16,-1.,0.));
#3265=DIRECTION('',(1.,1.6069694080378E-16,0.));
#3266=DIRECTION('',(1.6069694080378E-16,-1.,0.));
#3267=DIRECTION('',(1.,1.6069694080378E-16,0.));
#3268=DIRECTION('',(0.,0.,-1.));
#3269=DIRECTION('',(1.,1.6069694080378E-16,0.));
#3270=DIRECTION('',(0.,0.,1.));
#3271=DIRECTION('',(-2.56890190578267E-16,1.,0.));
#3272=DIRECTION('',(-1.,-2.56890190578267E-16,0.));
#3273=DIRECTION('',(1.,2.56890190578267E-16,0.));
#3274=DIRECTION('',(0.,0.,-1.));
#3275=DIRECTION('',(1.6069694080378E-16,-1.,0.));
#3276=DIRECTION('',(1.,1.6069694080378E-16,0.));
#3277=DIRECTION('',(1.6069694080378E-16,-1.,0.));
#3278=DIRECTION('',(1.,1.6069694080378E-16,0.));
#3279=DIRECTION('',(-1.,-1.6069694080378E-16,6.03597138589477E-14));
#3280=DIRECTION('',(-1.,-1.6069694080378E-16,0.));
#3281=DIRECTION('',(-1.,-1.6069694080378E-16,0.));
#3282=DIRECTION('',(0.,0.,1.));
#3283=DIRECTION('',(1.,0.,0.));
#3284=DIRECTION('',(0.,0.,1.));
#3285=DIRECTION('',(1.,0.,0.));
#3286=DIRECTION('',(1.,0.,0.));
#3287=DIRECTION('',(0.,0.,1.));
#3288=DIRECTION('',(1.,0.,0.));
#3289=DIRECTION('',(0.,-1.,0.));
#3290=DIRECTION('',(0.,0.,1.));
#3291=DIRECTION('',(1.,0.,0.));
#3292=DIRECTION('',(1.,0.,0.));
#3293=DIRECTION('',(0.,0.,1.));
#3294=DIRECTION('',(1.,0.,0.));
#3295=DIRECTION('',(0.,-1.,0.));
#3296=DIRECTION('',(0.,0.,1.));
#3297=DIRECTION('',(1.,0.,0.));
#3298=DIRECTION('',(-1.,0.,0.));
#3299=DIRECTION('',(0.,0.,1.));
#3300=DIRECTION('',(1.,0.,0.));
#3301=DIRECTION('',(1.,0.,0.));
#3302=DIRECTION('',(0.,0.,1.));
#3303=DIRECTION('',(1.,0.,0.));
#3304=DIRECTION('',(-1.,0.,0.));
#3305=DIRECTION('',(0.,0.,-1.));
#3306=DIRECTION('',(-1.,0.,0.));
#3307=DIRECTION('',(0.,0.,1.));
#3308=DIRECTION('',(1.,0.,0.));
#3309=DIRECTION('',(0.,0.,-1.));
#3310=DIRECTION('',(0.,0.,-1.));
#3311=DIRECTION('',(0.,1.,0.));
#3312=DIRECTION('',(0.,0.,1.));
#3313=DIRECTION('',(0.,-1.,0.));
#3314=DIRECTION('',(0.,0.,-1.));
#3315=DIRECTION('',(1.,0.,0.));
#3316=DIRECTION('',(0.,0.,-1.));
#3317=DIRECTION('',(0.,0.,-1.));
#3318=DIRECTION('',(1.,0.,0.));
#3319=DIRECTION('',(0.,1.,0.));
#3320=DIRECTION('',(0.,0.,1.));
#3321=DIRECTION('',(-0.698754044252555,0.,-0.71536199622338));
#3322=DIRECTION('',(0.,1.,0.));
#3323=DIRECTION('',(0.,0.,1.));
#3324=DIRECTION('',(-0.698754044252555,0.,0.71536199622338));
#3325=DIRECTION('',(0.,1.,0.));
#3326=DIRECTION('',(0.,0.,1.));
#3327=DIRECTION('',(0.,-1.,0.));
#3328=DIRECTION('',(0.,0.,-1.));
#3329=DIRECTION('',(0.,-1.,0.));
#3330=DIRECTION('',(0.,0.,-1.));
#3331=DIRECTION('',(-1.,0.,0.));
#3332=DIRECTION('',(0.,0.,-1.));
#3333=DIRECTION('',(0.,0.,-1.));
#3334=DIRECTION('',(-1.,0.,0.));
#3335=DIRECTION('',(0.,0.,1.));
#3336=DIRECTION('',(1.,0.,0.));
#3337=DIRECTION('',(0.,0.,-1.));
#3338=DIRECTION('',(0.,0.,1.));
#3339=DIRECTION('',(1.,0.,0.));
#3340=DIRECTION('',(0.,0.,-1.));
#3341=DIRECTION('',(-1.,0.,0.));
#3342=DIRECTION('',(0.,0.,1.));
#3343=DIRECTION('',(1.,0.,0.));
#3344=DIRECTION('',(0.,0.,-1.));
#3345=DIRECTION('',(0.,0.,-1.));
#3346=DIRECTION('',(-1.,0.,0.));
#3347=DIRECTION('',(0.,0.,1.));
#3348=DIRECTION('',(1.,0.,0.));
#3349=DIRECTION('',(0.,0.,-1.));
#3350=DIRECTION('',(1.,0.,0.));
#3351=DIRECTION('',(0.,0.,-1.));
#3352=DIRECTION('',(1.,0.,0.));
#3353=DIRECTION('',(0.,0.,-1.));
#3354=DIRECTION('',(0.,-1.,0.));
#3355=DIRECTION('',(0.,0.,-1.));
#3356=DIRECTION('',(0.,0.,-1.));
#3357=DIRECTION('',(-1.,0.,0.));
#3358=DIRECTION('',(0.,0.,1.));
#3359=DIRECTION('',(1.,0.,0.));
#3360=DIRECTION('',(0.,0.,-1.));
#3361=DIRECTION('',(0.,1.,0.));
#3362=DIRECTION('',(0.,0.,1.));
#3363=DIRECTION('',(0.,1.,0.));
#3364=DIRECTION('',(0.,0.,1.));
#3365=DIRECTION('',(1.,0.,0.));
#3366=DIRECTION('',(0.,0.,-1.));
#3367=DIRECTION('',(0.,0.,-1.));
#3368=DIRECTION('',(-1.,0.,0.));
#3369=DIRECTION('',(0.,0.,1.));
#3370=DIRECTION('',(1.,0.,0.));
#3371=DIRECTION('',(0.,0.,-1.));
#3372=DIRECTION('',(1.,0.,0.));
#3373=DIRECTION('',(0.,0.,-1.));
#3374=DIRECTION('',(1.,0.,0.));
#3375=DIRECTION('',(0.,0.,-1.));
#3376=DIRECTION('',(0.,-1.,0.));
#3377=DIRECTION('',(0.,1.,0.));
#3378=DIRECTION('',(0.,0.,1.));
#3379=DIRECTION('',(0.,1.,0.));
#3380=DIRECTION('',(0.,0.,1.));
#3381=DIRECTION('',(1.,0.,0.));
#3382=DIRECTION('',(0.,0.,1.));
#3383=DIRECTION('',(1.,0.,0.));
#3384=DIRECTION('',(0.,0.,1.));
#3385=DIRECTION('',(1.,0.,0.));
#3386=DIRECTION('',(1.,0.,0.));
#3387=DIRECTION('',(0.,1.,0.));
#3388=DIRECTION('',(0.,1.,0.));
#3389=DIRECTION('',(-0.71536199622338,0.,-0.698754044252555));
#3390=DIRECTION('',(-0.698754044252555,0.,0.71536199622338));
#3391=DIRECTION('',(-0.698754044252555,0.,0.71536199622338));
#3392=DIRECTION('',(0.,1.,0.));
#3393=DIRECTION('',(0.,1.,0.));
#3394=DIRECTION('',(0.71536199622338,0.,-0.698754044252555));
#3395=DIRECTION('',(-0.698754044252555,0.,-0.71536199622338));
#3396=DIRECTION('',(0.,1.,0.));
#3397=DIRECTION('',(-0.698754044252555,0.,-0.71536199622338));
#3398=DIRECTION('',(0.,1.,0.));
#3399=DIRECTION('',(0.,-1.,0.));
#3400=DIRECTION('',(1.,0.,0.));
#3401=DIRECTION('',(1.,0.,0.));
#3402=DIRECTION('',(-0.698754044252555,0.,0.71536199622338));
#3403=DIRECTION('',(-0.698754044252555,0.,-0.71536199622338));
#3404=DIRECTION('',(0.,1.,0.));
#3405=DIRECTION('',(0.,0.,1.));
#3406=DIRECTION('',(0.,-1.,0.));
#3407=DIRECTION('',(0.,0.,-1.));
#3408=DIRECTION('',(0.698754044252555,0.,-0.71536199622338));
#3409=DIRECTION('',(-0.71536199622338,0.,-0.698754044252555));
#3410=DIRECTION('',(0.698754044252554,5.49088929346761E-16,-0.71536199622338));
#3411=DIRECTION('',(-0.71536199622338,0.,-0.698754044252554));
#3412=DIRECTION('',(-0.698754044252555,0.,0.715361996223379));
#3413=DIRECTION('',(0.715361996223379,0.,0.698754044252555));
#3414=DIRECTION('',(0.,1.,0.));
#3415=DIRECTION('',(0.,0.,1.));
#3416=DIRECTION('',(0.,-1.,0.));
#3417=DIRECTION('',(0.,0.,-1.));
#3418=DIRECTION('',(4.6360193701095E-16,-1.,0.));
#3419=DIRECTION('',(1.,4.6360193701095E-16,0.));
#3420=DIRECTION('',(0.698754044252554,-3.73006857301482E-16,0.71536199622338));
#3421=DIRECTION('',(0.71536199622338,0.,-0.698754044252554));
#3422=DIRECTION('',(7.85811450914909E-16,-1.,0.));
#3423=DIRECTION('',(1.,7.85811450914909E-16,0.));
#3424=DIRECTION('',(1.,0.,-7.85811450914909E-16));
#3425=DIRECTION('',(-7.8581145091491E-16,0.,-1.));
#3426=DIRECTION('',(0.698754044252555,0.,0.71536199622338));
#3427=DIRECTION('',(0.71536199622338,0.,-0.698754044252555));
#3428=DIRECTION('',(-0.698754044252554,0.,-0.71536199622338));
#3429=DIRECTION('',(-0.71536199622338,0.,0.698754044252554));
#3430=DIRECTION('',(-1.,0.,0.));
#3431=DIRECTION('',(0.,0.,1.));
#3432=DIRECTION('',(-1.,0.,0.));
#3433=DIRECTION('',(0.,0.,1.));
#3434=DIRECTION('',(0.,-1.,0.));
#3435=DIRECTION('',(0.,0.,-1.));
#3436=DIRECTION('',(0.,-1.,0.));
#3437=DIRECTION('',(0.,0.,-1.));
#3438=DIRECTION('',(0.,1.,0.));
#3439=DIRECTION('',(0.,0.,1.));
#3440=DIRECTION('',(0.,-1.,0.));
#3441=DIRECTION('',(0.,0.,-1.));
#3442=DIRECTION('',(0.,-1.,0.));
#3443=DIRECTION('',(0.,0.,-1.));
#3444=DIRECTION('',(1.,0.,0.));
#3445=DIRECTION('',(0.,0.,-1.));
#3446=DIRECTION('',(-1.,0.,0.));
#3447=DIRECTION('',(0.,0.,1.));
#3448=DIRECTION('',(0.,-1.,0.));
#3449=DIRECTION('',(0.,0.,-1.));
#3450=DIRECTION('',(-1.,0.,0.));
#3451=DIRECTION('',(0.,0.,1.));
#3452=DIRECTION('',(1.,0.,0.));
#3453=DIRECTION('',(0.,0.,1.));
#3454=DIRECTION('',(1.,0.,0.));
#3455=DIRECTION('',(-1.,0.,0.));
#3456=DIRECTION('',(-1.,0.,0.));
#3457=DIRECTION('',(0.,0.999996456041975,0.00266231168153137));
#3458=DIRECTION('',(0.,-0.00266231168153137,0.999996456041976));
#3459=DIRECTION('',(0.,0.824329193271064,0.566110749872388));
#3460=DIRECTION('',(0.,-0.566110749872388,0.824329193271064));
#3461=DIRECTION('',(1.,0.,0.));
#3462=DIRECTION('',(1.,0.,0.));
#3463=DIRECTION('',(0.,-0.566110749872388,0.824329193271064));
#3464=DIRECTION('',(0.,0.,1.));
#3465=DIRECTION('',(1.,0.,0.));
#3466=DIRECTION('',(1.,0.,0.));
#3467=DIRECTION('',(0.,-1.,0.));
#3468=DIRECTION('',(0.,-0.816281469892238,-0.577654361976577));
#3469=DIRECTION('',(0.,0.577654361976578,-0.816281469892239));
#3470=DIRECTION('',(1.,0.,0.));
#3471=DIRECTION('',(0.,0.577654361976578,-0.816281469892238));
#3472=DIRECTION('',(0.,-0.811843080494289,0.583875682533142));
#3473=DIRECTION('',(0.,-0.583875682533142,-0.811843080494289));
#3474=DIRECTION('',(1.,0.,0.));
#3475=DIRECTION('',(0.,-0.583875682533142,-0.811843080494289));
#3476=DIRECTION('',(0.,0.,-1.));
#3477=DIRECTION('',(-1.,0.,0.));
#3478=DIRECTION('',(1.,0.,0.));
#3479=DIRECTION('',(0.,1.,0.));
#3480=DIRECTION('',(0.,0.823374014292509,-0.567499103600913));
#3481=DIRECTION('',(0.,0.567499103600913,0.823374014292509));
#3482=DIRECTION('',(1.,0.,0.));
#3483=DIRECTION('',(0.,0.567499103600913,0.823374014292509));
#3484=DIRECTION('',(0.,-0.81580173863183,-0.578331672351847));
#3485=DIRECTION('',(0.,0.578331672351847,-0.81580173863183));
#3486=DIRECTION('',(1.,0.,0.));
#3487=DIRECTION('',(0.,0.578331672351847,-0.81580173863183));
#3488=DIRECTION('',(0.,0.,-1.));
#3489=DIRECTION('',(-1.,0.,0.));
#3490=DIRECTION('',(1.,0.,0.));
#3491=DIRECTION('',(0.,1.,0.));
#3492=DIRECTION('',(0.,0.807132335996206,0.590370554981622));
#3493=DIRECTION('',(0.,-0.590370554981622,0.807132335996206));
#3494=DIRECTION('',(1.,0.,0.));
#3495=DIRECTION('',(0.,-0.590370554981622,0.807132335996206));
#3496=DIRECTION('',(0.,0.806886832895152,-0.590706051179799));
#3497=DIRECTION('',(0.,0.590706051179799,0.806886832895152));
#3498=DIRECTION('',(1.,0.,0.));
#3499=DIRECTION('',(0.,0.590706051179799,0.806886832895152));
#3500=DIRECTION('',(0.,0.,1.));
#3501=DIRECTION('',(1.,0.,0.));
#3502=DIRECTION('',(1.,0.,0.));
#3503=DIRECTION('',(0.,-1.,0.));
#3504=DIRECTION('',(0.,-0.818732078241234,0.574175743182164));
#3505=DIRECTION('',(0.,-0.574175743182164,-0.818732078241234));
#3506=DIRECTION('',(0.,-0.574175743182164,-0.818732078241234));
#3507=DIRECTION('',(1.,0.,0.));
#3508=DIRECTION('',(0.,1.,0.));
#3509=DIRECTION('',(1.6069694080378E-16,-1.,0.));
#3510=DIRECTION('',(1.,1.6069694080378E-16,0.));
#3511=DIRECTION('',(1.6069694080378E-16,-1.,0.));
#3512=DIRECTION('',(1.,1.6069694080378E-16,0.));
#3513=DIRECTION('',(1.6069694080378E-16,-1.,0.));
#3514=DIRECTION('',(1.,1.6069694080378E-16,0.));
#3515=DIRECTION('',(1.6069694080378E-16,-1.,0.));
#3516=DIRECTION('',(1.,1.6069694080378E-16,0.));
#3517=DIRECTION('',(1.6069694080378E-16,-1.,0.));
#3518=DIRECTION('',(1.,1.6069694080378E-16,0.));
#3519=DIRECTION('',(1.6069694080378E-16,-1.,0.));
#3520=DIRECTION('',(1.,1.6069694080378E-16,0.));
#3521=DIRECTION('',(0.,0.,-1.));
#3522=DIRECTION('',(-1.,0.,0.));
#3523=DIRECTION('',(-1.,0.,0.));
#3524=DIRECTION('',(0.,-1.,0.));
#3525=DIRECTION('',(0.,0.,-1.));
#3526=DIRECTION('',(0.,0.,1.));
#3527=DIRECTION('',(-1.,0.,0.));
#3528=DIRECTION('',(0.,1.,0.));
#3529=DIRECTION('',(0.,0.,1.));
#3530=DIRECTION('',(0.,0.,1.));
#3531=DIRECTION('',(1.,0.,0.));
#3532=DIRECTION('',(1.,1.22464679914735E-16,0.));
#3533=DIRECTION('',(0.,0.,1.));
#3534=DIRECTION('',(-1.,-1.22464679914735E-16,0.));
#3535=DIRECTION('',(0.,0.,-1.));
#3536=DIRECTION('',(0.,0.,-1.));
#3537=DIRECTION('',(-6.12323399573677E-17,1.,0.));
#3538=DIRECTION('',(0.,0.,1.));
#3539=DIRECTION('',(6.12323399573677E-17,-1.,0.));
#3540=DIRECTION('',(0.,0.,1.));
#3541=DIRECTION('',(6.12323399573677E-17,-1.,0.));
#3542=DIRECTION('',(-1.,-1.22464679914735E-16,0.));
#3543=DIRECTION('',(0.,0.,-1.));
#3544=DIRECTION('',(1.,1.22464679914735E-16,0.));
#3545=DIRECTION('',(0.,0.,1.));
#3546=DIRECTION('',(1.,1.22464679914735E-16,0.));
#3547=DIRECTION('',(0.,0.,1.));
#3548=DIRECTION('',(-1.,-1.22464679914735E-16,0.));
#3549=DIRECTION('',(0.,0.,-1.));
#3550=DIRECTION('',(0.,0.,1.));
#3551=DIRECTION('',(6.12323399573677E-17,-1.,0.));
#3552=DIRECTION('',(0.,0.,1.));
#3553=DIRECTION('',(6.12323399573677E-17,-1.,0.));
#3554=DIRECTION('',(0.,0.,1.));
#3555=DIRECTION('',(6.12323399573677E-17,-1.,0.));
#3556=DIRECTION('',(0.,0.,1.));
#3557=DIRECTION('',(6.12323399573677E-17,-1.,0.));
#3558=DIRECTION('',(0.,0.,1.));
#3559=DIRECTION('',(6.12323399573677E-17,-1.,0.));
#3560=DIRECTION('',(0.,0.,1.));
#3561=DIRECTION('',(6.12323399573677E-17,-1.,0.));
#3562=DIRECTION('',(0.,0.,-1.));
#3563=DIRECTION('',(-6.12323399573677E-17,1.,0.));
#3564=DIRECTION('',(0.,0.,1.));
#3565=DIRECTION('',(6.12323399573677E-17,-1.,0.));
#3566=DIRECTION('',(0.,0.,1.));
#3567=DIRECTION('',(6.12323399573677E-17,-1.,0.));
#3568=DIRECTION('',(0.,0.,1.));
#3569=DIRECTION('',(6.12323399573677E-17,-1.,0.));
#3570=DIRECTION('',(0.,0.,1.));
#3571=DIRECTION('',(6.12323399573677E-17,-1.,0.));
#3572=DIRECTION('',(0.,0.,1.));
#3573=DIRECTION('',(6.12323399573677E-17,-1.,0.));
#3574=DIRECTION('',(0.,0.,1.));
#3575=DIRECTION('',(6.12323399573677E-17,-1.,0.));
#3576=DIRECTION('',(0.,0.,1.));
#3577=DIRECTION('',(6.12323399573677E-17,-1.,0.));
#3578=DIRECTION('',(0.,0.,1.));
#3579=DIRECTION('',(6.12323399573677E-17,-1.,0.));
#3580=DIRECTION('',(0.,0.,1.));
#3581=DIRECTION('',(6.12323399573677E-17,-1.,0.));
#3582=DIRECTION('',(-1.,-1.22464679914735E-16,0.));
#3583=DIRECTION('',(1.22464679914735E-16,-1.,0.));
#3584=DIRECTION('',(-1.,-1.22464679914735E-16,0.));
#3585=DIRECTION('',(0.,0.,-1.));
#3586=DIRECTION('',(-1.,-1.22464679914735E-16,0.));
#3587=DIRECTION('',(0.,0.,-1.));
#3588=DIRECTION('',(1.,1.22464679914735E-16,0.));
#3589=DIRECTION('',(0.,0.,1.));
#3590=DIRECTION('',(-1.,-1.22464679914735E-16,0.));
#3591=DIRECTION('',(0.,0.,-1.));
#3592=DIRECTION('',(1.,1.22464679914735E-16,0.));
#3593=DIRECTION('',(0.,0.,1.));
#3594=DIRECTION('',(-1.,-1.22464679914735E-16,0.));
#3595=DIRECTION('',(0.,0.,-1.));
#3596=DIRECTION('',(-1.,-6.12323399573677E-17,0.));
#3597=DIRECTION('',(0.,0.,-1.));
#3598=DIRECTION('',(-1.,-1.22464679914735E-16,0.));
#3599=DIRECTION('',(0.,0.,-1.));
#3600=DIRECTION('',(-1.,-1.22464679914735E-16,0.));
#3601=DIRECTION('',(0.,0.,-1.));
#3602=DIRECTION('',(-0.167885965902746,-0.933750064662844,-0.316109346896033));
#3603=DIRECTION('',(3.92696061882777E-17,-0.320660668983243,0.947194138161348));
#3604=DIRECTION('',(-0.167885965902741,-0.933750064662846,0.316109346896029));
#3605=DIRECTION('',(-3.92696061882773E-17,0.320660668983239,0.947194138161349));
#3606=DIRECTION('',(0.167885965902747,-0.933750064662843,-0.316109346896035));
#3607=DIRECTION('',(3.9269606188278E-17,-0.320660668983245,0.947194138161347));
#3608=DIRECTION('',(0.167885965902744,-0.933750064662845,0.316109346896031));
#3609=DIRECTION('',(-3.92696061882775E-17,0.320660668983241,0.947194138161349));
#3610=DIRECTION('',(1.,1.22464679914735E-16,0.));
#3611=DIRECTION('',(-1.22464679914735E-16,1.,0.));
#3612=DIRECTION('',(1.,1.22464679914735E-16,0.));
#3613=DIRECTION('',(0.,0.,1.));
#3614=DIRECTION('',(1.,1.22464679914735E-16,0.));
#3615=DIRECTION('',(0.,0.,1.));
#3616=DIRECTION('',(-1.,-1.22464679914735E-16,0.));
#3617=DIRECTION('',(0.,0.,-1.));
#3618=DIRECTION('',(1.,1.22464679914735E-16,0.));
#3619=DIRECTION('',(0.,0.,1.));
#3620=DIRECTION('',(-1.,-1.22464679914735E-16,0.));
#3621=DIRECTION('',(0.,0.,-1.));
#3622=DIRECTION('',(1.,1.22464679914735E-16,0.));
#3623=DIRECTION('',(0.,0.,1.));
#3624=DIRECTION('',(1.,6.12323399573677E-17,0.));
#3625=DIRECTION('',(0.,0.,1.));
#3626=DIRECTION('',(1.,1.22464679914735E-16,0.));
#3627=DIRECTION('',(0.,0.,1.));
#3628=DIRECTION('',(1.,1.22464679914735E-16,0.));
#3629=DIRECTION('',(0.,0.,1.));
#3630=DIRECTION('',(-0.167920734783489,-0.933719601330592,-0.316180854766404));
#3631=DIRECTION('',(3.92787254151571E-17,-0.320735133121685,0.947168926000751));
#3632=DIRECTION('',(-0.167920734783484,0.933719601330596,-0.316180854766396));
#3633=DIRECTION('',(3.92787254151561E-17,-0.320735133121677,-0.947168926000753));
#3634=DIRECTION('',(0.167920734783481,-0.9337196013306,-0.316180854766383));
#3635=DIRECTION('',(3.92787254151545E-17,-0.320735133121664,0.947168926000758));
#3636=DIRECTION('',(0.167920734783483,0.933719601330599,-0.316180854766388));
#3637=DIRECTION('',(3.92787254151551E-17,-0.320735133121668,-0.947168926000756));
#3638=DIRECTION('',(1.,1.22464679914735E-16,0.));
#3639=DIRECTION('',(0.,0.,1.));
#3640=DIRECTION('',(-1.,-1.22464679914735E-16,0.));
#3641=DIRECTION('',(0.,0.,-1.));
#3642=DIRECTION('',(1.,1.22464679914735E-16,0.));
#3643=DIRECTION('',(0.,0.,1.));
#3644=DIRECTION('',(-1.,-1.22464679914735E-16,0.));
#3645=DIRECTION('',(0.,0.,-1.));
#3646=DIRECTION('',(-1.,-1.22464679914735E-16,0.));
#3647=DIRECTION('',(1.22464679914735E-16,-1.,0.));
#3648=DIRECTION('',(-1.,-1.22464679914735E-16,0.));
#3649=DIRECTION('',(0.,0.,-1.));
#3650=DIRECTION('',(-1.,-1.22464679914735E-16,0.));
#3651=DIRECTION('',(0.,0.,-1.));
#3652=DIRECTION('',(0.,0.,-1.));
#3653=DIRECTION('',(-6.12323399573677E-17,1.,0.));
#3654=DIRECTION('',(-1.,-1.22464679914735E-16,0.));
#3655=DIRECTION('',(0.,0.,-1.));
#3656=DIRECTION('',(-1.,-1.22464679914735E-16,0.));
#3657=DIRECTION('',(0.,0.,-1.));
#3658=DIRECTION('',(0.152185681712387,-0.846409822071508,0.510323359628592));
#3659=DIRECTION('',(-6.32331314472317E-17,0.516337702358403,0.856385063580189));
#3660=DIRECTION('',(0.152185777425548,0.846410354386728,0.510322448199484));
#3661=DIRECTION('',(-6.32330194568028E-17,0.516336787887153,-0.856385614938958));
#3662=DIRECTION('',(-0.152185777423968,-0.84641035438983,0.510322448194811));
#3663=DIRECTION('',(-6.32330194562082E-17,0.516336787882297,0.856385614941886));
#3664=DIRECTION('',(-0.152185681712399,0.84640982207147,0.510323359628653));
#3665=DIRECTION('',(-6.32331314472394E-17,0.516337702358466,-0.856385063580152));
#3666=DIRECTION('',(0.,0.,-1.));
#3667=DIRECTION('',(-6.12323399573677E-17,1.,0.));
#3668=DIRECTION('',(1.,1.22464679914735E-16,0.));
#3669=DIRECTION('',(0.,0.,1.));
#3670=CARTESIAN_POINT('',(0.,0.,0.));
#3671=CARTESIAN_POINT('',(-7.28291169349859E-9,-0.0315672544421777,-0.03175));
#3672=CARTESIAN_POINT('',(-7.28291169349859E-9,-0.0325012257698231,-0.00235));
#3673=CARTESIAN_POINT('',(-7.28291169349859E-9,-0.0325012257698231,-0.003425));
#3674=CARTESIAN_POINT('',(-7.28291169367761E-9,-0.0370323620736599,-0.0406146));
#3675=CARTESIAN_POINT('',(-7.28291169367761E-9,-0.0370323620736599,-0.004826));
#3676=CARTESIAN_POINT('',(-7.28291169367761E-9,-0.0370323620736599,0.));
#3677=CARTESIAN_POINT('',(-7.28291169342296E-9,-0.0125172544421777,-0.004826));
#3678=CARTESIAN_POINT('',(-7.28291169342296E-9,-0.0252172544421777,-0.004826));
#3679=CARTESIAN_POINT('',(-7.28291171084582E-9,-0.0252172544421777,-0.03175));
#3680=CARTESIAN_POINT('',(-7.28291170213439E-9,-0.0252172544421777,0.));
#3681=CARTESIAN_POINT('',(-7.28291169349859E-9,-0.0315672544421777,0.));
#3682=CARTESIAN_POINT('',(-7.28291169349859E-9,-0.0270851970974686,0.));
#3683=CARTESIAN_POINT('',(-7.28291169349859E-9,-0.0315672544421777,0.));
#3684=CARTESIAN_POINT('',(-7.28291169349859E-9,-0.0315672544421777,-0.03175));
#3685=CARTESIAN_POINT('',(-7.28291169349859E-9,-0.0325012257698231,-0.030378));
#3686=CARTESIAN_POINT('',(-7.28291169349859E-9,-0.0325012257698231,-0.031428));
#3687=CARTESIAN_POINT('',(-7.28291169367761E-9,-0.0370323620736599,-0.0406146));
#3688=CARTESIAN_POINT('',(-7.28291169367761E-9,-0.0370323620736599,-0.03175));
#3689=CARTESIAN_POINT('',(-7.28291169367761E-9,-0.0370323620736599,-0.028956));
#3690=CARTESIAN_POINT('',(-7.28291169349859E-9,-0.0315672544421777,-0.03175));
#3691=CARTESIAN_POINT('',(-7.28291171084582E-9,-0.0252172544421777,-0.03175));
#3692=CARTESIAN_POINT('',(-7.28291171084582E-9,-0.0252172544421777,-0.03175));
#3693=CARTESIAN_POINT('',(-7.28291169342296E-9,-0.0252172544421777,-0.028956));
#3694=CARTESIAN_POINT('',(-7.28291169342296E-9,-0.0125172544421777,-0.028956));
#3695=CARTESIAN_POINT('',(-0.000660240003486187,-0.00541605726810357,0.));
#3696=CARTESIAN_POINT('',(-0.00930590832307244,-0.0370323620736599,0.));
#3697=CARTESIAN_POINT('',(-0.00972180936323317,-0.0370323620736599,0.));
#3698=CARTESIAN_POINT('',(-0.00252561841664111,-0.0270851970974686,0.));
#3699=CARTESIAN_POINT('',(-0.0050512295503705,-0.0270851970974686,0.));
#3700=CARTESIAN_POINT('',(-7.28291172551535E-9,-2.8595749103702E-8,0.));
#3701=CARTESIAN_POINT('',(-0.0200288017627312,-0.0189200864933076,0.));
#3702=CARTESIAN_POINT('',(-0.0209615973915692,-0.0197969178144791,0.));
#3703=CARTESIAN_POINT('',(-0.0235956888884059,-0.0222729735075528,0.));
#3704=CARTESIAN_POINT('',(-0.0162428480856588,-0.0300951139748653,0.));
#3705=CARTESIAN_POINT('',(-0.0146161869857137,-0.0212690582817915,-0.03175));
#3706=CARTESIAN_POINT('',(-0.0146161869857137,-0.0212690582817915,-0.03175));
#3707=CARTESIAN_POINT('',(-0.010904868076695,-0.0252172544421777,-0.03175));
#3708=CARTESIAN_POINT('',(-0.0131565277253139,-0.0228218812077272,-0.03175));
#3709=CARTESIAN_POINT('',(-0.0137089510614288,-0.0222341991065592,-0.0307163780750394));
#3710=CARTESIAN_POINT('',(-0.0146497921035477,-0.0212333082962866,-0.028956));
#3711=CARTESIAN_POINT('',(-0.0146161869857137,-0.0212690582817915,-0.028956));
#3712=CARTESIAN_POINT('',(-0.010904868076695,-0.0252172544421777,-0.028956));
#3713=CARTESIAN_POINT('',(-0.010904868076695,-0.0252172544421777,-0.03175));
#3714=CARTESIAN_POINT('',(-0.0146161869857137,-0.0212690582817915,-0.03175));
#3715=CARTESIAN_POINT('',(-0.0158750072829117,-0.0199298929915397,-0.03175));
#3716=CARTESIAN_POINT('',(-0.0158750072829117,-0.0199298929915397,-0.0266635384231747));
#3717=CARTESIAN_POINT('',(-0.0158750072829117,-0.0199298929915397,-0.004826));
#3718=CARTESIAN_POINT('',(-0.0137089510614288,-0.0222341991065592,-0.0307163780750394));
#3719=CARTESIAN_POINT('',(-0.0183275058947323,-0.0173208621214054,-0.0220747454262297));
#3720=CARTESIAN_POINT('',(-0.0183275058947328,-0.0173208621214049,-0.03175));
#3721=CARTESIAN_POINT('',(-0.0183275058947323,-0.0173208621214054,0.));
#3722=CARTESIAN_POINT('',(-0.0146161869857137,-0.0212690582817915,0.));
#3723=CARTESIAN_POINT('',(-0.010904868076695,-0.0252172544421777,0.));
#3724=CARTESIAN_POINT('',(-0.010904868076695,-0.0252172544421777,-0.03175));
#3725=CARTESIAN_POINT('',(-0.010904868076695,-0.0252172544421777,-0.004826));
#3726=CARTESIAN_POINT('',(-0.0146161869857137,-0.0212690582817915,-0.004826));
#3727=CARTESIAN_POINT('',(-0.0158750072829117,-0.0125172544421777,-0.016891));
#3728=CARTESIAN_POINT('',(-0.0158750072829117,-0.0262001417577266,-0.016891));
#3729=CARTESIAN_POINT('',(-0.0158750072829117,-0.0262001417577266,-0.0289277359843254));
#3730=CARTESIAN_POINT('',(-0.0158750072829117,-0.0262001417577266,-0.004826));
#3731=CARTESIAN_POINT('',(-0.0158750072829117,-0.0125172544421777,-0.0289277359843254));
#3732=CARTESIAN_POINT('',(-0.0158750072829117,-0.0304864324469885,-0.0289277359843254));
#3733=CARTESIAN_POINT('',(-0.0158750072829117,-0.0304864324469885,-0.03175));
#3734=CARTESIAN_POINT('',(-0.0158750072829117,-0.0304864324469885,-0.028956));
#3735=CARTESIAN_POINT('',(-0.0158750072829117,-0.0125172544421777,-0.028956));
#3736=CARTESIAN_POINT('',(-0.0158750072829117,-0.0223850150702341,-0.028956));
#3737=CARTESIAN_POINT('',(-0.0158750072829117,-0.0110950905607022,-0.0184140728315053));
#3738=CARTESIAN_POINT('',(-0.0158750072829117,-0.0125172544421777,-0.004826));
#3739=CARTESIAN_POINT('',(-0.00793750728291169,-0.0125172544421777,-0.028956));
#3740=CARTESIAN_POINT('',(-0.0162428480856588,-0.0300951139748653,-0.028956));
#3741=CARTESIAN_POINT('',(-0.00972180936323317,-0.0370323620736599,-0.028956));
#3742=CARTESIAN_POINT('',(-0.00793750728291169,-0.0370323620736599,-0.028956));
#3743=CARTESIAN_POINT('',(-0.00545243767980336,-0.0252172544421777,-0.028956));
#3744=CARTESIAN_POINT('',(-0.00673656594675437,-0.0137948466104883,-0.028956));
#3745=CARTESIAN_POINT('',(-0.00545243767980336,-0.0252172544421777,-0.03175));
#3746=CARTESIAN_POINT('',(-0.00545243767980336,-0.0252172544421777,-0.004826));
#3747=CARTESIAN_POINT('',(-0.00545243767980336,-0.0252172544421777,0.));
#3748=CARTESIAN_POINT('',(-7.28291170773443E-9,-2.85957490742117E-8,0.));
#3749=CARTESIAN_POINT('',(-0.0209615973915692,-0.0197969178144791,0.));
#3750=CARTESIAN_POINT('',(-7.28291172551535E-9,-2.8595749103702E-8,0.));
#3751=CARTESIAN_POINT('',(-0.0222752234472569,-0.0162153282844229,0.));
#3752=CARTESIAN_POINT('',(-0.022275223447257,0.00591020033851139,0.));
#3753=CARTESIAN_POINT('',(-0.022275223447257,0.0162152710929248,0.));
#3754=CARTESIAN_POINT('',(-7.28293726194595E-9,-2.85957305248135E-8,0.));
#3755=CARTESIAN_POINT('',(-0.00505122955037019,0.0270851399059705,0.));
#3756=CARTESIAN_POINT('',(-0.00173313857125176,0.0270851399059705,0.));
#3757=CARTESIAN_POINT('',(0.00505121498454679,0.0270851399059705,0.));
#3758=CARTESIAN_POINT('',(-7.28291863275055E-9,-2.85957541638903E-8,0.));
#3759=CARTESIAN_POINT('',(0.0222752088814336,0.0162152710929248,0.));
#3760=CARTESIAN_POINT('',(0.0222752088814336,-0.0154206739355502,0.));
#3761=CARTESIAN_POINT('',(0.0222752088814336,-0.0162153282844229,0.));
#3762=CARTESIAN_POINT('',(-7.28291168474934E-9,-2.8595749091559E-8,0.));
#3763=CARTESIAN_POINT('',(0.00505121498454709,-0.0270851970974686,0.));
#3764=CARTESIAN_POINT('',(-0.00252561841664111,-0.0270851970974686,0.));
#3765=CARTESIAN_POINT('',(-7.28291171084582E-9,-2.85957490716096E-8,0.));
#3766=CARTESIAN_POINT('',(0.0205423603246224,-0.0146260195866776,0.));
#3767=CARTESIAN_POINT('',(0.0204748132753825,-0.0146260195866776,0.));
#3768=CARTESIAN_POINT('',(0.0204072662261425,-0.0146260195866776,0.));
#3769=CARTESIAN_POINT('',(0.0204072662261425,-0.00731302409121335,0.));
#3770=CARTESIAN_POINT('',(0.0204072662261425,0.0148138725554143,0.));
#3771=CARTESIAN_POINT('',(-7.28291349623433E-9,-2.85957478390886E-8,0.));
#3772=CARTESIAN_POINT('',(-0.020407280791966,0.0148138725554143,0.));
#3773=CARTESIAN_POINT('',(-0.020407280791966,0.0074069219798326,0.));
#3774=CARTESIAN_POINT('',(-0.020407280791966,-0.0146260195866777,0.));
#3775=CARTESIAN_POINT('',(-0.0204748278412059,-0.0146260195866777,0.));
#3776=CARTESIAN_POINT('',(-0.0205423748904458,-0.0146260195866777,0.));
#3777=CARTESIAN_POINT('',(-7.28291171084582E-9,-2.85957490716096E-8,0.));
#3778=CARTESIAN_POINT('',(-7.28291170773443E-9,-2.85957490742117E-8,0.02032));
#3779=CARTESIAN_POINT('',(-0.0204748278412059,-0.0146260195866777,0.02032));
#3780=CARTESIAN_POINT('',(-0.020407280791966,-0.0146260195866777,0.02032));
#3781=CARTESIAN_POINT('',(-0.0205423748904458,-0.0146260195866777,0.02032));
#3782=CARTESIAN_POINT('',(-0.020407280791966,0.0074069219798326,0.02032));
#3783=CARTESIAN_POINT('',(-0.020407280791966,0.0148138725554143,0.02032));
#3784=CARTESIAN_POINT('',(-7.28291349623433E-9,-2.85957478390886E-8,0.02032));
#3785=CARTESIAN_POINT('',(0.0204072662261425,0.0148138725554143,0.02032));
#3786=CARTESIAN_POINT('',(0.0204072662261425,-0.00731302409121335,0.02032));
#3787=CARTESIAN_POINT('',(0.0204072662261425,-0.0146260195866776,0.02032));
#3788=CARTESIAN_POINT('',(0.0204748132753825,-0.0146260195866776,0.02032));
#3789=CARTESIAN_POINT('',(0.0205423603246224,-0.0146260195866776,0.02032));
#3790=CARTESIAN_POINT('',(-7.28291171084582E-9,-2.85957490716096E-8,0.02032));
#3791=CARTESIAN_POINT('',(-7.28291170513234E-9,-0.0252671502530574,0.02032));
#3792=CARTESIAN_POINT('',(0.00505121498454709,-0.0252671502530574,0.02032));
#3793=CARTESIAN_POINT('',(-0.0050512295503705,-0.0252671502530574,0.02032));
#3794=CARTESIAN_POINT('',(0.00505121498454709,-0.026176173675263,0.02032));
#3795=CARTESIAN_POINT('',(0.00505121498454709,-0.0270851970974686,0.02032));
#3796=CARTESIAN_POINT('',(-7.28291168474934E-9,-2.8595749091559E-8,0.02032));
#3797=CARTESIAN_POINT('',(0.0222752088814336,-0.0162153282844229,0.02032));
#3798=CARTESIAN_POINT('',(0.0222752088814336,-0.0154206739355502,0.02032));
#3799=CARTESIAN_POINT('',(0.0222752088814336,0.0162152710929248,0.02032));
#3800=CARTESIAN_POINT('',(-7.28291863275055E-9,-2.85957541638903E-8,0.02032));
#3801=CARTESIAN_POINT('',(0.00505121498454679,0.0270851399059705,0.02032));
#3802=CARTESIAN_POINT('',(-0.00173313857125176,0.0270851399059705,0.02032));
#3803=CARTESIAN_POINT('',(-0.00505122955037019,0.0270851399059705,0.02032));
#3804=CARTESIAN_POINT('',(-7.28293726194595E-9,-2.85957305248135E-8,0.02032));
#3805=CARTESIAN_POINT('',(-0.022275223447257,0.0162152710929248,0.02032));
#3806=CARTESIAN_POINT('',(-0.022275223447257,0.00591020033851139,0.02032));
#3807=CARTESIAN_POINT('',(-0.0222752234472569,-0.0162153282844229,0.02032));
#3808=CARTESIAN_POINT('',(-7.28291172551535E-9,-2.8595749103702E-8,0.02032));
#3809=CARTESIAN_POINT('',(-0.0050512295503705,-0.0270851970974686,0.02032));
#3810=CARTESIAN_POINT('',(-0.0050512295503705,-0.026176173675263,0.02032));
#3811=CARTESIAN_POINT('',(-0.022275223447257,0.00591020033851139,0.02032));
#3812=CARTESIAN_POINT('',(-0.022275223447257,-1.42978745399652E-8,0.01016));
#3813=CARTESIAN_POINT('',(-0.022275223447257,-1.42978745399652E-8,0.011735));
#3814=CARTESIAN_POINT('',(-0.0222752234472569,-0.0162153282844229,0.02032));
#3815=CARTESIAN_POINT('',(-0.022275223447257,0.0162152710929248,0.02032));
#3816=CARTESIAN_POINT('',(-7.28291172551535E-9,-2.8595749103702E-8,0.02032));
#3817=CARTESIAN_POINT('',(-0.0050512295503705,-0.0270851970974686,0.02032));
#3818=CARTESIAN_POINT('',(-0.00252561841664111,-0.0270851970974686,0.02032));
#3819=CARTESIAN_POINT('',(4.24036775450917E-18,-0.0270851970974686,0.01016));
#3820=CARTESIAN_POINT('',(4.24036775450917E-18,-0.0270851970974686,0.011735));
#3821=CARTESIAN_POINT('',(-0.00252561841664111,-0.0270851970974686,0.056896));
#3822=CARTESIAN_POINT('',(0.00185106265053856,-0.0270851970974686,0.056896));
#3823=CARTESIAN_POINT('',(0.00505121498454709,-0.0270851970974686,0.056896));
#3824=CARTESIAN_POINT('',(6.23416249179165E-19,-0.0270851970974686,0.053085999237895));
#3825=CARTESIAN_POINT('',(-0.00185106265053856,-0.0270851970974686,0.056896));
#3826=CARTESIAN_POINT('',(-0.00252561841664111,-0.0270851970974686,0.056896));
#3827=CARTESIAN_POINT('',(-0.0050512295503705,-0.0270851970974686,0.056896));
#3828=CARTESIAN_POINT('',(-0.0050512295503705,-0.0270851970974686,0.056896));
#3829=CARTESIAN_POINT('',(0.00505121498454709,-0.0270851970974686,0.02032));
#3830=CARTESIAN_POINT('',(0.00505121498454709,-0.0270851970974686,0.056896));
#3831=CARTESIAN_POINT('',(-7.28291168474934E-9,-2.8595749091559E-8,0.02032));
#3832=CARTESIAN_POINT('',(0.0222752088814336,-0.0162153282844229,0.02032));
#3833=CARTESIAN_POINT('',(0.0222752088814336,-0.0154206739355502,0.02032));
#3834=CARTESIAN_POINT('',(0.0222752088814336,-1.42978745399652E-8,0.01016));
#3835=CARTESIAN_POINT('',(0.0222752088814336,-1.42978745399652E-8,0.008585));
#3836=CARTESIAN_POINT('',(0.0222752088814336,0.0162152710929248,0.02032));
#3837=CARTESIAN_POINT('',(-7.28291863275055E-9,-2.85957541638903E-8,0.02032));
#3838=CARTESIAN_POINT('',(0.00505121498454679,0.0270851399059705,0.02032));
#3839=CARTESIAN_POINT('',(-0.00173313857125176,0.0270851399059705,0.02032));
#3840=CARTESIAN_POINT('',(4.24036775450917E-18,0.0270851399059705,0.01016));
#3841=CARTESIAN_POINT('',(4.24036775450917E-18,0.0270851399059705,0.011735));
#3842=CARTESIAN_POINT('',(-0.00505122955037019,0.0270851399059705,0.02032));
#3843=CARTESIAN_POINT('',(-0.0204748278412059,-0.0146260195866777,0.02032));
#3844=CARTESIAN_POINT('',(-0.020407280791966,-0.0146260195866777,0.02032));
#3845=CARTESIAN_POINT('',(-0.0205423748904458,-0.0146260195866777,0.02032));
#3846=CARTESIAN_POINT('',(-0.020407280791966,0.0074069219798326,0.02032));
#3847=CARTESIAN_POINT('',(-0.020407280791966,-1.42978745399652E-8,0.01016));
#3848=CARTESIAN_POINT('',(-0.020407280791966,-1.42978745399652E-8,0.011735));
#3849=CARTESIAN_POINT('',(-0.020407280791966,0.0148138725554143,0.02032));
#3850=CARTESIAN_POINT('',(-7.28291349623433E-9,-2.85957478390886E-8,0.02032));
#3851=CARTESIAN_POINT('',(-0.00123558345136733,0.0251925422348492,0.00892678530709984));
#3852=CARTESIAN_POINT('',(3.14255124746535E-7,0.0252295129989861,0.00841420530461261));
#3853=CARTESIAN_POINT('',(0.00123432643086837,0.0251925892732717,0.00892639347444972));
#3854=CARTESIAN_POINT('',(0.00174517081853266,0.025155656145815,0.01015869349002));
#3855=CARTESIAN_POINT('',(0.00123498893217307,0.0251925678625135,0.0113937573860259));
#3856=CARTESIAN_POINT('',(2.56995972431302E-7,0.0252294839902998,0.0119052100303971));
#3857=CARTESIAN_POINT('',(-0.00123262466663093,0.0251926796413453,0.011395401883531));
#3858=CARTESIAN_POINT('',(-0.00174544679906144,0.025155641379982,0.0101618058705873));
#3859=CARTESIAN_POINT('',(-0.00123558345136733,0.0251925422348492,0.00892678530709984));
#3860=CARTESIAN_POINT('',(3.14255124746535E-7,0.0252295129989861,0.00841420530461261));
#3861=CARTESIAN_POINT('',(0.00123432643086837,0.0251925892732717,0.00892639347444972));
#3862=CARTESIAN_POINT('',(4.51211224587118E-18,0.0252171972506775,0.008585));
#3863=CARTESIAN_POINT('',(0.0204072662261425,0.0148138725554143,0.02032));
#3864=CARTESIAN_POINT('',(0.0204072662261425,-0.00731302409121335,0.02032));
#3865=CARTESIAN_POINT('',(0.0204072662261425,-1.42978745399652E-8,0.01016));
#3866=CARTESIAN_POINT('',(0.0204072662261425,-1.42978745399652E-8,0.008585));
#3867=CARTESIAN_POINT('',(0.0204072662261425,-0.0146260195866776,0.02032));
#3868=CARTESIAN_POINT('',(0.0204748132753825,-0.0146260195866776,0.02032));
#3869=CARTESIAN_POINT('',(0.0205423603246224,-0.0146260195866776,0.02032));
#3870=CARTESIAN_POINT('',(-7.28291171084582E-9,-2.85957490716096E-8,0.02032));
#3871=CARTESIAN_POINT('',(0.00123558343649631,-0.0251925987128717,0.00892678529923486));
#3872=CARTESIAN_POINT('',(-3.14247672080365E-7,-0.0252295701906679,0.00841420530467085));
#3873=CARTESIAN_POINT('',(-0.00123432644580796,-0.0251926471775164,0.00892639348208172));
#3874=CARTESIAN_POINT('',(-0.00174517081858607,-0.0251557143476787,0.0101586935118028));
#3875=CARTESIAN_POINT('',(-0.0012349889170825,-0.0251926257689348,0.0113937574080284));
#3876=CARTESIAN_POINT('',(-2.56946504946538E-7,-0.0252295411819476,0.0119052100304865));
#3877=CARTESIAN_POINT('',(0.00123262468177105,-0.0251927361192918,0.0113954018612525));
#3878=CARTESIAN_POINT('',(0.00174544679902234,-0.0251556975609545,0.0101618058498356));
#3879=CARTESIAN_POINT('',(0.00123558343649631,-0.0251925987128717,0.00892678529923486));
#3880=CARTESIAN_POINT('',(-3.14247672080365E-7,-0.0252295701906679,0.00841420530467085));
#3881=CARTESIAN_POINT('',(-0.00123432644580796,-0.0251926471775164,0.00892639348208172));
#3882=CARTESIAN_POINT('',(4.04134470107232E-18,-0.0252172544421767,0.008585));
#3883=CARTESIAN_POINT('',(-7.28291171084582E-9,-2.85957490716096E-8,0.));
#3884=CARTESIAN_POINT('',(-7.28293726194595E-9,-2.85957305248135E-8,0.02032));
#3885=CARTESIAN_POINT('',(-7.28291170773443E-9,-2.85957490742117E-8,0.));
#3886=CARTESIAN_POINT('',(4.24036775450917E-18,0.0667385,0.01016));
#3887=CARTESIAN_POINT('',(4.24036775450917E-18,0.0667385,0.01016));
#3888=CARTESIAN_POINT('',(-0.0366527911185664,-1.42978745399652E-8,0.01016));
#3889=CARTESIAN_POINT('',(-0.0366527911185664,-1.42978745399652E-8,0.01016));
#3890=CARTESIAN_POINT('',(-7.28291170513234E-9,-0.0252671502530574,0.056896));
#3891=CARTESIAN_POINT('',(1.80867374540878E-19,-0.0252671502530574,0.053086));
#3892=CARTESIAN_POINT('',(1.80867374540878E-19,-0.0252671502530574,0.054136));
#3893=CARTESIAN_POINT('',(-0.0050512295503705,-0.0252671502530574,0.056896));
#3894=CARTESIAN_POINT('',(-0.0050512295503705,-0.0252671502530574,0.056896));
#3895=CARTESIAN_POINT('',(-7.28291170513234E-9,-0.0252671502530574,0.056896));
#3896=CARTESIAN_POINT('',(0.00505121498454709,-0.0252671502530574,0.056896));
#3897=CARTESIAN_POINT('',(0.00505121498454709,-0.0252671502530574,0.056896));
#3898=CARTESIAN_POINT('',(-0.0050512295503705,-0.026176173675263,0.056896));
#3899=CARTESIAN_POINT('',(-0.0050512295503705,-0.026176173675263,0.056896));
#3900=CARTESIAN_POINT('',(0.00505121498454709,-0.026176173675263,0.056896));
#3901=CARTESIAN_POINT('',(0.00505121498454709,-0.026176173675263,0.056896));
#3902=CARTESIAN_POINT('',(-7.28291170426498E-9,-2.85957490464561E-8,0.056896));
#3903=CARTESIAN_POINT('',(-0.00185106265053856,-0.0270851970974686,0.056896));
#3904=CARTESIAN_POINT('',(-0.00122779675412429,-0.0270851970974686,0.056896));
#3905=CARTESIAN_POINT('',(8.54294284091748E-6,-0.0273566913073901,0.056896));
#3906=CARTESIAN_POINT('',(0.00123344459560809,-0.0270851970974686,0.056896));
#3907=CARTESIAN_POINT('',(0.00185106265053856,-0.0270851970974686,0.056896));
#3908=CARTESIAN_POINT('',(1.80867374540878E-19,-0.0506671502530574,0.053086));
#3909=CARTESIAN_POINT('',(1.80867374540878E-19,-0.0288238868530574,0.053086));
#3910=CARTESIAN_POINT('',(1.80867374540878E-19,-0.0288238868530574,0.054136));
#3911=CARTESIAN_POINT('',(6.23416249179165E-19,-0.0295597502530573,0.053085999237895));
#3912=CARTESIAN_POINT('',(6.23416249179165E-19,-0.0278210604974687,0.053085999237895));
#3913=CARTESIAN_POINT('',(6.23416249179165E-19,-0.0278210604974687,0.056585999237895));
#3914=CARTESIAN_POINT('',(6.23416249179165E-19,-0.0288238868530574,0.053085999237895));
#3915=CARTESIAN_POINT('',(6.23416249179165E-19,-0.0288238868530574,0.056585999237895));
#3916=CARTESIAN_POINT('',(0.,-0.0295597502530573,0.053240999237895));
#3917=CARTESIAN_POINT('',(1.80867374540878E-19,-0.0295597502530573,0.053086));
#3918=CARTESIAN_POINT('',(1.80867374540878E-19,-0.0295597502530573,0.0548718634));
#3919=CARTESIAN_POINT('',(6.23416249179165E-19,-0.0295597502530573,0.053085999237895));
#3920=CARTESIAN_POINT('',(6.23416249179165E-19,-0.0295597502530573,0.055850135837895));
#3921=CARTESIAN_POINT('',(6.23416249179165E-19,-0.0278210604974687,0.053085999237895));
#3922=CARTESIAN_POINT('',(1.80867374540878E-19,-0.0288238868530574,0.053086));
#3923=CARTESIAN_POINT('',(6.23416249179165E-19,-0.0288238868530574,0.053085999237895));
#3924=CARTESIAN_POINT('',(-0.00545243767980336,-0.0252172544421777,-0.03175));
#3925=CARTESIAN_POINT('',(-0.00545243767980336,-0.0252172544421777,-0.03175));
#3926=CARTESIAN_POINT('',(-0.0162428480856588,-0.0300951139748653,-0.03175));
#3927=CARTESIAN_POINT('',(-0.0199041362923103,-0.0262001417577266,-0.03175));
#3928=CARTESIAN_POINT('',(-0.0199041362923103,-0.0262001417577266,-0.004826));
#3929=CARTESIAN_POINT('',(-0.0199041362923103,-0.0262001417577266,-0.0289277359843254));
#3930=CARTESIAN_POINT('',(-0.0162428480856588,-0.0300951139748653,-0.004826));
#3931=CARTESIAN_POINT('',(-0.00972180936323317,-0.0370323620736599,-0.004826));
#3932=CARTESIAN_POINT('',(-0.00972180936323317,-0.0370323620736599,-0.0406146));
#3933=CARTESIAN_POINT('',(-0.0235956888884059,-0.0222729735075528,-0.03175));
#3934=CARTESIAN_POINT('',(-0.0235956888884059,-0.0222729735075528,-0.0220747454262297));
#3935=CARTESIAN_POINT('',(-0.0210101998036968,-0.0250234830507136,-0.0269123727131148));
#3936=CARTESIAN_POINT('',(-0.0184247107189876,-0.0277739925938745,-0.03175));
#3937=CARTESIAN_POINT('',(-0.0162428480856588,-0.0300951139748653,-0.03175));
#3938=CARTESIAN_POINT('',(-0.00972180936323317,-0.0370323620736599,-0.03175));
#3939=CARTESIAN_POINT('',(-0.00972180936323317,-0.0370323620736599,-0.0406146));
#3940=CARTESIAN_POINT('',(-0.0162428480856588,-0.0300951139748653,-0.0289277359843254));
#3941=CARTESIAN_POINT('',(-0.0209615973915692,-0.0197969178144791,-0.03175));
#3942=CARTESIAN_POINT('',(-0.00508858006034678,-0.00487622315507676,-0.0220747454262297));
#3943=CARTESIAN_POINT('',(-0.000660240003486187,-0.00541605726810357,-0.03175));
#3944=CARTESIAN_POINT('',(-0.000660240003486187,-0.0370323620736599,-0.03175));
#3945=CARTESIAN_POINT('',(8.23981090716207E-5,-0.0103772422413985,-0.03175));
#3946=CARTESIAN_POINT('',(-0.00793750728291169,-0.0125172544421777,-0.004826));
#3947=CARTESIAN_POINT('',(-0.0254000072829117,-0.0262001417577266,-0.004826));
#3948=CARTESIAN_POINT('',(-0.00793750728291169,-0.0370323620736599,-0.004826));
#3949=CARTESIAN_POINT('',(-0.00250309097563757,-0.00762673269823761,-0.0269123727131148));
#3950=CARTESIAN_POINT('',(-0.00812800728291169,-0.0325012257698231,-0.030378));
#3951=CARTESIAN_POINT('',(-0.00812800728291169,-0.0325012257698231,-0.030378));
#3952=CARTESIAN_POINT('',(-0.00812800728291169,-0.0325012257698231,-0.031428));
#3953=CARTESIAN_POINT('',(-0.00812800728291169,-0.0315672544421777,-0.0159));
#3954=CARTESIAN_POINT('',(-0.00812800728291169,-0.0325012257698231,-0.00235));
#3955=CARTESIAN_POINT('',(-0.00812800728291169,-0.0325012257698231,-0.00235));
#3956=CARTESIAN_POINT('',(-0.00812800728291169,-0.0325012257698231,-0.003425));
#3957=CARTESIAN_POINT('',(-0.00812800728291169,-0.0315672544421777,-0.0159));
#3958=CARTESIAN_POINT('',(-0.00930590832307244,-0.0370323620736599,-0.0406146));
#3959=CARTESIAN_POINT('',(-0.00930590832307244,-0.0370323620736599,-0.0406146));
#3960=CARTESIAN_POINT('',(-0.0254000072829117,-0.0316162519156933,-0.0289277359843254));
#3961=CARTESIAN_POINT('',(-0.0254000072829117,-0.0262001417577266,-0.0289277359843254));
#3962=CARTESIAN_POINT('',(-0.0254000072829117,-0.0262001417577266,-0.0168768679921627));
#3963=CARTESIAN_POINT('',(0.,0.,0.));
#3964=CARTESIAN_POINT('',(-0.025843591081352,0.0149295644504483,0.052578));
#3965=CARTESIAN_POINT('',(-0.025843591081352,0.0117164917310417,0.052578));
#3966=CARTESIAN_POINT('',(-0.025843591081352,0.0117164917310417,0.048260063456893));
#3967=CARTESIAN_POINT('',(-0.025843591081352,0.0117164917310417,0.0241046634568929));
#3968=CARTESIAN_POINT('',(-0.025843591081352,0.0149295644504483,0.0241046634568929));
#3969=CARTESIAN_POINT('',(-0.025843591081352,-0.00640640826895833,0.0241046634568929));
#3970=CARTESIAN_POINT('',(-0.025843591081352,-0.00648206166948436,0.0525209953756383));
#3971=CARTESIAN_POINT('',(-0.025843591081352,-0.00640643554955174,0.0241149103776113));
#3972=CARTESIAN_POINT('',(-0.025843591081352,-0.00640643554955174,0.052578));
#3973=CARTESIAN_POINT('',(-0.025843591081352,-0.00640643554955174,0.02032));
#3974=CARTESIAN_POINT('',(-0.025843591081352,0.0149295644504483,0.02032));
#3975=CARTESIAN_POINT('',(-0.025843591081352,0.0220415644504483,0.02032));
#3976=CARTESIAN_POINT('',(-0.025843591081352,0.0220415644504483,0.052578));
#3977=CARTESIAN_POINT('',(-0.025843591081352,0.0220415644504483,0.052578));
#3978=CARTESIAN_POINT('',(-0.025843591081352,0.0149295644504483,0.052578));
#3979=CARTESIAN_POINT('',(-0.025843591081352,-0.00640643554955174,0.052578));
#3980=CARTESIAN_POINT('',(-0.025843591081352,-0.00640643554955174,0.052578));
#3981=CARTESIAN_POINT('',(-0.025843591081352,-0.00640643554955174,0.048260063456893));
#3982=CARTESIAN_POINT('',(-0.025843591081352,0.0149295644504483,0.048260063456893));
#3983=CARTESIAN_POINT('',(-0.030161591081352,0.0220415644504483,0.052578));
#3984=CARTESIAN_POINT('',(-0.030161591081352,0.0220415644504483,0.02032));
#3985=CARTESIAN_POINT('',(-0.0325224961994399,0.0178768900945895,0.052578));
#3986=CARTESIAN_POINT('',(-0.0325224961994399,0.0178768900945895,0.02032));
#3987=CARTESIAN_POINT('',(-0.0350168917844776,0.0129122986243489,0.052578));
#3988=CARTESIAN_POINT('',(-0.0350168917844776,0.0129122986243489,0.02032));
#3989=CARTESIAN_POINT('',(-0.0360035910813517,0.00781756445044985,0.052578));
#3990=CARTESIAN_POINT('',(-0.0360035910813517,0.00781756445044985,0.02032));
#3991=CARTESIAN_POINT('',(-0.030161591081352,0.0220415644504483,0.0241046634568929));
#3992=CARTESIAN_POINT('',(-0.0325224961994399,0.0178768900945895,0.0241046634568929));
#3993=CARTESIAN_POINT('',(-0.0350168917844776,0.0129122986243489,0.0241046634568929));
#3994=CARTESIAN_POINT('',(-0.0360035910813517,0.00781756445044985,0.0241046634568929));
#3995=CARTESIAN_POINT('',(-0.0349692894415563,0.0117164917310417,0.0241046634568929));
#3996=CARTESIAN_POINT('',(-0.0360035910813517,0.00781756445044985,0.0241046634568929));
#3997=CARTESIAN_POINT('',(-0.0349692894415563,0.0117164917310417,0.052578));
#3998=CARTESIAN_POINT('',(-0.0349692984985722,0.0117164712705966,0.047371));
#3999=CARTESIAN_POINT('',(-0.0349692984985722,0.0117164644504483,0.052578));
#4000=CARTESIAN_POINT('',(-0.0349692984967058,0.0117164644560698,0.052578));
#4001=CARTESIAN_POINT('',(-0.030161591081352,0.0220415644504483,0.052578));
#4002=CARTESIAN_POINT('',(-0.0325224961994399,0.0178768900945895,0.052578));
#4003=CARTESIAN_POINT('',(-0.0350168917844776,0.0129122986243489,0.052578));
#4004=CARTESIAN_POINT('',(-0.0360035910813517,0.00781756445044985,0.052578));
#4005=CARTESIAN_POINT('',(-0.030161591081352,0.0220415644504483,0.052578));
#4006=CARTESIAN_POINT('',(-0.030161591081352,0.0220415644504483,0.052578));
#4007=CARTESIAN_POINT('',(-0.030161591081352,0.0220415644504483,0.02032));
#4008=CARTESIAN_POINT('',(-0.030161591081352,0.0220415644504483,0.02032));
#4009=CARTESIAN_POINT('',(-0.0325224961994399,0.0178768900945895,0.02032));
#4010=CARTESIAN_POINT('',(-0.0350168917844776,0.0129122986243489,0.02032));
#4011=CARTESIAN_POINT('',(-0.0360035910813517,0.00781756445044985,0.02032));
#4012=CARTESIAN_POINT('',(-0.0360035910813517,0.00781756445044985,0.02032));
#4013=CARTESIAN_POINT('',(-0.0360035910813517,0.00781756445044985,0.052578));
#4014=CARTESIAN_POINT('',(-0.029653591081352,0.00756356445044826,0.047371));
#4015=CARTESIAN_POINT('',(-0.029653591081352,0.00756356445044826,0.052578));
#4016=CARTESIAN_POINT('',(-0.029653591081352,0.0117164644504483,0.052578));
#4017=CARTESIAN_POINT('',(-0.029653591081352,0.00502356445044826,0.052578));
#4018=CARTESIAN_POINT('',(-0.029653591081352,0.0117164644504483,0.047371));
#4019=CARTESIAN_POINT('',(-0.029653591081352,0.011716478090745,0.048260063456893));
#4020=CARTESIAN_POINT('',(-0.029653591081352,0.011716478090745,0.048260063456893));
#4021=CARTESIAN_POINT('',(-0.029653591081352,0.0112084644504483,0.048260063456893));
#4022=CARTESIAN_POINT('',(-0.029653591081352,0.00177948660554886,0.048260063456893));
#4023=CARTESIAN_POINT('',(-0.029653591081352,0.00502356445044826,0.048260063456893));
#4024=CARTESIAN_POINT('',(-0.029653591081352,0.00502356445044826,0.047371));
#4025=CARTESIAN_POINT('',(-0.000293572383870331,0.,0.052578));
#4026=CARTESIAN_POINT('',(-0.0330299821223487,0.0117164644504483,0.052578));
#4027=CARTESIAN_POINT('',(-0.0330299821223487,0.00502356445044826,0.052578));
#4028=CARTESIAN_POINT('',(-0.0364063731630645,0.00502356445326076,0.052578));
#4029=CARTESIAN_POINT('',(-0.0360035910813517,0.00781756445044985,0.052578));
#4030=CARTESIAN_POINT('',(-0.0369530507200358,0.00291511394372859,0.052578));
#4031=CARTESIAN_POINT('',(-0.0365064723468218,-0.00210784104569561,0.052578));
#4032=CARTESIAN_POINT('',(-0.036638591081352,-0.00640643554955174,0.052578));
#4033=CARTESIAN_POINT('',(-0.036638591081352,-0.00640643554955174,0.052578));
#4034=CARTESIAN_POINT('',(-0.031241091081352,-0.00640643554955174,0.052578));
#4035=CARTESIAN_POINT('',(-0.028002591081352,0.0220415644504483,0.052578));
#4036=CARTESIAN_POINT('',(-0.031241091081352,-0.00640643554955174,0.052578));
#4037=CARTESIAN_POINT('',(-0.031241091081352,-0.00640643554955174,0.0499872317284465));
#4038=CARTESIAN_POINT('',(-0.030191091081352,-0.00640643554955174,0.0499872317284465));
#4039=CARTESIAN_POINT('',(-0.036638591081352,-0.00640643554955174,0.052578));
#4040=CARTESIAN_POINT('',(-0.036638591081352,-0.00640643554955175,0.048260063456893));
#4041=CARTESIAN_POINT('',(-0.031241091081352,-0.00640643554955174,0.048260063456893));
#4042=CARTESIAN_POINT('',(-0.0364063731630645,0.0050235644532605,0.052578));
#4043=CARTESIAN_POINT('',(-0.0364063731630645,0.0050235644532605,0.048260063456893));
#4044=CARTESIAN_POINT('',(-0.0368045912737219,0.00103760867193812,0.052578));
#4045=CARTESIAN_POINT('',(-0.0368045912737219,0.00103760867193812,0.048260063456893));
#4046=CARTESIAN_POINT('',(-0.0365315063766915,-0.00292234433010885,0.052578));
#4047=CARTESIAN_POINT('',(-0.0365315063766915,-0.00292234433010885,0.048260063456893));
#4048=CARTESIAN_POINT('',(-0.036638591081352,-0.00640643554955174,0.052578));
#4049=CARTESIAN_POINT('',(-0.036638591081352,-0.00640643554955174,0.048260063456893));
#4050=CARTESIAN_POINT('',(-0.0360035910813517,0.00781756445044985,0.048260063456893));
#4051=CARTESIAN_POINT('',(-0.0369530507200358,0.00291511394372859,0.048260063456893));
#4052=CARTESIAN_POINT('',(-0.0365064723468218,-0.00210784104569561,0.048260063456893));
#4053=CARTESIAN_POINT('',(-0.036638591081352,-0.00640643554955174,0.048260063456893));
#4054=CARTESIAN_POINT('',(-0.0364063731630645,0.00502356445326076,0.048260063456893));
#4055=CARTESIAN_POINT('',(-0.0364063731630645,0.00502356445326076,0.047371));
#4056=CARTESIAN_POINT('',(-0.0330299821223487,0.00502356445044826,0.047371));
#4057=CARTESIAN_POINT('',(0.025654,0.00502356445044827,0.048260063456893));
#4058=CARTESIAN_POINT('',(-0.0360035910813517,0.00781756445044985,0.024104663456893));
#4059=CARTESIAN_POINT('',(-0.0360035910813517,0.00781756445044985,0.02032));
#4060=CARTESIAN_POINT('',(-0.0369530507200358,0.00291511394372859,0.024104663456893));
#4061=CARTESIAN_POINT('',(-0.0369530507200358,0.00291511394372859,0.02032));
#4062=CARTESIAN_POINT('',(-0.0365064723468218,-0.00210784104569561,0.024104663456893));
#4063=CARTESIAN_POINT('',(-0.0365064723468218,-0.00210784104569561,0.02032));
#4064=CARTESIAN_POINT('',(-0.036638591081352,-0.00640643554955174,0.024104663456893));
#4065=CARTESIAN_POINT('',(-0.036638591081352,-0.00640643554955174,0.02032));
#4066=CARTESIAN_POINT('',(-0.0360035910813517,0.00781756445044985,0.0241046634568929));
#4067=CARTESIAN_POINT('',(-0.0369530507200358,0.00291511394372859,0.0241046634568929));
#4068=CARTESIAN_POINT('',(-0.0365064723468218,-0.00210784104569561,0.0241046634568929));
#4069=CARTESIAN_POINT('',(-0.036638591081352,-0.00640643554955174,0.024104663456893));
#4070=CARTESIAN_POINT('',(-0.036638590662117,-0.00640642190925504,0.0241046634568929));
#4071=CARTESIAN_POINT('',(-0.0360035910813517,0.00781756445044985,0.02032));
#4072=CARTESIAN_POINT('',(-0.0369530507200358,0.00291511394372859,0.02032));
#4073=CARTESIAN_POINT('',(-0.0365064723468218,-0.00210784104569561,0.02032));
#4074=CARTESIAN_POINT('',(-0.036638591081352,-0.00640643554955174,0.02032));
#4075=CARTESIAN_POINT('',(-0.036638591081352,-0.00640643554955174,0.02032));
#4076=CARTESIAN_POINT('',(-0.036638591081352,-0.00640643554955174,0.052578));
#4077=CARTESIAN_POINT('',(-0.0366202707559633,0.00103335079014265,0.0206971671432256));
#4078=CARTESIAN_POINT('',(-0.0366253126196969,0.000733634022299352,0.0211335928452668));
#4079=CARTESIAN_POINT('',(-0.0366285089987457,0.000433910657021978,0.0215700281540103));
#4080=CARTESIAN_POINT('',(-0.0366303007986317,0.000134182270509581,0.0220064707743101));
#4081=CARTESIAN_POINT('',(-0.0366202707559634,0.0010333507901368,0.0206971671432256));
#4082=CARTESIAN_POINT('',(-0.0366303007986317,0.000134182270509581,0.0220064707743101));
#4083=CARTESIAN_POINT('',(-0.0360035910813517,0.00781756445044985,0.0206971671432256));
#4084=CARTESIAN_POINT('',(-0.0369530507200358,0.00291511394372859,0.0206971671432256));
#4085=CARTESIAN_POINT('',(-0.0365064723468218,-0.00210784104569561,0.0206971671432256));
#4086=CARTESIAN_POINT('',(-0.036638591081352,-0.00640643554955174,0.0206971671432257));
#4087=CARTESIAN_POINT('',(-0.0366113016207519,0.00148157473449829,0.0206971671432256));
#4088=CARTESIAN_POINT('',(-0.0366285917157944,0.000370197002970003,0.0222676513427966));
#4089=CARTESIAN_POINT('',(-0.0366254282778183,0.000740669743679657,0.0217441375372283));
#4090=CARTESIAN_POINT('',(-0.0366199398768657,0.00111113041492913,0.0212206407869742));
#4091=CARTESIAN_POINT('',(-0.0366113016207519,0.00148157473449828,0.0206971671432256));
#4092=CARTESIAN_POINT('',(-0.0366285917157944,0.00037019700297,0.0222676513427966));
#4093=CARTESIAN_POINT('',(-0.0366132741711656,0.00139451454500281,0.0236919016303242));
#4094=CARTESIAN_POINT('',(-0.0366207857383537,0.00105308762855362,0.0232171685871339));
#4095=CARTESIAN_POINT('',(-0.036625676097791,0.000711647349324758,0.0227424169638237));
#4096=CARTESIAN_POINT('',(-0.0366285917157944,0.000370197002969994,0.0222676513427966));
#4097=CARTESIAN_POINT('',(-0.0366132741711657,0.00139451454499887,0.0236919016303242));
#4098=CARTESIAN_POINT('',(-0.0360035910813517,0.00781756445044985,0.0236919016303242));
#4099=CARTESIAN_POINT('',(-0.0369530507200358,0.00291511394372859,0.0236919016303242));
#4100=CARTESIAN_POINT('',(-0.0365064723468218,-0.00210784104569561,0.0236919016303242));
#4101=CARTESIAN_POINT('',(-0.036638591081352,-0.00640643554955174,0.0236919016303242));
#4102=CARTESIAN_POINT('',(-0.0366216838050319,0.000946290600647163,0.0236919016303242));
#4103=CARTESIAN_POINT('',(-0.0366302885788343,0.000136222743700882,0.0225165890721352));
#4104=CARTESIAN_POINT('',(-0.0366286685959286,0.000406249632986064,0.0229083661205691));
#4105=CARTESIAN_POINT('',(-0.0366259079349236,0.000676272620053297,0.0233001375073468));
#4106=CARTESIAN_POINT('',(-0.0366216838050319,0.00094629060064715,0.0236919016303243));
#4107=CARTESIAN_POINT('',(-0.0366302885788343,0.000136222743700882,0.0225165890721352));
#4108=CARTESIAN_POINT('',(-0.0366320284068246,-0.000696970476080117,0.0236919016303243));
#4109=CARTESIAN_POINT('',(-0.0366324139108096,-0.000419238728539631,0.0233001298264467));
#4110=CARTESIAN_POINT('',(-0.0366319547772016,-0.000141507570896668,0.0229083588546859));
#4111=CARTESIAN_POINT('',(-0.0366302885788343,0.000136222743700879,0.0225165890721352));
#4112=CARTESIAN_POINT('',(-0.0366320284068245,-0.000696970476114158,0.0236919016303242));
#4113=CARTESIAN_POINT('',(-0.0360035910813517,0.00781756445044985,0.0236919016303242));
#4114=CARTESIAN_POINT('',(-0.0369530507200358,0.00291511394372859,0.0236919016303242));
#4115=CARTESIAN_POINT('',(-0.0365064723468218,-0.00210784104569561,0.0236919016303242));
#4116=CARTESIAN_POINT('',(-0.036638591081352,-0.00640643554955174,0.0236919016303242));
#4117=CARTESIAN_POINT('',(-0.0366307318969999,-0.00114519442043571,0.0236919016303242));
#4118=CARTESIAN_POINT('',(-0.0366313973274954,-9.29904114551991E-5,0.0222533680304574));
#4119=CARTESIAN_POINT('',(-0.0366326976923404,-0.000443725416634073,0.0227328796891215));
#4120=CARTESIAN_POINT('',(-0.0366322284788456,-0.000794460031761472,0.0232123908145219));
#4121=CARTESIAN_POINT('',(-0.0366307318969999,-0.00114519442043576,0.0236919016303242));
#4122=CARTESIAN_POINT('',(-0.0366313973274954,-9.29904114551983E-5,0.0222533680304574));
#4123=CARTESIAN_POINT('',(-0.0366303398168388,-0.00123225460993118,0.0206971671432257));
#4124=CARTESIAN_POINT('',(-0.0366321380008513,-0.000852500345359616,0.0212159001326822));
#4125=CARTESIAN_POINT('',(-0.0366328052863203,-0.000472745714477759,0.0217346336225078));
#4126=CARTESIAN_POINT('',(-0.0366313973274954,-9.29904114551983E-5,0.0222533680304575));
#4127=CARTESIAN_POINT('',(-0.0366303398168386,-0.00123225460998543,0.0206971671432257));
#4128=CARTESIAN_POINT('',(-0.0360035910813517,0.00781756445044985,0.0206971671432256));
#4129=CARTESIAN_POINT('',(-0.0369530507200358,0.00291511394372859,0.0206971671432256));
#4130=CARTESIAN_POINT('',(-0.0365064723468218,-0.00210784104569561,0.0206971671432256));
#4131=CARTESIAN_POINT('',(-0.036638591081352,-0.00640643554955174,0.0206971671432257));
#4132=CARTESIAN_POINT('',(-0.0366318803591592,-0.000784030665575604,0.0206971671432256));
#4133=CARTESIAN_POINT('',(-0.0366303007986317,0.000134182270509581,0.0220064707743101));
#4134=CARTESIAN_POINT('',(-0.0366321305106148,-0.000171887969106438,0.0215700372844873));
#4135=CARTESIAN_POINT('',(-0.0366324949938721,-0.000477959039697474,0.0211336026097556));
#4136=CARTESIAN_POINT('',(-0.0366318803591592,-0.000784030665575601,0.0206971671432257));
#4137=CARTESIAN_POINT('',(-0.031241091081352,-0.00640643554955174,0.052578));
#4138=CARTESIAN_POINT('',(-0.031241091081352,-0.00640643554955174,0.0222174551888058));
#4139=CARTESIAN_POINT('',(-0.030191091081352,-0.00640643554955174,0.0222174551888058));
#4140=CARTESIAN_POINT('',(-0.0312410910813537,-0.00640643554955174,0.0241149103776115));
#4141=CARTESIAN_POINT('',(-0.036638591081352,-0.00640643554955174,0.0241149103776115));
#4142=CARTESIAN_POINT('',(-0.0366385902428819,-0.00640640826895834,0.024104663456893));
#4143=CARTESIAN_POINT('',(-0.0366385905223693,-0.00640641736248948,0.024108079097132));
#4144=CARTESIAN_POINT('',(-0.0366385908018593,-0.0064064264560206,0.024111494737371));
#4145=CARTESIAN_POINT('',(-0.036638591081352,-0.00640643554955174,0.02411491037761));
#4146=CARTESIAN_POINT('',(-0.031241091081352,-0.00640643554955174,0.02032));
#4147=CARTESIAN_POINT('',(-0.0336862239431706,-0.00640643554955174,0.02032));
#4148=CARTESIAN_POINT('',(-0.031241091081352,-0.00640643554955174,0.02032));
#4149=CARTESIAN_POINT('',(0.,0.,0.02032));
#4150=CARTESIAN_POINT('',(-1.21430643318376E-17,8.23993651088983E-18,0.02032));
#4151=CARTESIAN_POINT('',(-0.03683,-0.00686857517975892,0.02032));
#4152=CARTESIAN_POINT('',(-0.0220493177842309,-0.0302895,0.02032));
#4153=CARTESIAN_POINT('',(-0.00803663937460803,-0.0302895,0.02032));
#4154=CARTESIAN_POINT('',(0.0220493177842309,-0.0302895,0.02032));
#4155=CARTESIAN_POINT('',(1.10285044985225E-13,-1.49633777590807E-13,0.02032));
#4156=CARTESIAN_POINT('',(0.03683,-0.0068685751797589,0.02032));
#4157=CARTESIAN_POINT('',(0.03683,0.00235668555451346,0.02032));
#4158=CARTESIAN_POINT('',(0.03683,0.00686857517975892,0.02032));
#4159=CARTESIAN_POINT('',(1.12824680154056E-13,1.52490867155741E-13,0.02032));
#4160=CARTESIAN_POINT('',(0.0220493177842309,0.0302895,0.02032));
#4161=CARTESIAN_POINT('',(-0.0209687588921155,0.0302895,0.02032));
#4162=CARTESIAN_POINT('',(-0.0220493177842309,0.0302895,0.02032));
#4163=CARTESIAN_POINT('',(0.,-4.77048955893622E-18,0.02032));
#4164=CARTESIAN_POINT('',(-0.03683,0.00686857517975891,0.02032));
#4165=CARTESIAN_POINT('',(-0.03683,-0.00343428758987946,0.02032));
#4166=CARTESIAN_POINT('',(-2.25514051876985E-17,-1.89338999193281E-17,0.02032));
#4167=CARTESIAN_POINT('',(-0.0201437173766413,-0.0277495,0.02032));
#4168=CARTESIAN_POINT('',(-0.028002591081352,0.0220415644504483,0.02032));
#4169=CARTESIAN_POINT('',(-0.0262673473456445,0.0220415644504483,0.02032));
#4170=CARTESIAN_POINT('',(-2.25514051876985E-17,-1.89338999193281E-17,0.02032));
#4171=CARTESIAN_POINT('',(-0.0201437173766413,0.0277495,0.02032));
#4172=CARTESIAN_POINT('',(0.0100718586883206,0.0277495,0.02032));
#4173=CARTESIAN_POINT('',(0.0201437173766413,0.0277495,0.02032));
#4174=CARTESIAN_POINT('',(4.19803081186388E-16,-5.82867087928207E-16,0.02032));
#4175=CARTESIAN_POINT('',(0.0201437173766413,-0.0277495,0.02032));
#4176=CARTESIAN_POINT('',(-0.0099441,-0.0277495,0.02032));
#4177=CARTESIAN_POINT('',(4.19803081186388E-16,-5.82867087928207E-16,0.02032));
#4178=CARTESIAN_POINT('',(4.19803081186388E-16,-5.82867087928207E-16,0.));
#4179=CARTESIAN_POINT('',(0.0201437173766413,-0.0277495,0.));
#4180=CARTESIAN_POINT('',(0.0201437173766413,0.0277495,0.));
#4181=CARTESIAN_POINT('',(0.0201437173766413,-0.0277495,0.02032));
#4182=CARTESIAN_POINT('',(0.0201437173766413,0.0277495,0.02032));
#4183=CARTESIAN_POINT('',(0.0342718680734826,0.001235586905156,0.011393220122595));
#4184=CARTESIAN_POINT('',(0.0342990571420577,-3.15728986751578E-7,0.0119057911674272));
#4185=CARTESIAN_POINT('',(0.0342719033582866,-0.001234323989209,0.0113936152076961));
#4186=CARTESIAN_POINT('',(0.0342447669685798,-0.00174516421018408,0.0101612902132654));
#4187=CARTESIAN_POINT('',(0.0342718866822469,-0.00123501782141014,0.00892627264003233));
#4188=CARTESIAN_POINT('',(0.0342990360206311,-2.42278527235389E-7,0.00841478048557804));
#4189=CARTESIAN_POINT('',(0.0342719692076536,0.00123261855716993,0.00892460601797156));
#4190=CARTESIAN_POINT('',(0.0342447551980724,0.00174544743507522,0.0101581629406228));
#4191=CARTESIAN_POINT('',(0.0342718680734826,0.001235586905156,0.011393220122595));
#4192=CARTESIAN_POINT('',(0.0342990571420577,-3.15728986751578E-7,0.0119057911674272));
#4193=CARTESIAN_POINT('',(0.0342719033582866,-0.001234323989209,0.0113936152076961));
#4194=CARTESIAN_POINT('',(0.03429,-2.00357126776513E-19,0.011735));
#4195=CARTESIAN_POINT('',(-0.00803663937460803,-0.0302895,0.02032));
#4196=CARTESIAN_POINT('',(4.24036775450917E-18,-0.0302895,0.01016));
#4197=CARTESIAN_POINT('',(4.24036775450917E-18,-0.0302895,0.008585));
#4198=CARTESIAN_POINT('',(-0.00803663937460803,-0.0302895,0.));
#4199=CARTESIAN_POINT('',(-0.0220493177842309,-0.0302895,0.));
#4200=CARTESIAN_POINT('',(0.0220493177842309,-0.0302895,0.));
#4201=CARTESIAN_POINT('',(0.0220493177842309,-0.0302895,0.02032));
#4202=CARTESIAN_POINT('',(-0.0220493177842309,-0.0302895,0.02032));
#4203=CARTESIAN_POINT('',(-0.001905,-0.0302895,0.0159320719540119));
#4204=CARTESIAN_POINT('',(-0.0024994410801624,-0.0302895,0.0159320719540119));
#4205=CARTESIAN_POINT('',(0.00249944108016242,-0.0302895,0.0159320719540119));
#4206=CARTESIAN_POINT('',(-0.0024994410801624,-0.0302895,0.0164839611743704));
#4207=CARTESIAN_POINT('',(-0.00289424165453222,-0.0302895,0.0168695959990753));
#4208=CARTESIAN_POINT('',(-0.001905,-0.0302895,0.0178823499009013));
#4209=CARTESIAN_POINT('',(-0.000394800574369804,-0.0302895,0.019428443672666));
#4210=CARTESIAN_POINT('',(8.89045781438114E-18,-0.0302895,0.019042808847961));
#4211=CARTESIAN_POINT('',(0.000394800574369822,-0.0302895,0.019428443672666));
#4212=CARTESIAN_POINT('',(0.001905,-0.0302895,0.0178823499009013));
#4213=CARTESIAN_POINT('',(0.00289424165453223,-0.0302895,0.0168695959990753));
#4214=CARTESIAN_POINT('',(0.00249944108016242,-0.0302895,0.0164839611743704));
#4215=CARTESIAN_POINT('',(-0.0099441,-0.0277495,0.02032));
#4216=CARTESIAN_POINT('',(4.24036775450917E-18,-0.0277495,0.01016));
#4217=CARTESIAN_POINT('',(4.24036775450917E-18,-0.0277495,0.008585));
#4218=CARTESIAN_POINT('',(-0.0099441,-0.0277495,0.));
#4219=CARTESIAN_POINT('',(-0.0201437173766413,-0.0277495,0.));
#4220=CARTESIAN_POINT('',(-0.0201437173766413,-0.0277495,0.02032));
#4221=CARTESIAN_POINT('',(-2.25514051876985E-17,-1.89338999193281E-17,0.02032));
#4222=CARTESIAN_POINT('',(-0.0342718680734831,-0.001235586905156,0.00892677987740497));
#4223=CARTESIAN_POINT('',(-0.0342990571420575,3.15728986748705E-7,0.00841420883257279));
#4224=CARTESIAN_POINT('',(-0.034271903358287,0.001234323989209,0.00892638479230387));
#4225=CARTESIAN_POINT('',(-0.0342447669685801,0.00174516421018408,0.0101587097867346));
#4226=CARTESIAN_POINT('',(-0.0342718866822472,0.00123501782141014,0.0113937273599677));
#4227=CARTESIAN_POINT('',(-0.0342990360206314,2.42278527231564E-7,0.011905219514422));
#4228=CARTESIAN_POINT('',(-0.034271969207654,-0.00123261855716993,0.0113953939820284));
#4229=CARTESIAN_POINT('',(-0.0342447551980727,-0.00174544743507522,0.0101618370593772));
#4230=CARTESIAN_POINT('',(-0.0342718680734831,-0.001235586905156,0.00892677987740497));
#4231=CARTESIAN_POINT('',(-0.0342990571420575,3.15728986748705E-7,0.00841420883257279));
#4232=CARTESIAN_POINT('',(-0.034271903358287,0.001234323989209,0.00892638479230387));
#4233=CARTESIAN_POINT('',(-0.03429,1.26605214357651E-19,0.008585));
#4234=CARTESIAN_POINT('',(-2.25514051876985E-17,-1.89338999193281E-17,0.));
#4235=CARTESIAN_POINT('',(-0.0201437173766413,0.0277495,0.));
#4236=CARTESIAN_POINT('',(-0.0201437173766413,0.0277495,0.02032));
#4237=CARTESIAN_POINT('',(-2.25514051876985E-17,-1.89338999193281E-17,0.02032));
#4238=CARTESIAN_POINT('',(-1.21430643318376E-17,8.23993651088983E-18,0.02032));
#4239=CARTESIAN_POINT('',(-1.21430643318376E-17,8.23993651088983E-18,0.));
#4240=CARTESIAN_POINT('',(-0.03683,-0.00686857517975892,0.));
#4241=CARTESIAN_POINT('',(-0.03683,-0.00686857517975892,0.02032));
#4242=CARTESIAN_POINT('',(1.10285044985225E-13,-1.49633777590807E-13,0.02032));
#4243=CARTESIAN_POINT('',(1.10285044985225E-13,-1.49633777590807E-13,0.));
#4244=CARTESIAN_POINT('',(0.03683,-0.0068685751797589,0.));
#4245=CARTESIAN_POINT('',(0.03683,-0.0068685751797589,0.02032));
#4246=CARTESIAN_POINT('',(0.03683,0.00235668555451346,0.02032));
#4247=CARTESIAN_POINT('',(0.03683,-9.64409354328541E-20,0.01016));
#4248=CARTESIAN_POINT('',(0.03683,-9.64409354328541E-20,0.008585));
#4249=CARTESIAN_POINT('',(0.03683,0.00235668555451346,0.));
#4250=CARTESIAN_POINT('',(0.03683,0.00686857517975892,0.));
#4251=CARTESIAN_POINT('',(0.03683,0.00686857517975892,0.02032));
#4252=CARTESIAN_POINT('',(1.12824680154056E-13,1.52490867155741E-13,0.02032));
#4253=CARTESIAN_POINT('',(1.12824680154056E-13,1.52490867155741E-13,0.));
#4254=CARTESIAN_POINT('',(0.0220493177842309,0.0302895,0.));
#4255=CARTESIAN_POINT('',(0.0220493177842309,0.0302895,0.02032));
#4256=CARTESIAN_POINT('',(-0.0209687588921155,0.0302895,0.02032));
#4257=CARTESIAN_POINT('',(4.24036775450917E-18,0.0302895,0.01016));
#4258=CARTESIAN_POINT('',(4.24036775450917E-18,0.0302895,0.011735));
#4259=CARTESIAN_POINT('',(-0.0209687588921155,0.0302895,0.));
#4260=CARTESIAN_POINT('',(-0.0220493177842309,0.0302895,0.));
#4261=CARTESIAN_POINT('',(-0.0220493177842309,0.0302895,0.02032));
#4262=CARTESIAN_POINT('',(0.,-4.77048955893622E-18,0.02032));
#4263=CARTESIAN_POINT('',(0.,-4.77048955893622E-18,0.));
#4264=CARTESIAN_POINT('',(-0.03683,0.00686857517975891,0.));
#4265=CARTESIAN_POINT('',(-0.03683,0.00686857517975891,0.02032));
#4266=CARTESIAN_POINT('',(-0.03683,-0.00343428758987946,0.02032));
#4267=CARTESIAN_POINT('',(-0.03683,-9.64409354328541E-20,0.01016));
#4268=CARTESIAN_POINT('',(-0.03683,-9.64409354328541E-20,0.008585));
#4269=CARTESIAN_POINT('',(-0.03683,-0.00343428758987946,0.));
#4270=CARTESIAN_POINT('',(0.0100718586883206,0.0277495,0.02032));
#4271=CARTESIAN_POINT('',(4.24036775450917E-18,0.0277495,0.01016));
#4272=CARTESIAN_POINT('',(4.24036775450917E-18,0.0277495,0.011735));
#4273=CARTESIAN_POINT('',(0.0100718586883206,0.0277495,0.));
#4274=CARTESIAN_POINT('',(0.,0.,0.));
#4275=CARTESIAN_POINT('',(-0.001905,-0.0328295,0.0159320719540119));
#4276=CARTESIAN_POINT('',(-0.00381,-0.0322776107796415,0.0159320719540119));
#4277=CARTESIAN_POINT('',(0.00249944108016242,-0.0322776107796415,0.0159320719540119));
#4278=CARTESIAN_POINT('',(-0.0024994410801624,-0.0322776107796415,0.0159320719540119));
#4279=CARTESIAN_POINT('',(-0.0024994410801624,-0.0328295,0.0159320719540119));
#4280=CARTESIAN_POINT('',(0.00249944108016242,-0.0328295,0.0159320719540119));
#4281=CARTESIAN_POINT('',(0.001905,-0.0328295,0.0178823499009013));
#4282=CARTESIAN_POINT('',(0.00381,-0.0322776107796415,0.0159320719540119));
#4283=CARTESIAN_POINT('',(0.000394800574369822,-0.0322776107796415,0.019428443672666));
#4284=CARTESIAN_POINT('',(0.00289424165453223,-0.0322776107796415,0.0168695959990753));
#4285=CARTESIAN_POINT('',(0.00289424165453223,-0.0328295,0.0168695959990753));
#4286=CARTESIAN_POINT('',(0.000394800574369822,-0.0328295,0.019428443672666));
#4287=CARTESIAN_POINT('',(-0.001905,-0.0328295,0.0178823499009013));
#4288=CARTESIAN_POINT('',(-0.00289424165453222,-0.0328295,0.0168695959990753));
#4289=CARTESIAN_POINT('',(-0.00289424165453222,-0.0322776107796415,0.0168695959990753));
#4290=CARTESIAN_POINT('',(9.48676900924816E-18,-0.0322776107796415,0.0198326278477907));
#4291=CARTESIAN_POINT('',(-0.000394800574369804,-0.0322776107796415,0.019428443672666));
#4292=CARTESIAN_POINT('',(-0.000394800574369804,-0.0328295,0.019428443672666));
#4293=CARTESIAN_POINT('',(-3.46944695195361E-18,-0.0328295,0.01397));
#4294=CARTESIAN_POINT('',(0.00381,-0.0328295,0.0164839611743704));
#4295=CARTESIAN_POINT('',(-0.0024994410801624,-0.0328295,0.0164839611743704));
#4296=CARTESIAN_POINT('',(0.00249944108016242,-0.0328295,0.0164839611743704));
#4297=CARTESIAN_POINT('',(-0.000394800574369804,-0.0328295,0.0194469930230859));
#4298=CARTESIAN_POINT('',(9.78847230115173E-18,-0.0328295,0.019042808847961));
#4299=CARTESIAN_POINT('',(-0.00341519942563018,-0.0328295,0.015546437129307));
#4300=CARTESIAN_POINT('',(8.89045781438114E-18,-0.0328295,0.019042808847961));
#4301=CARTESIAN_POINT('',(7.80625564189563E-18,-0.0322776107796415,0.019042808847961));
#4302=CARTESIAN_POINT('',(0.00253570482259253,-0.0322776107796415,0.0164468355170827));
#4303=CARTESIAN_POINT('',(0.00249944108016242,-0.0322776107796415,0.0164839611743704));
#4304=CARTESIAN_POINT('',(8.85775586464898E-18,-0.0322776107796415,0.019042808847961));
#4305=CARTESIAN_POINT('',(0.00249944108016242,-0.0328295,0.0164839611743704));
#4306=CARTESIAN_POINT('',(0.00249944108016242,-0.0322776107796415,0.0164839611743704));
#4307=CARTESIAN_POINT('',(9.0672571713267E-18,-0.0322776107796415,0.019042808847961));
#4308=CARTESIAN_POINT('',(1.00830802041152E-17,-0.0322776107796415,0.019042808847961));
#4309=CARTESIAN_POINT('',(0.00249944108016242,-0.0322776107796415,0.0164839611743704));
#4310=CARTESIAN_POINT('',(0.00249944108016242,-0.0322776107796415,0.0164839611743704));
#4311=CARTESIAN_POINT('',(-0.00253570482259252,-0.0322776107796415,0.0164468355170827));
#4312=CARTESIAN_POINT('',(-0.0024994410801624,-0.0322776107796415,0.0164839611743704));
#4313=CARTESIAN_POINT('',(-3.46944695195361E-18,-0.0322776107796415,0.0164839611743704));
#4314=CARTESIAN_POINT('',(-0.0024994410801624,-0.0322776107796415,0.0164839611743704));
#4315=CARTESIAN_POINT('',(-0.0024994410801624,-0.0322776107796415,0.0164839611743704));
#4316=CARTESIAN_POINT('',(-0.0024994410801624,-0.0322776107796415,0.0164839611743704));
#4317=CARTESIAN_POINT('',(-0.0024994410801624,-0.0328295,0.0164839611743704));
#4318=CARTESIAN_POINT('',(4.24036775450917E-18,0.0479425,0.01016));
#4319=CARTESIAN_POINT('',(4.24036775450917E-18,0.0479425,0.01016));
#4320=CARTESIAN_POINT('',(-0.07747,-9.64409354328541E-20,0.01016));
#4321=CARTESIAN_POINT('',(0.130048,-9.64409354328541E-20,0.01016));
#4322=CARTESIAN_POINT('',(-0.028002591081352,0.0220415644504483,0.052578));
#4323=CARTESIAN_POINT('',(-0.028002591081352,0.0220415644504483,0.02032));
#4324=CARTESIAN_POINT('',(-0.000293572383870331,0.,0.02032));
#4325=CARTESIAN_POINT('',(0.025654,-0.00361095406697132,0.0241046634568929));
#4326=CARTESIAN_POINT('',(0.025654,0.0117164917310417,0.0241046634568929));
#4327=CARTESIAN_POINT('',(0.025654,-0.00640640826895833,0.0241046634568929));
#4328=CARTESIAN_POINT('',(0.025654,-0.00643741339445114,0.0357505634568929));
#4329=CARTESIAN_POINT('',(-0.03756406,0.000583766530326102,0.0213518189587679));
#4330=CARTESIAN_POINT('',(-0.03756406,0.00103335079014262,0.0206971671432256));
#4331=CARTESIAN_POINT('',(-0.03756406,0.00103335079014262,0.0206971671432256));
#4332=CARTESIAN_POINT('',(-0.03756406,0.000134182270509578,0.0220064707743101));
#4333=CARTESIAN_POINT('',(-0.03756406,0.000134182270509578,0.0220064707743101));
#4334=CARTESIAN_POINT('',(-0.03756406,0.000583766530326102,0.0213518189587679));
#4335=CARTESIAN_POINT('',(-0.03756406,0.00125746276232045,0.0206971671432256));
#4336=CARTESIAN_POINT('',(-0.03756406,0.00148157473449828,0.0206971671432256));
#4337=CARTESIAN_POINT('',(-0.03756406,0.00148157473449828,0.0206971671432256));
#4338=CARTESIAN_POINT('',(-0.03756406,0.00125746276232045,0.0206971671432256));
#4339=CARTESIAN_POINT('',(-0.03756406,0.000925885868734137,0.0214824092430111));
#4340=CARTESIAN_POINT('',(-0.03756406,0.000370197002969994,0.0222676513427966));
#4341=CARTESIAN_POINT('',(-0.03756406,0.000370197002969994,0.0222676513427966));
#4342=CARTESIAN_POINT('',(-0.03756406,0.000925885868734137,0.0214824092430111));
#4343=CARTESIAN_POINT('',(-0.03756406,0.000882355773986395,0.0229797764865604));
#4344=CARTESIAN_POINT('',(-0.03756406,0.0013945145450028,0.0236919016303242));
#4345=CARTESIAN_POINT('',(-0.03756406,0.0013945145450028,0.0236919016303242));
#4346=CARTESIAN_POINT('',(-0.03756406,0.000882355773986395,0.0229797764865604));
#4347=CARTESIAN_POINT('',(-0.03756406,0.00117040257282497,0.0236919016303242));
#4348=CARTESIAN_POINT('',(-0.03756406,0.000946290600647141,0.0236919016303242));
#4349=CARTESIAN_POINT('',(-0.03756406,0.000946290600647141,0.0236919016303242));
#4350=CARTESIAN_POINT('',(-0.03756406,0.00117040257282497,0.0236919016303242));
#4351=CARTESIAN_POINT('',(-0.03756406,0.00054125667217401,0.0231042453512297));
#4352=CARTESIAN_POINT('',(-0.03756406,0.000136222743700879,0.0225165890721352));
#4353=CARTESIAN_POINT('',(-0.03756406,0.000136222743700879,0.0225165890721352));
#4354=CARTESIAN_POINT('',(-0.03756406,0.00054125667217401,0.0231042453512297));
#4355=CARTESIAN_POINT('',(-0.03756406,-0.000280373866189621,0.0231042453512297));
#4356=CARTESIAN_POINT('',(-0.03756406,-0.00069697047608012,0.0236919016303242));
#4357=CARTESIAN_POINT('',(-0.03756406,-0.00069697047608012,0.0236919016303242));
#4358=CARTESIAN_POINT('',(-0.03756406,-0.000280373866189621,0.0231042453512297));
#4359=CARTESIAN_POINT('',(-0.03756406,-0.000921082448257948,0.0236919016303242));
#4360=CARTESIAN_POINT('',(-0.03756406,-0.00114519442043578,0.0236919016303242));
#4361=CARTESIAN_POINT('',(-0.03756406,-0.00114519442043578,0.0236919016303242));
#4362=CARTESIAN_POINT('',(-0.03756406,-0.000921082448257948,0.0236919016303242));
#4363=CARTESIAN_POINT('',(-0.03756406,-0.000619092415945488,0.0229726348303908));
#4364=CARTESIAN_POINT('',(-0.03756406,-9.29904114551998E-5,0.0222533680304574));
#4365=CARTESIAN_POINT('',(-0.03756406,-9.29904114551998E-5,0.0222533680304574));
#4366=CARTESIAN_POINT('',(-0.03756406,-0.000619092415945488,0.0229726348303908));
#4367=CARTESIAN_POINT('',(-0.03756406,-0.00066262251069323,0.0214752675868416));
#4368=CARTESIAN_POINT('',(-0.03756406,-0.00123225460993126,0.0206971671432256));
#4369=CARTESIAN_POINT('',(-0.03756406,-0.00123225460993126,0.0206971671432256));
#4370=CARTESIAN_POINT('',(-0.03756406,-0.00066262251069323,0.0214752675868416));
#4371=CARTESIAN_POINT('',(-0.03756406,-0.00100814263775343,0.0206971671432256));
#4372=CARTESIAN_POINT('',(-0.03756406,-0.000784030665575604,0.0206971671432256));
#4373=CARTESIAN_POINT('',(-0.03756406,-0.000784030665575604,0.0206971671432256));
#4374=CARTESIAN_POINT('',(-0.03756406,-0.00100814263775343,0.0206971671432256));
#4375=CARTESIAN_POINT('',(-0.03756406,-0.000324924197533013,0.0213518189587679));
#4376=CARTESIAN_POINT('',(-0.03756406,-0.000324924197533013,0.0213518189587679));
#4377=CARTESIAN_POINT('',(-0.03756406,0.000226683721848531,0.0222642505541444));
#4378=CARTESIAN_POINT('',(-0.031241091081352,-0.000818435549551744,0.0222174551888058));
#4379=CARTESIAN_POINT('',(-0.031241091081352,-0.000818435549551744,0.0222174551888058));
#4380=CARTESIAN_POINT('',(-0.030191091081352,-0.000818435549551744,0.0222174551888058));
#4381=CARTESIAN_POINT('',(-0.031241091081352,-0.000818435549551744,0.036449));
#4382=CARTESIAN_POINT('',(-0.031241091081352,-0.000818435549551744,0.0499872317284465));
#4383=CARTESIAN_POINT('',(-0.031241091081352,-0.000818435549551744,0.0499872317284465));
#4384=CARTESIAN_POINT('',(-0.030191091081352,-0.000818435549551744,0.0499872317284465));
#4385=CARTESIAN_POINT('',(-0.031241091081352,-0.000818435549551744,0.036449));
#4386=CARTESIAN_POINT('',(0.025654,0.00177948660554886,0.048260063456893));
#4387=CARTESIAN_POINT('',(0.025654,0.0117164917310417,0.048260063456893));
#4388=CARTESIAN_POINT('',(0.025654,0.0117164917310417,0.0357505634568929));
#4389=CARTESIAN_POINT('',(-0.029653591081352,0.0117164644504483,0.047371));
#4390=CARTESIAN_POINT('',(-0.029653591331352,0.011716478090745,0.04737100025));
#4391=CARTESIAN_POINT('',(-0.0330299821223487,0.0117164644504483,0.047371));
#4392=CARTESIAN_POINT('',(-0.0330299821223487,0.0117164644504483,0.047371));
#4393=CARTESIAN_POINT('',(0.,0.,0.));
#4394=CARTESIAN_POINT('',(0.012254591081352,-2.62265501442171E-9,-0.0351453408815861));
#4395=CARTESIAN_POINT('',(0.016471727681352,-2.62265501390526E-9,-0.0351453408815861));
#4396=CARTESIAN_POINT('',(0.016471727681352,0.00258168588913702,-0.0308634155636852));
#4397=CARTESIAN_POINT('',(0.016471727681352,0.00258168588913731,-0.0394272661994868));
#4398=CARTESIAN_POINT('',(0.016471727681352,0.00258168588913733,-0.0394272661994869));
#4399=CARTESIAN_POINT('',(0.016320286923387,0.00331589687640588,-0.0389845905500217));
#4400=CARTESIAN_POINT('',(0.0159312136223471,0.004532815110711,-0.0377425558194804));
#4401=CARTESIAN_POINT('',(0.0156181847828139,0.00523220904167229,-0.0351389555879059));
#4402=CARTESIAN_POINT('',(0.0159295257570991,0.00453832954165156,-0.0325592900157582));
#4403=CARTESIAN_POINT('',(0.0163211951979357,0.00331149340430171,-0.0313034362407959));
#4404=CARTESIAN_POINT('',(0.016471727681352,0.00258168588913701,-0.0308634155636852));
#4405=CARTESIAN_POINT('',(9.79717439317882E-19,5.99903913064743E-35,0.06515072));
#4406=CARTESIAN_POINT('',(0.015747478131402,0.00283141881413109,-0.0400574486240821));
#4407=CARTESIAN_POINT('',(0.0158989899494386,0.00198875681398044,-0.0405888789130184));
#4408=CARTESIAN_POINT('',(0.0161010084386029,-6.59392038600769E-6,-0.0411257301568972));
#4409=CARTESIAN_POINT('',(0.0158989918167514,-0.00198874642856221,-0.0405888873418163));
#4410=CARTESIAN_POINT('',(0.015747478131402,-0.00283141881413078,-0.0400574517866177));
#4411=CARTESIAN_POINT('',(0.015747478131402,0.00283141881413109,-0.0400574486240821));
#4412=CARTESIAN_POINT('',(0.0157474781314022,-0.0028314188141308,-0.0400574517866178));
#4413=CARTESIAN_POINT('',(0.0157474781314023,-0.00283141881413081,-0.0400574517866178));
#4414=CARTESIAN_POINT('',(0.0155998971652562,-0.00365221862848468,-0.0395398102778673));
#4415=CARTESIAN_POINT('',(0.0152235147525058,-0.00499108437590373,-0.0380835124961538));
#4416=CARTESIAN_POINT('',(0.0149351664054864,-0.00572808928534788,-0.0351449850218503));
#4417=CARTESIAN_POINT('',(0.0152215137305243,-0.00499854290315782,-0.0322181707559281));
#4418=CARTESIAN_POINT('',(0.0156009490316668,-0.00364636847193526,-0.0307471820548188));
#4419=CARTESIAN_POINT('',(0.015747478131398,-0.00283141881415322,-0.0302332299765686));
#4420=CARTESIAN_POINT('',(0.015747478131398,-0.00283141881415323,-0.0302332299765686));
#4421=CARTESIAN_POINT('',(0.015747478131398,-0.00283141881415323,-0.0302332299765686));
#4422=CARTESIAN_POINT('',(0.0158989900516816,-0.00198875624534321,-0.0297018006123516));
#4423=CARTESIAN_POINT('',(0.0161010084381222,6.59511942651759E-6,-0.0291649516140685));
#4424=CARTESIAN_POINT('',(0.0158989917147421,0.00198874699590668,-0.0297017966583216));
#4425=CARTESIAN_POINT('',(0.015747478131402,0.00283141881413077,-0.0302332331390898));
#4426=CARTESIAN_POINT('',(0.015747478131402,0.00283141881413077,-0.0302332331390898));
#4427=CARTESIAN_POINT('',(0.0157474781314021,0.00283141881413076,-0.0302332331390898));
#4428=CARTESIAN_POINT('',(0.0156006110306247,0.00364824832948619,-0.0307483720029276));
#4429=CARTESIAN_POINT('',(0.0152216324006536,0.00499777517071442,-0.0322195181899474));
#4430=CARTESIAN_POINT('',(0.0149351868466506,0.00572818394246179,-0.0351389639742162));
#4431=CARTESIAN_POINT('',(0.0152233256531222,0.00499144240907015,-0.0380839239103617));
#4432=CARTESIAN_POINT('',(0.0155996996040608,0.00365331740291773,-0.0395391129160082));
#4433=CARTESIAN_POINT('',(0.0157474781314021,0.00283141881413113,-0.0400574486240822));
#4434=CARTESIAN_POINT('',(0.0157474887492599,-0.00283135976024452,0.00139798444758457));
#4435=CARTESIAN_POINT('',(0.0155861476367782,-0.0037287085851001,0.00171574218232079));
#4436=CARTESIAN_POINT('',(0.0151256322179771,-0.00539109364106831,0.00264366913630476));
#4437=CARTESIAN_POINT('',(0.0142753019603858,-0.00729790111657792,0.00469677767669553));
#4438=CARTESIAN_POINT('',(0.0135476909161958,-0.00853029107100937,0.00724032593898086));
#4439=CARTESIAN_POINT('',(0.0133429821435091,-0.00882976939211872,0.00917088277411451));
#4440=CARTESIAN_POINT('',(0.0133429821435091,-0.00882976939211872,0.0101461401209235));
#4441=CARTESIAN_POINT('',(0.0157474887492599,-0.00283135976024452,0.00139798444758457));
#4442=CARTESIAN_POINT('',(0.0133429821435091,-0.00882976939211872,0.0101461401209235));
#4443=CARTESIAN_POINT('',(0.0133429821435091,-0.00882976939211872,0.0101461401209235));
#4444=CARTESIAN_POINT('',(0.0133429821435091,-0.00882976939211872,0.0111202049169724));
#4445=CARTESIAN_POINT('',(0.0135467102061922,-0.00853215109659785,0.0130492126853685));
#4446=CARTESIAN_POINT('',(0.0142782966333186,-0.0072921008056257,0.0156045957855629));
#4447=CARTESIAN_POINT('',(0.0151272093609377,-0.00538740718893476,0.0176516049293839));
#4448=CARTESIAN_POINT('',(0.015587525882425,-0.00372104304286813,0.0185792524836918));
#4449=CARTESIAN_POINT('',(0.0157474887492599,-0.00283135976024456,0.0188942957942625));
#4450=CARTESIAN_POINT('',(0.0157474887492599,-0.00283135976024456,0.0188942957942625));
#4451=CARTESIAN_POINT('',(0.0157474887492599,-0.00283135976024456,0.0188942957942625));
#4452=CARTESIAN_POINT('',(0.0159102526459283,-0.00192609767820197,0.0192148556708286));
#4453=CARTESIAN_POINT('',(0.0160897070396461,3.3405438340376E-6,0.0195012823651224));
#4454=CARTESIAN_POINT('',(0.0159103329711317,0.00192565092457706,0.0192150138695311));
#4455=CARTESIAN_POINT('',(0.0157474887492599,0.00283135976024452,0.0188942957942625));
#4456=CARTESIAN_POINT('',(0.0157474887492599,0.00283135976024452,0.0188942957942625));
#4457=CARTESIAN_POINT('',(0.0157474887492599,0.00283135976024453,0.0188942957942625));
#4458=CARTESIAN_POINT('',(0.0155861476367782,0.00372870858510011,0.0185765380595262));
#4459=CARTESIAN_POINT('',(0.0151256322179771,0.00539109364106832,0.0176486111055423));
#4460=CARTESIAN_POINT('',(0.0142753019603858,0.00729790111657793,0.0155955025651515));
#4461=CARTESIAN_POINT('',(0.0135476909161958,0.00853029107100937,0.0130519543028662));
#4462=CARTESIAN_POINT('',(0.0133429821435091,0.00882976939211873,0.0111213974677325));
#4463=CARTESIAN_POINT('',(0.0133429821435091,0.00882976939211873,0.0101461401209235));
#4464=CARTESIAN_POINT('',(0.0133429821435091,0.00882976939211873,0.0101461401209235));
#4465=CARTESIAN_POINT('',(0.0133429821435091,0.00882976939211873,0.0101461401209235));
#4466=CARTESIAN_POINT('',(0.0133429821435091,0.00882976939211873,0.00917207532487468));
#4467=CARTESIAN_POINT('',(0.0135467102061922,0.00853215109659785,0.00724306755647858));
#4468=CARTESIAN_POINT('',(0.0142782966333186,0.0072921008056257,0.00468768445628414));
#4469=CARTESIAN_POINT('',(0.0151272093609377,0.00538740718893476,0.00264067531246312));
#4470=CARTESIAN_POINT('',(0.015587525882425,0.00372104304286812,0.0017130277581552));
#4471=CARTESIAN_POINT('',(0.0157474887492599,0.00283135976024455,0.00139798444758458));
#4472=CARTESIAN_POINT('',(0.0157474887492599,0.00283135976024455,0.00139798444758458));
#4473=CARTESIAN_POINT('',(0.01574748874926,0.00283135976024456,0.00139798444758458));
#4474=CARTESIAN_POINT('',(0.0159102526459283,0.00192609767820197,0.00107742457101847));
#4475=CARTESIAN_POINT('',(0.0160897070396461,-3.34054383403478E-6,0.000790997876724646));
#4476=CARTESIAN_POINT('',(0.0159103329711317,-0.00192565092457706,0.00107726637231591));
#4477=CARTESIAN_POINT('',(0.01574748874926,-0.00283135976024452,0.00139798444758457));
#4478=CARTESIAN_POINT('',(9.79717439317882E-19,5.99903913064743E-35,-0.0483587118041258));
#4479=CARTESIAN_POINT('',(1.95943487863577E-18,-0.016,-0.0483587118041258));
#4480=CARTESIAN_POINT('',(9.79717439317882E-19,5.99903913064743E-35,0.0671790154123774));
#4481=CARTESIAN_POINT('',(1.95943487863577E-18,-0.016,0.0671790154123774));
#4482=CARTESIAN_POINT('',(-0.015747370517996,0.00283201726141485,0.0188952196236056));
#4483=CARTESIAN_POINT('',(-0.0159102068046344,0.00192656962364547,0.0192159281993279));
#4484=CARTESIAN_POINT('',(-0.016089752788034,-3.34903010376414E-6,0.019502478257602));
#4485=CARTESIAN_POINT('',(-0.0159102873140839,-0.00192612195259888,0.0192160867639292));
#4486=CARTESIAN_POINT('',(-0.015747370517996,-0.00283201726141479,0.0188952196236056));
#4487=CARTESIAN_POINT('',(-0.015747370517996,0.00283201726141485,0.0188952196236056));
#4488=CARTESIAN_POINT('',(-0.015747370517996,-0.00283201726141479,0.0188952196236056));
#4489=CARTESIAN_POINT('',(-0.015747370517996,-0.0028320172614148,0.0188952196236055));
#4490=CARTESIAN_POINT('',(-0.0155864744584667,-0.00372667630845269,0.0185783323550723));
#4491=CARTESIAN_POINT('',(-0.015125137614217,-0.00539308256532335,0.0176486769550576));
#4492=CARTESIAN_POINT('',(-0.014274879575302,-0.00729873233439359,0.0155958036653205));
#4493=CARTESIAN_POINT('',(-0.0135451600974743,-0.00853435655146046,0.0130438824666466));
#4494=CARTESIAN_POINT('',(-0.0132421146146939,-0.00897709868492555,0.0101475763583195));
#4495=CARTESIAN_POINT('',(-0.0135442744443596,-0.0085358648506636,0.0072545373813553));
#4496=CARTESIAN_POINT('',(-0.0142763054825818,-0.00729612922111074,0.00469403597025835));
#4497=CARTESIAN_POINT('',(-0.015126271555779,-0.00539014639827232,0.00264376038919245));
#4498=CARTESIAN_POINT('',(-0.0155870927065591,-0.00372323855335307,0.0017150436084587));
#4499=CARTESIAN_POINT('',(-0.015747370517996,-0.00283201726141489,0.00139937398907017));
#4500=CARTESIAN_POINT('',(-0.015747370517996,-0.00283201726141489,0.00139937398907017));
#4501=CARTESIAN_POINT('',(-0.015747370517996,-0.00283201726141489,0.00139937398907017));
#4502=CARTESIAN_POINT('',(-0.0159102068046344,-0.00192656962364547,0.00107866541334783));
#4503=CARTESIAN_POINT('',(-0.016089752788034,3.34903010383841E-6,0.000792115355073596));
#4504=CARTESIAN_POINT('',(-0.0159102873140839,0.00192612195259903,0.00107850684874651));
#4505=CARTESIAN_POINT('',(-0.015747370517996,0.00283201726141497,0.00139937398907021));
#4506=CARTESIAN_POINT('',(-0.015747370517996,0.00283201726141497,0.00139937398907021));
#4507=CARTESIAN_POINT('',(-0.0157473705179959,0.00283201726141498,0.0013993739890702));
#4508=CARTESIAN_POINT('',(-0.0155864119652951,0.003727023800377,0.00171638433886781));
#4509=CARTESIAN_POINT('',(-0.0151250171906252,0.00539333312952474,0.00264620787297124));
#4510=CARTESIAN_POINT('',(-0.0142749724358805,0.00729853867342051,0.00469853001198337));
#4511=CARTESIAN_POINT('',(-0.0135452083572794,0.00853428536500307,0.00725058727685469));
#4512=CARTESIAN_POINT('',(-0.0132421605249265,0.00897703937018831,0.0101460317074556));
#4513=CARTESIAN_POINT('',(-0.0135440429991972,0.00853617260763681,0.0130388561522041));
#4514=CARTESIAN_POINT('',(-0.0142758199618524,0.00729716992934157,0.015599173205608));
#4515=CARTESIAN_POINT('',(-0.0151256957163985,0.00539114571041721,0.0176495594560097));
#4516=CARTESIAN_POINT('',(-0.0155864529825236,0.00372679572496863,0.0185782900578713));
#4517=CARTESIAN_POINT('',(-0.015747370517996,0.00283201726141484,0.0188952196236055));
#4518=CARTESIAN_POINT('',(-0.012635478518648,-1.54739983235574E-18,0.0101472968063378));
#4519=CARTESIAN_POINT('',(-0.016471615118648,-2.01719107318394E-18,0.0101472968063378));
#4520=CARTESIAN_POINT('',(-0.016471615118648,0.00272624863153432,0.00209636093533147));
#4521=CARTESIAN_POINT('',(-0.016471615118648,0.0027262486315342,0.0181982326773443));
#4522=CARTESIAN_POINT('',(-0.016471615118648,0.0027262486315342,0.0181982326773443));
#4523=CARTESIAN_POINT('',(-0.0163069559274425,0.00356888374477519,0.0179128953126996));
#4524=CARTESIAN_POINT('',(-0.0158356343306118,0.00514990355235213,0.0170774357296696));
#4525=CARTESIAN_POINT('',(-0.014956712781462,0.00698199484907751,0.0152223273730345));
#4526=CARTESIAN_POINT('',(-0.0141776080445329,0.00820326344051443,0.0128647726391625));
#4527=CARTESIAN_POINT('',(-0.0138456941270467,0.00864907451794562,0.0101449766919869));
#4528=CARTESIAN_POINT('',(-0.0141794898452969,0.00820043576239615,0.00742242865963778));
#4529=CARTESIAN_POINT('',(-0.0149563968622324,0.00698252224598859,0.00507374617758792));
#4530=CARTESIAN_POINT('',(-0.0158358337304963,0.00514911464867687,0.00321655325464883));
#4531=CARTESIAN_POINT('',(-0.0163066260162134,0.00357057204886473,0.00238227000204741));
#4532=CARTESIAN_POINT('',(-0.016471615118648,0.00272624863153431,0.00209636093533146));
#4533=CARTESIAN_POINT('',(0.013626191081352,1.66872712923479E-18,0.0101461401209235));
#4534=CARTESIAN_POINT('',(0.0164717387875407,2.0172062182553E-18,0.0101461401209235));
#4535=CARTESIAN_POINT('',(0.0164717387875407,-0.00272561568635753,0.00209498994655204));
#4536=CARTESIAN_POINT('',(0.0164717387875407,-0.00272561568635757,0.018197290295295));
#4537=CARTESIAN_POINT('',(0.0164717387875407,-0.00272561568635756,0.018197290295295));
#4538=CARTESIAN_POINT('',(0.0163077400245866,-0.00356507228661854,0.0179131028154774));
#4539=CARTESIAN_POINT('',(0.0158379433720714,-0.00514379450344938,0.0170805144381926));
#4540=CARTESIAN_POINT('',(0.014959826880051,-0.00697633851788472,0.0152285475471531));
#4541=CARTESIAN_POINT('',(0.0141810978031202,-0.00819833045811635,0.0128762267402875));
#4542=CARTESIAN_POINT('',(0.0139566454064005,-0.0085,0.0110638215923445));
#4543=CARTESIAN_POINT('',(0.0139566454064005,-0.0085,0.0101461401209235));
#4544=CARTESIAN_POINT('',(0.0139566454064005,-0.0085,0.0101461401209235));
#4545=CARTESIAN_POINT('',(0.0139566454064005,-0.0085,0.0101461401209235));
#4546=CARTESIAN_POINT('',(0.0139566454064005,-0.0085,0.00922697297131433));
#4547=CARTESIAN_POINT('',(0.0141822881351638,-0.00819628306197748,0.00741296820734592));
#4548=CARTESIAN_POINT('',(0.0149567235279912,-0.00698191428153195,0.00507195266055732));
#4549=CARTESIAN_POINT('',(0.0158365175086412,-0.0051468704498427,0.00321408281438457));
#4550=CARTESIAN_POINT('',(0.0163063667588525,-0.00357210158954511,0.00238155710851518));
#4551=CARTESIAN_POINT('',(0.0164717387875407,-0.00272561568635753,0.00209498994655205));
#4552=CARTESIAN_POINT('',(0.,0.,-0.04884928));
#4553=CARTESIAN_POINT('',(9.79717439317882E-19,5.99903913064743E-35,-0.04884928));
#4554=CARTESIAN_POINT('',(1.92939624009372E-18,-0.0155094318041258,-0.04884928));
#4555=CARTESIAN_POINT('',(9.03177014371173E-19,5.5303641985656E-35,-0.04884928));
#4556=CARTESIAN_POINT('',(1.83639266728439E-18,-0.0152405681958742,-0.04884928));
#4557=CARTESIAN_POINT('',(0.,0.,0.06515072));
#4558=CARTESIAN_POINT('',(1.43895998899814E-18,8.81108872313841E-35,0.06515072));
#4559=CARTESIAN_POINT('',(1.8982025386784E-18,-0.0075,0.06515072));
#4560=CARTESIAN_POINT('',(9.03177014371173E-19,5.5303641985656E-35,0.06515072));
#4561=CARTESIAN_POINT('',(1.80635402874235E-18,-0.01475,0.06515072));
#4562=CARTESIAN_POINT('',(1.43895998899814E-18,8.81108872313841E-35,0.06865072));
#4563=CARTESIAN_POINT('',(1.43895998899814E-18,8.81108872313841E-35,0.0671790154123774));
#4564=CARTESIAN_POINT('',(1.8982025386784E-18,-0.0075,0.0671790154123774));
#4565=CARTESIAN_POINT('',(0.,0.,0.06865072));
#4566=CARTESIAN_POINT('',(1.43895998899814E-18,8.81108872313841E-35,0.06865072));
#4567=CARTESIAN_POINT('',(1.98831845430452E-18,-0.00897170458762264,0.06865072));
#4568=CARTESIAN_POINT('',(9.79717439317882E-19,5.99903913064743E-35,0.06865072));
#4569=CARTESIAN_POINT('',(1.86931896300964E-18,-0.0145282954123774,0.06865072));
#4570=CARTESIAN_POINT('',(1.43895998899814E-18,8.81108872313841E-35,0.0671790154123774));
#4571=CARTESIAN_POINT('',(9.79717439317882E-19,5.99903913064743E-35,0.0671790154123774));
#4572=CARTESIAN_POINT('',(9.79717439317882E-19,5.99903913064743E-35,-0.0483587118041258));
#4573=CARTESIAN_POINT('',(9.03177014371173E-19,5.5303641985656E-35,-0.0483587118041258));
#4574=CARTESIAN_POINT('',(9.03177014371173E-19,5.5303641985656E-35,-0.0483587118041258));
#4575=CARTESIAN_POINT('',(1.80635402874235E-18,-0.01475,-0.0483587118041258));
#4576=CARTESIAN_POINT('',(0.017207591081352,2.10732213388143E-18,0.0101461401209235));
#4577=CARTESIAN_POINT('',(0.017207591081352,2.10732213388143E-18,0.0101461401209235));
#4578=CARTESIAN_POINT('',(0.017207591081352,2.10732213388143E-18,0.00238199241473484));
#4579=CARTESIAN_POINT('',(0.017207591081352,2.10732213388143E-18,0.0101461401209235));
#4580=CARTESIAN_POINT('',(0.017207591081352,2.10732213388143E-18,0.0078602878271122));
#4581=CARTESIAN_POINT('',(0.013626191081352,1.66872712923479E-18,0.0101461401209235));
#4582=CARTESIAN_POINT('',(0.0164717387875407,2.0172062182553E-18,0.0101461401209235));
#4583=CARTESIAN_POINT('',(0.0164717387875407,2.0172062182553E-18,0.00859614012092352));
#4584=CARTESIAN_POINT('',(0.0159623657917344,0.00121596121320338,0.00893709899408563));
#4585=CARTESIAN_POINT('',(0.016018799145974,-3.04870537549018E-7,0.00843262486557688));
#4586=CARTESIAN_POINT('',(0.0159624376243697,-0.00121474173105318,0.00893672154360687));
#4587=CARTESIAN_POINT('',(0.0159059052327478,-0.00171748980702442,0.010149384499672));
#4588=CARTESIAN_POINT('',(0.0159624109549122,-0.00121529765613749,0.0113649854567361));
#4589=CARTESIAN_POINT('',(0.0160187535467486,-2.98337761231038E-7,0.0118681997672645));
#4590=CARTESIAN_POINT('',(0.0159625747975439,0.00121308138655832,0.0113665348491782));
#4591=CARTESIAN_POINT('',(0.0159058823000726,0.00171773828650968,0.0101523953885212));
#4592=CARTESIAN_POINT('',(0.0159623657917344,0.00121596121320338,0.00893709899408563));
#4593=CARTESIAN_POINT('',(0.016018799145974,-3.04870537549018E-7,0.00843262486557688));
#4594=CARTESIAN_POINT('',(0.0159624376243697,-0.00121474173105318,0.00893672154360687));
#4595=CARTESIAN_POINT('',(0.016,1.76961462476792E-18,0.00859614012092352));
#4596=CARTESIAN_POINT('',(0.013626191081352,1.66872712923479E-18,0.0101461401209235));
#4597=CARTESIAN_POINT('',(0.0164717387875407,0.00272561568635757,0.00209498994655206));
#4598=CARTESIAN_POINT('',(0.0163077400245866,0.00356507228661855,0.00237917742636967));
#4599=CARTESIAN_POINT('',(0.0158379433720714,0.00514379450344939,0.0032117658036544));
#4600=CARTESIAN_POINT('',(0.014959826880051,0.00697633851788474,0.00506373269469398));
#4601=CARTESIAN_POINT('',(0.0141810978031202,0.00819833045811635,0.00741605350155956));
#4602=CARTESIAN_POINT('',(0.0139566454064005,0.0085,0.00922845864950257));
#4603=CARTESIAN_POINT('',(0.0139566454064005,0.0085,0.0101461401209235));
#4604=CARTESIAN_POINT('',(0.0164717387875407,0.00272561568635757,0.00209498994655206));
#4605=CARTESIAN_POINT('',(0.0139566454064005,0.0085,0.0101461401209235));
#4606=CARTESIAN_POINT('',(0.0139566454064005,0.0085,0.0101461401209235));
#4607=CARTESIAN_POINT('',(0.0139566454064005,0.0085,0.0110653072705327));
#4608=CARTESIAN_POINT('',(0.0141822881351638,0.00819628306197749,0.0128793120345011));
#4609=CARTESIAN_POINT('',(0.0149567235279911,0.00698191428153195,0.0152203275812897));
#4610=CARTESIAN_POINT('',(0.0158365175086412,0.0051468704498427,0.0170781974274625));
#4611=CARTESIAN_POINT('',(0.0163063667588525,0.00357210158954512,0.0179107231333319));
#4612=CARTESIAN_POINT('',(0.0164717387875407,0.00272561568635754,0.018197290295295));
#4613=CARTESIAN_POINT('',(0.0164717387875407,0.00272561568635754,0.018197290295295));
#4614=CARTESIAN_POINT('',(0.0164717387875407,2.0172062182553E-18,0.0101461401209235));
#4615=CARTESIAN_POINT('',(0.058674,3.68765644159251E-18,0.01015072));
#4616=CARTESIAN_POINT('',(0.014709176712184,0.00121595836027182,0.00893710537300587));
#4617=CARTESIAN_POINT('',(0.0147703922512797,-3.03536956009794E-7,0.00843262116732739));
#4618=CARTESIAN_POINT('',(0.0147092542826973,-0.00121474421244777,0.00893672995768458));
#4619=CARTESIAN_POINT('',(0.0146478794856317,-0.00171749594202953,0.0101493692716404));
#4620=CARTESIAN_POINT('',(0.0147092273543995,-0.0012152706212986,0.0113650134147311));
#4621=CARTESIAN_POINT('',(0.0147703423659911,-3.12410339922552E-7,0.0118681911711333));
#4622=CARTESIAN_POINT('',(0.0147094031151277,0.00121308923084687,0.0113665412678338));
#4623=CARTESIAN_POINT('',(0.0146478550105228,0.00171773706710889,0.0101523622557265));
#4624=CARTESIAN_POINT('',(0.014709176712184,0.00121595836027182,0.00893710537300587));
#4625=CARTESIAN_POINT('',(0.0147703922512797,-3.03536956009794E-7,0.00843262116732739));
#4626=CARTESIAN_POINT('',(0.0147092542826973,-0.00121474421244777,0.00893672995768458));
#4627=CARTESIAN_POINT('',(0.01475,9.98087141305092E-19,0.00860072));
#4628=CARTESIAN_POINT('',(0.0164717387875407,2.0172062182553E-18,0.0101461401209235));
#4629=CARTESIAN_POINT('',(0.0164717387875407,0.00272561568635754,0.018197290295295));
#4630=CARTESIAN_POINT('',(0.0165576235193621,0.00184637674863283,0.018494945585386));
#4631=CARTESIAN_POINT('',(0.0166499906783445,2.24657770101909E-6,0.0187734885571318));
#4632=CARTESIAN_POINT('',(0.0165575954348556,-0.00184666426180568,0.0184948482514155));
#4633=CARTESIAN_POINT('',(0.0164717387875407,-0.00272561568635757,0.018197290295295));
#4634=CARTESIAN_POINT('',(0.0164717387875407,-0.00272561568635753,0.00209498994655205));
#4635=CARTESIAN_POINT('',(0.0165576235193621,-0.00184637674863283,0.00179733465646104));
#4636=CARTESIAN_POINT('',(0.0166499906783445,-2.24657770101053E-6,0.00151879168471522));
#4637=CARTESIAN_POINT('',(0.0165575954348556,0.00184666426180568,0.00179743199043159));
#4638=CARTESIAN_POINT('',(0.0164717387875407,0.00272561568635757,0.00209498994655206));
#4639=CARTESIAN_POINT('',(0.0164717387875407,2.0172062182553E-18,0.0101461401209235));
#4640=CARTESIAN_POINT('',(0.0157474887492599,-0.00283135976024451,0.00139798444758457));
#4641=CARTESIAN_POINT('',(0.015786378885024,-0.0026150601631388,0.00205756276387973));
#4642=CARTESIAN_POINT('',(0.0164717387875407,-0.00272561568635753,0.00209498994655205));
#4643=CARTESIAN_POINT('',(0.0155896730892583,-0.00370910068360841,0.00170879888145874));
#4644=CARTESIAN_POINT('',(0.0156532079591762,-0.00342382032535294,0.00231863766354448));
#4645=CARTESIAN_POINT('',(0.0163066649534242,-0.00357057522204001,0.00238104037598319));
#4646=CARTESIAN_POINT('',(0.0151406239893936,-0.00534626266772728,0.00261297505000912));
#4647=CARTESIAN_POINT('',(0.0152749166930541,-0.0049518473472427,0.00307159961891179));
#4648=CARTESIAN_POINT('',(0.0158369634303419,-0.00514659337734961,0.00321317670089941));
#4649=CARTESIAN_POINT('',(0.0142963663483393,-0.00725847790590625,0.00463874302471175));
#4650=CARTESIAN_POINT('',(0.0144928591088707,-0.00687026126003604,0.00490798679256358));
#4651=CARTESIAN_POINT('',(0.0149538771449967,-0.00698739224774295,0.00507754249340497));
#4652=CARTESIAN_POINT('',(0.013555624333859,-0.00851890785615156,0.00719214062015126));
#4653=CARTESIAN_POINT('',(0.0137737087431735,-0.00817211171142359,0.00731169868898609));
#4654=CARTESIAN_POINT('',(0.0141790673221141,-0.00820074835046303,0.00742749924575686));
#4655=CARTESIAN_POINT('',(0.0132377564842075,-0.0089834329257245,0.0101275540981867));
#4656=CARTESIAN_POINT('',(0.0134579821684865,-0.00865911472681535,0.0101282872676509));
#4657=CARTESIAN_POINT('',(0.0138465802651122,-0.00864792459209367,0.0101290349314713));
#4658=CARTESIAN_POINT('',(0.0135512863266568,-0.00852591070212121,0.0130869518341405));
#4659=CARTESIAN_POINT('',(0.0137695437875573,-0.0081792013576347,0.0129684811335944));
#4660=CARTESIAN_POINT('',(0.0141745298036271,-0.00820748965797142,0.0128526439397512));
#4661=CARTESIAN_POINT('',(0.0142963526961475,-0.00725867161263613,0.0156536654414229));
#4662=CARTESIAN_POINT('',(0.0144929735748651,-0.00687032115614152,0.0153847171867204));
#4663=CARTESIAN_POINT('',(0.0149538628648776,-0.00698757872003882,0.0152148557565931));
#4664=CARTESIAN_POINT('',(0.0151407570839012,-0.00534701127474779,0.0176796694014833));
#4665=CARTESIAN_POINT('',(0.0152750677747139,-0.0049522814364701,0.0172210442986722));
#4666=CARTESIAN_POINT('',(0.0158371026462223,-0.00514731402573432,0.0170794387320592));
#4667=CARTESIAN_POINT('',(0.015590694180764,-0.00370342156531902,0.0185854923766801));
#4668=CARTESIAN_POINT('',(0.0156540555765965,-0.00341867265938613,0.0179753042895556));
#4669=CARTESIAN_POINT('',(0.0163077330060731,-0.00356510820450311,0.0179130906559291));
#4670=CARTESIAN_POINT('',(0.0157474887492599,-0.00283135976024453,0.0188942957942625));
#4671=CARTESIAN_POINT('',(0.015786378885024,-0.00261506016313882,0.0182347174779673));
#4672=CARTESIAN_POINT('',(0.0164717387875407,-0.00272561568635755,0.018197290295295));
#4673=CARTESIAN_POINT('',(0.0164717387875407,-0.00296157813648186,0.0188942957942625));
#4674=CARTESIAN_POINT('',(0.0164717387875407,-0.00296157813648181,0.00139798444758457));
#4675=CARTESIAN_POINT('',(0.0164717387875407,-0.00272561568635753,0.00209498994655205));
#4676=CARTESIAN_POINT('',(0.015786378885024,-0.00261506016313881,0.00205756276387974));
#4677=CARTESIAN_POINT('',(0.0157474887492599,-0.00283135976024452,0.00139798444758457));
#4678=CARTESIAN_POINT('',(0.01655713260954,-0.00185140241171877,0.00179903603152482));
#4679=CARTESIAN_POINT('',(0.015914984957468,-0.00183070213529238,0.00172394673760613));
#4680=CARTESIAN_POINT('',(0.0159107682195036,-0.00192323015525716,0.0010764091681171));
#4681=CARTESIAN_POINT('',(0.0166504889048793,-3.01142550362509E-6,0.00151706494212294));
#4682=CARTESIAN_POINT('',(0.0160819381644955,-2.8329724206286E-6,0.00137828128774952));
#4683=CARTESIAN_POINT('',(0.0160892725465107,-3.12482577722814E-6,0.000791853599936499));
#4684=CARTESIAN_POINT('',(0.0165570898321919,0.00185184034578579,0.00179918428859826));
#4685=CARTESIAN_POINT('',(0.0159149228197238,0.00183108111230777,0.00172410792804643));
#4686=CARTESIAN_POINT('',(0.0159106864251401,0.00192368508007403,0.0010765702581695));
#4687=CARTESIAN_POINT('',(0.0164717387875407,0.00272561568635756,0.00209498994655206));
#4688=CARTESIAN_POINT('',(0.015786378885024,0.00261506016313883,0.00205756276387974));
#4689=CARTESIAN_POINT('',(0.0157474887492599,0.00283135976024454,0.00139798444758458));
#4690=CARTESIAN_POINT('',(0.0164717387875407,0.00296157813648186,0.00139798444758458));
#4691=CARTESIAN_POINT('',(0.0157474887492599,0.00283135976024452,0.0188942957942625));
#4692=CARTESIAN_POINT('',(0.015786378885024,0.00261506016313881,0.0182347174779673));
#4693=CARTESIAN_POINT('',(0.0164717387875407,0.00272561568635753,0.018197290295295));
#4694=CARTESIAN_POINT('',(0.01558965391041,0.00370920735274386,0.0185834435880776));
#4695=CARTESIAN_POINT('',(0.0156531920403443,0.00342391700195072,0.01797361137025));
#4696=CARTESIAN_POINT('',(0.0163066448925082,0.00357067790735405,0.0179112051030416));
#4697=CARTESIAN_POINT('',(0.0151405367505611,0.00534654808240716,0.0176794937138064));
#4698=CARTESIAN_POINT('',(0.0152748457874634,0.00495210916797586,0.017220936359649));
#4699=CARTESIAN_POINT('',(0.01583687217927,0.00514686813251876,0.0170792770425121));
#4700=CARTESIAN_POINT('',(0.0142961463345545,0.00725891221752953,0.0156516995410463));
#4701=CARTESIAN_POINT('',(0.0144926537817457,0.00687069688267518,0.0153824899040587));
#4702=CARTESIAN_POINT('',(0.0149536470124557,0.00698781033893344,0.0152130464883959));
#4703=CARTESIAN_POINT('',(0.0135554360510715,0.00851919852113858,0.0131039624075807));
#4704=CARTESIAN_POINT('',(0.0137735242933298,0.00817241305878616,0.0129842890729595));
#4705=CARTESIAN_POINT('',(0.014178870379926,0.00820102815985332,0.0128682992031722));
#4706=CARTESIAN_POINT('',(0.0132375718309521,0.00898371711175717,0.0101452997783662));
#4707=CARTESIAN_POINT('',(0.0134578079227229,0.00865939877095952,0.0101456153057079));
#4708=CARTESIAN_POINT('',(0.0138463871193835,0.00864819816450198,0.0101453667322885));
#4709=CARTESIAN_POINT('',(0.0135521706008865,0.00852454770006419,0.00720565338943705));
#4710=CARTESIAN_POINT('',(0.0137704104140807,0.00817778774285506,0.00732414801687348));
#4711=CARTESIAN_POINT('',(0.0141754547469219,0.00820617756056892,0.00743993539104812));
#4712=CARTESIAN_POINT('',(0.0142970621769023,0.00725724406798756,0.00463569760880081));
#4713=CARTESIAN_POINT('',(0.0144936267384069,0.00686890299887395,0.00490483415813857));
#4714=CARTESIAN_POINT('',(0.01495460497569,0.00698620449054582,0.0050747397196054));
#4715=CARTESIAN_POINT('',(0.0151410761543592,0.00534599510528568,0.00261227463327646));
#4716=CARTESIAN_POINT('',(0.0152753336248317,0.00495133938969219,0.00307103954342753));
#4717=CARTESIAN_POINT('',(0.015837436391197,0.00514633580761374,0.00321253208985124));
#4718=CARTESIAN_POINT('',(0.0155907608543287,0.00370305073953274,0.00170665655305599));
#4719=CARTESIAN_POINT('',(0.0156541109291977,0.00341833649755572,0.00231686743628577));
#4720=CARTESIAN_POINT('',(0.0163078027460532,0.0035647512281133,0.00237906873604851));
#4721=CARTESIAN_POINT('',(0.0157474887492599,0.00283135976024455,0.00139798444758458));
#4722=CARTESIAN_POINT('',(0.015786378885024,0.00261506016313884,0.00205756276387975));
#4723=CARTESIAN_POINT('',(0.0164717387875407,0.00272561568635756,0.00209498994655206));
#4724=CARTESIAN_POINT('',(0.0164717387875407,0.00296157813648182,0.0188942957942625));
#4725=CARTESIAN_POINT('',(0.0164717387875407,0.00272561568635754,0.018197290295295));
#4726=CARTESIAN_POINT('',(0.015786378885024,0.00261506016313881,0.0182347174779673));
#4727=CARTESIAN_POINT('',(0.0157474887492599,0.00283135976024453,0.0188942957942625));
#4728=CARTESIAN_POINT('',(0.01655713260954,0.00185140241171664,0.0184932442103229));
#4729=CARTESIAN_POINT('',(0.015914984957468,0.00183070213529591,0.0185683335042639));
#4730=CARTESIAN_POINT('',(0.015910768219503,0.00192323015526059,0.0192158710737481));
#4731=CARTESIAN_POINT('',(0.0166504889048802,3.01142549562531E-6,0.0187752152997207));
#4732=CARTESIAN_POINT('',(0.0160819381644958,2.83297241176042E-6,0.0189139989540845));
#4733=CARTESIAN_POINT('',(0.0160892725465094,3.12482576666562E-6,0.0195004266418981));
#4734=CARTESIAN_POINT('',(0.0165570898321901,-0.00185184034576764,0.0184930959532549));
#4735=CARTESIAN_POINT('',(0.0159149228197235,-0.00183108111229136,0.018568172313805));
#4736=CARTESIAN_POINT('',(0.0159106864251433,-0.0019236850800563,0.0192157099836841));
#4737=CARTESIAN_POINT('',(0.0164717387875407,-0.00272561568635757,0.018197290295295));
#4738=CARTESIAN_POINT('',(0.015786378885024,-0.00261506016313884,0.0182347174779673));
#4739=CARTESIAN_POINT('',(0.0157474887492599,-0.00283135976024455,0.0188942957942625));
#4740=CARTESIAN_POINT('',(-0.017207478518648,-2.10730834892591E-18,0.0101472968063378));
#4741=CARTESIAN_POINT('',(-0.017207478518648,-2.10730834892591E-18,0.0101472968063378));
#4742=CARTESIAN_POINT('',(-0.017207478518648,-2.10730834892591E-18,0.0179114334063378));
#4743=CARTESIAN_POINT('',(-0.017207478518648,-2.10730834892591E-18,0.0101472968063378));
#4744=CARTESIAN_POINT('',(-0.017207478518648,-2.10730834892591E-18,0.0124331602063378));
#4745=CARTESIAN_POINT('',(-0.012635478518648,-1.54739983235574E-18,0.0101472968063378));
#4746=CARTESIAN_POINT('',(-0.016471615118648,-2.01719107318394E-18,0.0101472968063378));
#4747=CARTESIAN_POINT('',(-0.016471615118648,-0.00272624863153415,0.0181982326773443));
#4748=CARTESIAN_POINT('',(-0.016471615118648,-0.00272624863153424,0.00209636093533143));
#4749=CARTESIAN_POINT('',(-0.016471615118648,-0.00272624863153423,0.00209636093533143));
#4750=CARTESIAN_POINT('',(-0.0163068879170858,-0.00356923178434819,0.00238181615489688));
#4751=CARTESIAN_POINT('',(-0.0158359294009232,-0.0051490118593977,0.00321660754454802));
#4752=CARTESIAN_POINT('',(-0.0149567732882229,-0.00698197082495982,0.00507207255547735));
#4753=CARTESIAN_POINT('',(-0.0141776524291846,-0.00820317935375982,0.00742966858768982));
#4754=CARTESIAN_POINT('',(-0.0138456553928476,-0.00864913689574523,0.0101495146773275));
#4755=CARTESIAN_POINT('',(-0.0141796003863262,-0.00820027035341094,0.012872678959018));
#4756=CARTESIAN_POINT('',(-0.0149564427198486,-0.00698244955731099,0.0152209306891908));
#4757=CARTESIAN_POINT('',(-0.0158360220727633,-0.00514868170011428,0.0170784187551668));
#4758=CARTESIAN_POINT('',(-0.016306700895053,-0.00357018886017658,0.0179124533679203));
#4759=CARTESIAN_POINT('',(-0.016471615118648,-0.00272624863153414,0.0181982326773443));
#4760=CARTESIAN_POINT('',(-0.012635478518648,-1.54739983235574E-18,0.0101472968063378));
#4761=CARTESIAN_POINT('',(-0.016471615118648,-2.01719107318394E-18,0.0101472968063378));
#4762=CARTESIAN_POINT('',(-0.016471615118648,-2.01719107318394E-18,0.0116972968063378));
#4763=CARTESIAN_POINT('',(-0.0159623657917344,-0.00121596121320339,0.0113643410059144));
#4764=CARTESIAN_POINT('',(-0.016018799145974,3.04870537550916E-7,0.0118688151344231));
#4765=CARTESIAN_POINT('',(-0.0159624376243697,0.00121474173105318,0.0113647184563931));
#4766=CARTESIAN_POINT('',(-0.0159059052327479,0.00171748980702442,0.010152055500328));
#4767=CARTESIAN_POINT('',(-0.0159624109549122,0.00121529765613749,0.00893645454326395));
#4768=CARTESIAN_POINT('',(-0.0160187535467486,2.98337761231015E-7,0.00843324023273547));
#4769=CARTESIAN_POINT('',(-0.0159625747975439,-0.00121308138655832,0.00893490515082175));
#4770=CARTESIAN_POINT('',(-0.0159058823000726,-0.00171773828650968,0.0101490446114788));
#4771=CARTESIAN_POINT('',(-0.0159623657917344,-0.00121596121320339,0.0113643410059144));
#4772=CARTESIAN_POINT('',(-0.016018799145974,3.04870537550916E-7,0.0118688151344231));
#4773=CARTESIAN_POINT('',(-0.0159624376243697,0.00121474173105318,0.0113647184563931));
#4774=CARTESIAN_POINT('',(-0.016,-5.05166804648282E-19,0.01170072));
#4775=CARTESIAN_POINT('',(-0.074168,-4.44657006302413E-18,0.01015072));
#4776=CARTESIAN_POINT('',(-0.014709176712184,-0.00121595836027182,0.0113643346269941));
#4777=CARTESIAN_POINT('',(-0.0147703922512797,3.03536956011176E-7,0.0118688188326726));
#4778=CARTESIAN_POINT('',(-0.0147092542826973,0.00121474421244777,0.0113647100423154));
#4779=CARTESIAN_POINT('',(-0.0146478794856317,0.00171749594202953,0.0101520707283596));
#4780=CARTESIAN_POINT('',(-0.0147092273543995,0.0012152706212986,0.0089364265852689));
#4781=CARTESIAN_POINT('',(-0.0147703423659911,3.12410339921961E-7,0.00843324882886675));
#4782=CARTESIAN_POINT('',(-0.0147094031151277,-0.00121308923084688,0.00893489873216625));
#4783=CARTESIAN_POINT('',(-0.0146478550105228,-0.00171773706710888,0.0101490777442735));
#4784=CARTESIAN_POINT('',(-0.014709176712184,-0.00121595836027182,0.0113643346269941));
#4785=CARTESIAN_POINT('',(-0.0147703922512797,3.03536956011176E-7,0.0118688188326726));
#4786=CARTESIAN_POINT('',(-0.0147092542826973,0.00121474421244777,0.0113647100423154));
#4787=CARTESIAN_POINT('',(-0.01475,-3.61270805748469E-18,0.01170072));
#4788=CARTESIAN_POINT('',(-0.016471615118648,-2.01719107318394E-18,0.0101472968063378));
#4789=CARTESIAN_POINT('',(-0.016471615118648,-0.00272624863153415,0.0181982326773443));
#4790=CARTESIAN_POINT('',(-0.0165575392053262,-0.00184682426441406,0.0184960278052415));
#4791=CARTESIAN_POINT('',(-0.0166499533488119,-2.2526814721245E-6,0.018774697256978));
#4792=CARTESIAN_POINT('',(-0.0165575110561325,0.00184711236857429,0.0184959302459534));
#4793=CARTESIAN_POINT('',(-0.016471615118648,0.0027262486315342,0.0181982326773443));
#4794=CARTESIAN_POINT('',(-0.016471615118648,0.00272624863153432,0.00209636093533147));
#4795=CARTESIAN_POINT('',(-0.0165575392053261,0.00184682426441421,0.00179856580743418));
#4796=CARTESIAN_POINT('',(-0.016649953348812,2.25268147220636E-6,0.00151989635569765));
#4797=CARTESIAN_POINT('',(-0.0165575110561325,-0.00184711236857429,0.0017986633667223));
#4798=CARTESIAN_POINT('',(-0.016471615118648,-0.00272624863153424,0.00209636093533144));
#4799=CARTESIAN_POINT('',(-0.016471615118648,-2.01719107318394E-18,0.0101472968063378));
#4800=CARTESIAN_POINT('',(-0.016471615118648,0.00272624863153432,0.00209636093533147));
#4801=CARTESIAN_POINT('',(-0.0157862774555281,0.00261567607967599,0.00205891829847301));
#4802=CARTESIAN_POINT('',(-0.0157473705179959,0.00283201726141498,0.00139937398907021));
#4803=CARTESIAN_POINT('',(-0.0165570477830218,0.00185185393029523,0.00180026897833815));
#4804=CARTESIAN_POINT('',(-0.0159149382147568,0.00183117377990156,0.00172515621719441));
#4805=CARTESIAN_POINT('',(-0.0159107230250681,0.00192369919112769,0.00107764871703642));
#4806=CARTESIAN_POINT('',(-0.0166504521042349,3.01905508946201E-6,0.0015181677600355));
#4807=CARTESIAN_POINT('',(-0.0160819819364625,2.84015431924315E-6,0.00137933068859054));
#4808=CARTESIAN_POINT('',(-0.0160893178334555,3.13273933373918E-6,0.000792972003492311));
#4809=CARTESIAN_POINT('',(-0.016557004907898,-0.00185229275700565,0.00180041757605872));
#4810=CARTESIAN_POINT('',(-0.0159148759377103,-0.00183155351500857,0.00172531777106482));
#4811=CARTESIAN_POINT('',(-0.0159106410443353,-0.00192415504321311,0.00107781017723219));
#4812=CARTESIAN_POINT('',(-0.016471615118648,-0.00272624863153424,0.00209636093533144));
#4813=CARTESIAN_POINT('',(-0.0157862774555281,-0.0026156760796759,0.00205891829847298));
#4814=CARTESIAN_POINT('',(-0.0157473705179959,-0.00283201726141489,0.00139937398907017));
#4815=CARTESIAN_POINT('',(-0.016471615118648,0.00296226587709269,0.00139937398907021));
#4816=CARTESIAN_POINT('',(-0.016471615118648,-0.0029622658770926,0.00139937398907017));
#4817=CARTESIAN_POINT('',(-0.015747370517996,-0.00283201726141479,0.0188952196236056));
#4818=CARTESIAN_POINT('',(-0.0157862774555281,-0.00261567607967582,0.0182356753142028));
#4819=CARTESIAN_POINT('',(-0.016471615118648,-0.00272624863153414,0.0181982326773443));
#4820=CARTESIAN_POINT('',(-0.0155899913202579,-0.00370712087479046,0.0185852588672909));
#4821=CARTESIAN_POINT('',(-0.0156534671273025,-0.00342205045730572,0.0179753027549124));
#4822=CARTESIAN_POINT('',(-0.0163069978194232,-0.00356866935441466,0.017912967910648));
#4823=CARTESIAN_POINT('',(-0.0151401667399294,-0.00534815212517864,0.0176795807950594));
#4824=CARTESIAN_POINT('',(-0.0152745322825448,-0.00495352526830718,0.017221108384091));
#4825=CARTESIAN_POINT('',(-0.0158364851517283,-0.00514841226820378,0.017079449343284));
#4826=CARTESIAN_POINT('',(-0.014295938973641,-0.00725929219166536,0.0156533922846774));
#4827=CARTESIAN_POINT('',(-0.0144924959946309,-0.00687106768290282,0.0153843495880447));
#4828=CARTESIAN_POINT('',(-0.0149534301145979,-0.00698817612205029,0.0152146965220166));
#4829=CARTESIAN_POINT('',(-0.0135535478660544,-0.00852225490110778,0.0130951203129036));
#4830=CARTESIAN_POINT('',(-0.0137717097776364,-0.0081755045816006,0.0129760141514226));
#4831=CARTESIAN_POINT('',(-0.0141768953545485,-0.00820397039180457,0.0128602537568982));
#4832=CARTESIAN_POINT('',(-0.0132379778103494,-0.00898305812206938,0.010147930600453));
#4833=CARTESIAN_POINT('',(-0.0134581819167062,-0.00865875815516883,0.0101480026953846));
#4834=CARTESIAN_POINT('',(-0.0138468117703595,-0.0086475637864033,0.0101478801031921));
#4835=CARTESIAN_POINT('',(-0.0135524340648602,-0.00852412849297482,0.00720432235043901));
#4836=CARTESIAN_POINT('',(-0.0137706668602916,-0.00817735938280614,0.00732300089195012));
#4837=CARTESIAN_POINT('',(-0.014175730327989,-0.00820577400979646,0.00743880256040306));
#4838=CARTESIAN_POINT('',(-0.0142972743951828,-0.00725686461803411,0.00463667578125021));
#4839=CARTESIAN_POINT('',(-0.014493825299229,-0.00686850838215142,0.00490585016443383));
#4840=CARTESIAN_POINT('',(-0.0149548269542071,-0.00698583921207798,0.00507573211501354));
#4841=CARTESIAN_POINT('',(-0.0151411523324112,-0.00534555271499468,0.0026131987657669));
#4842=CARTESIAN_POINT('',(-0.0152753815167522,-0.00495098174337071,0.00307201588732124));
#4843=CARTESIAN_POINT('',(-0.015837516072759,-0.00514590993948686,0.00321347475083894));
#4844=CARTESIAN_POINT('',(-0.0155905463269773,-0.0037040347719724,0.00170824164984429));
#4845=CARTESIAN_POINT('',(-0.0156539278697886,-0.00341925300540104,0.00231838757932703));
#4846=CARTESIAN_POINT('',(-0.0163075783523404,-0.0035656985094184,0.00238061969946654));
#4847=CARTESIAN_POINT('',(-0.0157473705179959,-0.00283201726141489,0.00139937398907017));
#4848=CARTESIAN_POINT('',(-0.0157862774555281,-0.00261567607967592,0.00205891829847295));
#4849=CARTESIAN_POINT('',(-0.016471615118648,-0.00272624863153424,0.00209636093533143));
#4850=CARTESIAN_POINT('',(-0.016471615118648,-0.00296226587709251,0.0188952196236056));
#4851=CARTESIAN_POINT('',(-0.0157473705179959,0.00283201726141497,0.0013993739890702));
#4852=CARTESIAN_POINT('',(-0.0157862774555281,0.00261567607967599,0.00205891829847298));
#4853=CARTESIAN_POINT('',(-0.016471615118648,0.00272624863153432,0.00209636093533146));
#4854=CARTESIAN_POINT('',(-0.0155899124641885,0.0037075593522527,0.00170949005360934));
#4855=CARTESIAN_POINT('',(-0.0156534016688294,0.00342244789668493,0.00231941918810188));
#4856=CARTESIAN_POINT('',(-0.0163069153366576,0.00356909145585822,0.00238176863615374));
#4857=CARTESIAN_POINT('',(-0.0151399523973819,0.00534871276838209,0.00261549279652775));
#4858=CARTESIAN_POINT('',(-0.01527433876239,0.00495408172151637,0.00307391569183218));
#4859=CARTESIAN_POINT('',(-0.0158362609512491,0.00514895197281305,0.00321558600618438));
#4860=CARTESIAN_POINT('',(-0.0142958113968062,0.00725953569708938,0.00464150769341782));
#4861=CARTESIAN_POINT('',(-0.0144923740500154,0.0068713182415177,0.00491052236390381));
#4862=CARTESIAN_POINT('',(-0.0149532966703192,0.00698841053316676,0.00508017904654909));
#4863=CARTESIAN_POINT('',(-0.0135533442448418,0.00852257807636396,0.00720045124168746));
#4864=CARTESIAN_POINT('',(-0.0137715130122949,0.00817583393925852,0.00731950306255417));
#4865=CARTESIAN_POINT('',(-0.0141766823684982,0.00820428149728833,0.00743523988059542));
#4866=CARTESIAN_POINT('',(-0.0132380012462585,0.00898301391523327,0.0101471953136829));
#4867=CARTESIAN_POINT('',(-0.0134582024738216,0.00865871806585421,0.0101471108824972));
#4868=CARTESIAN_POINT('',(-0.0138468362841204,0.0086475212305799,0.0101472034000567));
#4869=CARTESIAN_POINT('',(-0.0135525437088741,0.00852398249800749,0.0130908590589592));
#4870=CARTESIAN_POINT('',(-0.0137707776354309,0.00817719683542899,0.0129721546187762));
#4871=CARTESIAN_POINT('',(-0.0141758450146915,0.00820563346736916,0.0128563320165468));
#4872=CARTESIAN_POINT('',(-0.0142974651964513,0.00725643263860992,0.0156584124589605));
#4873=CARTESIAN_POINT('',(-0.0144940011815677,0.00686809441480422,0.0153891902376265));
#4874=CARTESIAN_POINT('',(-0.0149550265307049,0.00698542336598505,0.0152193167159636));
#4875=CARTESIAN_POINT('',(-0.0151412212051637,0.00534554119145826,0.0176815495123894));
#4876=CARTESIAN_POINT('',(-0.0152754488498824,0.00495092467886845,0.0172227233051487));
#4877=CARTESIAN_POINT('',(-0.0158375881130702,0.00514589884632411,0.0170812612044117));
#4878=CARTESIAN_POINT('',(-0.01559073760225,0.00370297118997019,0.0185867286824257));
#4879=CARTESIAN_POINT('',(-0.0156540866703099,0.00341828882833078,0.0179765173592744));
#4880=CARTESIAN_POINT('',(-0.0163077784246421,0.00356467464949665,0.0179143206178352));
#4881=CARTESIAN_POINT('',(-0.015747370517996,0.00283201726141484,0.0188952196236055));
#4882=CARTESIAN_POINT('',(-0.0157862774555281,0.00261567607967586,0.0182356753142027));
#4883=CARTESIAN_POINT('',(-0.016471615118648,0.00272624863153418,0.0181982326773443));
#4884=CARTESIAN_POINT('',(-0.016471615118648,0.00296226587709256,0.0188952196236056));
#4885=CARTESIAN_POINT('',(-0.016471615118648,-0.00272624863153415,0.0181982326773443));
#4886=CARTESIAN_POINT('',(-0.0157862774555282,-0.00261567607967583,0.0182356753142028));
#4887=CARTESIAN_POINT('',(-0.015747370517996,-0.0028320172614148,0.0188952196236056));
#4888=CARTESIAN_POINT('',(-0.0165570477830112,-0.00185185393029504,0.0184943246343376));
#4889=CARTESIAN_POINT('',(-0.0159149382147376,-0.00183117377988587,0.0185694373954594));
#4890=CARTESIAN_POINT('',(-0.0159107230250684,-0.00192369919112611,0.0192169448956197));
#4891=CARTESIAN_POINT('',(-0.0166504521042569,-3.01905508763676E-6,0.0187764258526395));
#4892=CARTESIAN_POINT('',(-0.0160819819364951,-2.84015429349918E-6,0.0189152629241169));
#4893=CARTESIAN_POINT('',(-0.0160893178334548,-3.13273933164092E-6,0.0195016216092138));
#4894=CARTESIAN_POINT('',(-0.0165570049078645,0.00185229275700207,0.0184941760366182));
#4895=CARTESIAN_POINT('',(-0.0159148759376574,0.00183155351496349,0.0185692758415579));
#4896=CARTESIAN_POINT('',(-0.0159106410443363,0.0019241550432076,0.0192167834354023));
#4897=CARTESIAN_POINT('',(-0.016471615118648,0.0027262486315342,0.0181982326773443));
#4898=CARTESIAN_POINT('',(-0.0157862774555282,0.00261567607967588,0.0182356753142028));
#4899=CARTESIAN_POINT('',(-0.015747370517996,0.00283201726141485,0.0188952196236056));
#4900=CARTESIAN_POINT('',(0.012254591081352,-2.62265501442171E-9,-0.0351453408815861));
#4901=CARTESIAN_POINT('',(0.016471727681352,-2.62265501390526E-9,-0.0351453408815861));
#4902=CARTESIAN_POINT('',(0.016471727681352,-0.00258168656206651,-0.0394272689562955));
#4903=CARTESIAN_POINT('',(0.016471727681352,-0.002581686562087,-0.030863412806889));
#4904=CARTESIAN_POINT('',(0.0164717276813479,-0.0025816865620864,-0.0308634128068887));
#4905=CARTESIAN_POINT('',(0.0163215130253519,-0.00330995319494107,-0.0313025033840459));
#4906=CARTESIAN_POINT('',(0.0159293430841605,-0.00453915956661923,-0.0325581666064761));
#4907=CARTESIAN_POINT('',(0.0156181539402191,-0.00523215851379175,-0.0351451893122928));
#4908=CARTESIAN_POINT('',(0.0159315073381043,-0.00453222069019126,-0.0377423646560038));
#4909=CARTESIAN_POINT('',(0.0163204985975954,-0.003314871316163,-0.0389852131180735));
#4910=CARTESIAN_POINT('',(0.0164717276813521,-0.00258168656206655,-0.0394272689562955));
#4911=CARTESIAN_POINT('',(0.012254591081352,-2.62265501466664E-9,-0.0351453408815861));
#4912=CARTESIAN_POINT('',(0.016471727681352,-2.62265501415019E-9,-0.0351453408815861));
#4913=CARTESIAN_POINT('',(0.016471727681352,-2.62265501415019E-9,-0.0361453408815861));
#4914=CARTESIAN_POINT('',(0.0159843352233552,0.000784494798323128,-0.0343623474353677));
#4915=CARTESIAN_POINT('',(0.0160078248678838,-2.02145918401639E-7,-0.0340368997983512));
#4916=CARTESIAN_POINT('',(0.0159843653051098,-0.000783701950579607,-0.0343620986607439));
#4917=CARTESIAN_POINT('',(0.0159608996488232,-0.00110804759933863,-0.0351445113235247));
#4918=CARTESIAN_POINT('',(0.0159843517043893,-0.000784122522690066,-0.0359286789644337));
#4919=CARTESIAN_POINT('',(0.0160078064365323,-1.65815887250742E-7,-0.0362534107242409));
#4920=CARTESIAN_POINT('',(0.0159844225249659,0.000782616227519152,-0.03592972304154));
#4921=CARTESIAN_POINT('',(0.0159608899898549,0.0011082175658436,-0.0351464874030419));
#4922=CARTESIAN_POINT('',(0.0159843352233552,0.000784494798323128,-0.0343623474353677));
#4923=CARTESIAN_POINT('',(0.0160078248678838,-2.02145918401639E-7,-0.0340368997983512));
#4924=CARTESIAN_POINT('',(0.0159843653051098,-0.000783701950579607,-0.0343620986607439));
#4925=CARTESIAN_POINT('',(0.016,-2.62265501569926E-9,-0.0341453408815861));
#4926=CARTESIAN_POINT('',(0.017207591081352,-2.62265501379604E-9,-0.0362358192462921));
#4927=CARTESIAN_POINT('',(0.017207591081352,-2.62265501381514E-9,-0.0351453408815861));
#4928=CARTESIAN_POINT('',(0.017207591081352,-2.62265501381514E-9,-0.0394094774815861));
#4929=CARTESIAN_POINT('',(0.017207591081352,-2.62265501406007E-9,-0.0351453408815861));
#4930=CARTESIAN_POINT('',(0.017207591081352,-2.62265501406007E-9,-0.0368812042815861));
#4931=CARTESIAN_POINT('',(9.79717439317882E-19,5.99903913064743E-35,0.06515072));
#4932=CARTESIAN_POINT('',(0.0159843717160766,-0.000783579286305005,-0.0343632664120125));
#4933=CARTESIAN_POINT('',(0.0160078065107209,1.96668511603289E-7,-0.0340382007850471));
#4934=CARTESIAN_POINT('',(0.0159844022410399,0.000782776876328506,-0.034363017924854));
#4935=CARTESIAN_POINT('',(0.015960991850873,0.00110674182246412,-0.0351445123580382));
#4936=CARTESIAN_POINT('',(0.0159843886688881,0.000783197046125015,-0.0359277594723504));
#4937=CARTESIAN_POINT('',(0.0160077881235278,1.6031323987476E-7,-0.0362521102157587));
#4938=CARTESIAN_POINT('',(0.0159844588132512,-0.000781702899330481,-0.0359288023805244));
#4939=CARTESIAN_POINT('',(0.0159609814868474,-0.00110692209776679,-0.0351464861531827));
#4940=CARTESIAN_POINT('',(0.0159843717160766,-0.000783579286305005,-0.0343632664120125));
#4941=CARTESIAN_POINT('',(0.0160078065107209,1.96668511603289E-7,-0.0340382007850471));
#4942=CARTESIAN_POINT('',(0.0159844022410399,0.000782776876328506,-0.034363017924854));
#4943=CARTESIAN_POINT('',(0.016,-2.62265501450308E-9,-0.0341465145795092));
#4944=CARTESIAN_POINT('',(0.016471727681352,-2.62265501390526E-9,-0.0351453408815861));
#4945=CARTESIAN_POINT('',(0.016471727681352,-0.00258168656206651,-0.0394272689562955));
#4946=CARTESIAN_POINT('',(0.0165519871687456,-0.00180346280950753,-0.0398964799584879));
#4947=CARTESIAN_POINT('',(0.0166556069640039,-5.33224040688259E-6,-0.0403703240423918));
#4948=CARTESIAN_POINT('',(0.0165519805157805,0.0018035266460297,-0.0398964394402899));
#4949=CARTESIAN_POINT('',(0.016471727681352,0.00258168588913731,-0.0394272661994868));
#4950=CARTESIAN_POINT('',(0.016471727681352,0.00258168588913702,-0.0308634155636852));
#4951=CARTESIAN_POINT('',(0.0165519871175086,0.00180346263338979,-0.0303942037279316));
#4952=CARTESIAN_POINT('',(0.016655606963773,5.3325778880171E-6,-0.0299203577269039));
#4953=CARTESIAN_POINT('',(0.0165519805671696,-0.00180352682067936,-0.0303942403986514));
#4954=CARTESIAN_POINT('',(0.0164717276813499,-0.00258168656208713,-0.0308634128068891));
#4955=CARTESIAN_POINT('',(0.016471727681352,-2.62265501415019E-9,-0.0351453408815861));
#4956=CARTESIAN_POINT('',(0.016471727681352,0.00258168588913702,-0.0308634155636851));
#4957=CARTESIAN_POINT('',(0.0158081144729133,0.00249417818510371,-0.0308106548036477));
#4958=CARTESIAN_POINT('',(0.0157474781314021,0.00283141881413077,-0.0302332331390898));
#4959=CARTESIAN_POINT('',(0.0165515726842448,0.00180748114396764,-0.0303966265965766));
#4960=CARTESIAN_POINT('',(0.0159172247213698,0.00178536720440347,-0.030322240689035));
#4961=CARTESIAN_POINT('',(0.0159001466836798,0.00198232341490935,-0.0296977455953334));
#4962=CARTESIAN_POINT('',(0.016656022090709,5.68183753857821E-6,-0.0299179307711806));
#4963=CARTESIAN_POINT('',(0.0160803075647608,5.47585760021604E-6,-0.0297802267088778));
#4964=CARTESIAN_POINT('',(0.016099860379445,6.22079507453955E-6,-0.0291689784900885));
#4965=CARTESIAN_POINT('',(0.0165515646732038,-0.00180755949938716,-0.0303966718037734));
#4966=CARTESIAN_POINT('',(0.0159172139539426,-0.00178543725864993,-0.030322286931446));
#4967=CARTESIAN_POINT('',(0.0159001313646147,-0.0019824086148316,-0.0296977974501004));
#4968=CARTESIAN_POINT('',(0.0164717276813499,-0.002581686562087,-0.030863412806889));
#4969=CARTESIAN_POINT('',(0.0158081143745096,-0.00249417873239749,-0.030810652098504));
#4970=CARTESIAN_POINT('',(0.015747478131398,-0.00283141881415324,-0.0302332299765686));
#4971=CARTESIAN_POINT('',(0.016471727681352,0.00296163990634266,-0.0302332331390898));
#4972=CARTESIAN_POINT('',(0.0164717276813435,-0.00296163990636616,-0.0302332299765686));
#4973=CARTESIAN_POINT('',(0.0157474781314021,-0.00283141881413076,-0.0400574517866178));
#4974=CARTESIAN_POINT('',(0.0158081143745126,-0.00249417873237827,-0.0394800296646814));
#4975=CARTESIAN_POINT('',(0.016471727681352,-0.00258168656206651,-0.0394272689562955));
#4976=CARTESIAN_POINT('',(0.0156027995569488,-0.00363607642109279,-0.0395499904375437));
#4977=CARTESIAN_POINT('',(0.0156970989613466,-0.00320825109460781,-0.0390694666739394));
#4978=CARTESIAN_POINT('',(0.0163203951225479,-0.00331537295728168,-0.0389849106658144));
#4979=CARTESIAN_POINT('',(0.0152298330274794,-0.00497429071457957,-0.0381185258378924));
#4980=CARTESIAN_POINT('',(0.0153936263553642,-0.00446584451399973,-0.0378883390268772));
#4981=CARTESIAN_POINT('',(0.0159302753245609,-0.00453555606373316,-0.0377370910221855));
#4982=CARTESIAN_POINT('',(0.0149320189645386,-0.00573646609732975,-0.0351451445845693));
#4983=CARTESIAN_POINT('',(0.0151180974835158,-0.00525566765123276,-0.0351456015062891));
#4984=CARTESIAN_POINT('',(0.0156187643536648,-0.0052305071880999,-0.035145169768267));
#4985=CARTESIAN_POINT('',(0.0152277853039754,-0.00498182908457129,-0.0321833546092324));
#4986=CARTESIAN_POINT('',(0.0153919703266699,-0.00447261621416641,-0.0324117043535376));
#4987=CARTESIAN_POINT('',(0.0159281334227468,-0.00454242954643771,-0.0325633527255423));
#4988=CARTESIAN_POINT('',(0.0156037684953994,-0.00363068748428003,-0.0307372927604425));
#4989=CARTESIAN_POINT('',(0.015697825286841,-0.00320357923599431,-0.031218528953425));
#4990=CARTESIAN_POINT('',(0.0163214086250883,-0.00331045932557731,-0.03130280854315));
#4991=CARTESIAN_POINT('',(0.0157474781313981,-0.00283141881415263,-0.0302332299765682));
#4992=CARTESIAN_POINT('',(0.0158081143745095,-0.00249417873239814,-0.0308106520985023));
#4993=CARTESIAN_POINT('',(0.0164717276813479,-0.00258168656208645,-0.0308634128068887));
#4994=CARTESIAN_POINT('',(0.016471727681352,-0.00296163990634265,-0.0400574517866178));
#4995=CARTESIAN_POINT('',(0.0157474781314021,0.00283141881413076,-0.0302332331390898));
#4996=CARTESIAN_POINT('',(0.0158081144729133,0.0024941781851037,-0.0308106548036477));
#4997=CARTESIAN_POINT('',(0.016471727681352,0.002581685889137,-0.0308634155636852));
#4998=CARTESIAN_POINT('',(0.0156034579253648,0.00363241477902756,-0.0307383864697447));
#4999=CARTESIAN_POINT('',(0.0156975925738511,0.00320507634750396,-0.0312193937791012));
#5000=CARTESIAN_POINT('',(0.0163210837715198,0.00331203359904326,-0.0313037619388066));
#5001=CARTESIAN_POINT('',(0.0152279361166993,0.00498098897515946,-0.0321847036843771));
#5002=CARTESIAN_POINT('',(0.0153920702758062,0.00447195611381551,-0.0324130958970408));
#5003=CARTESIAN_POINT('',(0.0159282911715564,0.00454166286220254,-0.0325645287255332));
#5004=CARTESIAN_POINT('',(0.0149320479342561,0.00573652429405017,-0.0351383006612981));
#5005=CARTESIAN_POINT('',(0.0151181318157517,0.00525566703214171,-0.0351394061017493));
#5006=CARTESIAN_POINT('',(0.0156187946557297,0.00523055957892602,-0.0351392038632896));
#5007=CARTESIAN_POINT('',(0.0152295779537203,0.00497486619212812,-0.0381188114771129));
#5008=CARTESIAN_POINT('',(0.0153933919636317,0.00446648217816341,-0.0378886448463709));
#5009=CARTESIAN_POINT('',(0.0159300085196478,0.00453608011084895,-0.0377373400161081));
#5010=CARTESIAN_POINT('',(0.0156026030029553,0.00363716959377994,-0.0395492966325013));
#5011=CARTESIAN_POINT('',(0.0156969517678995,0.00320919812811943,-0.0390689181144744));
#5012=CARTESIAN_POINT('',(0.0163201895286145,0.00331636903884593,-0.0389843058705244));
#5013=CARTESIAN_POINT('',(0.015747478131402,0.00283141881413109,-0.0400574486240822));
#5014=CARTESIAN_POINT('',(0.0158081144729133,0.002494178185104,-0.0394800269595243));
#5015=CARTESIAN_POINT('',(0.016471727681352,0.00258168588913731,-0.0394272661994869));
#5016=CARTESIAN_POINT('',(0.016471727681352,0.00296163990634302,-0.0400574486240821));
#5017=CARTESIAN_POINT('',(0.016471727681352,-0.0025816865620665,-0.0394272689562955));
#5018=CARTESIAN_POINT('',(0.0158081143745125,-0.00249417873237827,-0.0394800296646814));
#5019=CARTESIAN_POINT('',(0.0157474781314021,-0.00283141881413076,-0.0400574517866178));
#5020=CARTESIAN_POINT('',(0.0165515727344888,-0.00180748132975877,-0.0398940570898615));
#5021=CARTESIAN_POINT('',(0.0159172247137332,-0.00178536735228829,-0.0399684429938334));
#5022=CARTESIAN_POINT('',(0.0159001467797368,-0.00198232288066996,-0.0405929383741907));
#5023=CARTESIAN_POINT('',(0.0166560220908977,-5.68149622201736E-6,-0.040372750998225));
#5024=CARTESIAN_POINT('',(0.0160803075648215,-5.47545126360581E-6,-0.040510455060418));
#5025=CARTESIAN_POINT('',(0.0160998603798232,-6.21970351291266E-6,-0.0411217032801531));
#5026=CARTESIAN_POINT('',(0.0165515646229107,0.00180755931420005,-0.0398940080356496));
#5027=CARTESIAN_POINT('',(0.0159172139615313,0.00178543711138354,-0.0399683929116349));
#5028=CARTESIAN_POINT('',(0.0159001312684291,0.00198240914977957,-0.0405928821062526));
#5029=CARTESIAN_POINT('',(0.016471727681352,0.00258168588913731,-0.0394272661994868));
#5030=CARTESIAN_POINT('',(0.0158081144729133,0.00249417818510399,-0.0394800269595243));
#5031=CARTESIAN_POINT('',(0.015747478131402,0.00283141881413109,-0.0400574486240821));
#5032=CARTESIAN_POINT('',(9.03177014371173E-19,5.5303641985656E-35,0.06515072));
#5033=CARTESIAN_POINT('',(0.0147330473243617,-0.000783578463459,-0.0343632678065936));
#5034=CARTESIAN_POINT('',(0.0147584680748538,1.96310842317431E-7,-0.0340381999012317));
#5035=CARTESIAN_POINT('',(0.0147330803762219,0.000782777484159646,-0.0343630200655344));
#5036=CARTESIAN_POINT('',(0.0147076772330648,0.0011067434390166,-0.0351445083700409));
#5037=CARTESIAN_POINT('',(0.0147330659903768,0.000783189968610659,-0.0359277668226367));
#5038=CARTESIAN_POINT('',(0.0147584480537411,1.63926282383952E-7,-0.0362521079052393));
#5039=CARTESIAN_POINT('',(0.0147331417687569,-0.000781704492913771,-0.035928804270238));
#5040=CARTESIAN_POINT('',(0.014707666052643,-0.00110692191203497,-0.0351464783342682));
#5041=CARTESIAN_POINT('',(0.0147330473243617,-0.000783578463459,-0.0343632678065936));
#5042=CARTESIAN_POINT('',(0.0147584680748538,1.96310842317431E-7,-0.0340381999012317));
#5043=CARTESIAN_POINT('',(0.0147330803762219,0.000782777484159646,-0.0343630200655344));
#5044=CARTESIAN_POINT('',(0.0147499999999998,-2.6226550136316E-9,-0.0341465145795092));
#5045=CARTESIAN_POINT('',(-0.00819240891864799,-2.62265501712349E-9,-0.0351453408815861));
#5046=MECHANICAL_DESIGN_GEOMETRIC_PRESENTATION_REPRESENTATION('',(#2683),
#5049);
#5047=MECHANICAL_DESIGN_GEOMETRIC_PRESENTATION_REPRESENTATION('',(#2684),
#5050);
#5048=MECHANICAL_DESIGN_GEOMETRIC_PRESENTATION_REPRESENTATION('',(#2685),
#5051);
#5049=(
GEOMETRIC_REPRESENTATION_CONTEXT(3)
GLOBAL_UNCERTAINTY_ASSIGNED_CONTEXT((#5052))
GLOBAL_UNIT_ASSIGNED_CONTEXT((#5061,#5058,#5055))
REPRESENTATION_CONTEXT('Y Axis','TOP_LEVEL_ASSEMBLY_PART')
);
#5050=(
GEOMETRIC_REPRESENTATION_CONTEXT(3)
GLOBAL_UNCERTAINTY_ASSIGNED_CONTEXT((#5053))
GLOBAL_UNIT_ASSIGNED_CONTEXT((#5062,#5059,#5056))
REPRESENTATION_CONTEXT('X Axis','TOP_LEVEL_ASSEMBLY_PART')
);
#5051=(
GEOMETRIC_REPRESENTATION_CONTEXT(3)
GLOBAL_UNCERTAINTY_ASSIGNED_CONTEXT((#5054))
GLOBAL_UNIT_ASSIGNED_CONTEXT((#5063,#5060,#5057))
REPRESENTATION_CONTEXT('Motor Mount','TOP_LEVEL_ASSEMBLY_PART')
);
#5052=UNCERTAINTY_MEASURE_WITH_UNIT(LENGTH_MEASURE(2.E-5),#5061,
'DISTANCE_ACCURACY_VALUE','Maximum Tolerance applied to model');
#5053=UNCERTAINTY_MEASURE_WITH_UNIT(LENGTH_MEASURE(2.E-5),#5062,
'DISTANCE_ACCURACY_VALUE','Maximum Tolerance applied to model');
#5054=UNCERTAINTY_MEASURE_WITH_UNIT(LENGTH_MEASURE(2.E-5),#5063,
'DISTANCE_ACCURACY_VALUE','Maximum Tolerance applied to model');
#5055=(
NAMED_UNIT(*)
SI_UNIT($,.STERADIAN.)
SOLID_ANGLE_UNIT()
);
#5056=(
NAMED_UNIT(*)
SI_UNIT($,.STERADIAN.)
SOLID_ANGLE_UNIT()
);
#5057=(
NAMED_UNIT(*)
SI_UNIT($,.STERADIAN.)
SOLID_ANGLE_UNIT()
);
#5058=(
NAMED_UNIT(*)
PLANE_ANGLE_UNIT()
SI_UNIT($,.RADIAN.)
);
#5059=(
NAMED_UNIT(*)
PLANE_ANGLE_UNIT()
SI_UNIT($,.RADIAN.)
);
#5060=(
NAMED_UNIT(*)
PLANE_ANGLE_UNIT()
SI_UNIT($,.RADIAN.)
);
#5061=(
LENGTH_UNIT()
NAMED_UNIT(*)
SI_UNIT($,.METRE.)
);
#5062=(
LENGTH_UNIT()
NAMED_UNIT(*)
SI_UNIT($,.METRE.)
);
#5063=(
LENGTH_UNIT()
NAMED_UNIT(*)
SI_UNIT($,.METRE.)
);
#5064=PRODUCT_DEFINITION_SHAPE('','',#5067);
#5065=PRODUCT_DEFINITION_SHAPE('','',#5068);
#5066=PRODUCT_DEFINITION_SHAPE('','',#5069);
#5067=PRODUCT_DEFINITION('','',#5073,#5070);
#5068=PRODUCT_DEFINITION('','',#5074,#5071);
#5069=PRODUCT_DEFINITION('','',#5075,#5072);
#5070=PRODUCT_DEFINITION_CONTEXT('',#5091,'design');
#5071=PRODUCT_DEFINITION_CONTEXT('',#5092,'design');
#5072=PRODUCT_DEFINITION_CONTEXT('',#5093,'design');
#5073=PRODUCT_DEFINITION_FORMATION_WITH_SPECIFIED_SOURCE('','',#5079,
 .NOT_KNOWN.);
#5074=PRODUCT_DEFINITION_FORMATION_WITH_SPECIFIED_SOURCE('','',#5080,
 .NOT_KNOWN.);
#5075=PRODUCT_DEFINITION_FORMATION_WITH_SPECIFIED_SOURCE('','',#5081,
 .NOT_KNOWN.);
#5076=PRODUCT_RELATED_PRODUCT_CATEGORY('','',(#5079));
#5077=PRODUCT_RELATED_PRODUCT_CATEGORY('','',(#5080));
#5078=PRODUCT_RELATED_PRODUCT_CATEGORY('','',(#5081));
#5079=PRODUCT('Y Axis','Y Axis','Y Axis',(#5085));
#5080=PRODUCT('X Axis','X Axis','X Axis',(#5086));
#5081=PRODUCT('Motor Mount','Motor Mount','Motor Mount',(#5087));
#5082=PRODUCT_CATEGORY('','');
#5083=PRODUCT_CATEGORY('','');
#5084=PRODUCT_CATEGORY('','');
#5085=PRODUCT_CONTEXT('',#5091,'mechanical');
#5086=PRODUCT_CONTEXT('',#5092,'mechanical');
#5087=PRODUCT_CONTEXT('',#5093,'mechanical');
#5088=APPLICATION_PROTOCOL_DEFINITION('international standard',
'ap242_managed_model_based_3d_engineering',2020,#5091);
#5089=APPLICATION_PROTOCOL_DEFINITION('international standard',
'ap242_managed_model_based_3d_engineering',2020,#5092);
#5090=APPLICATION_PROTOCOL_DEFINITION('international standard',
'ap242_managed_model_based_3d_engineering',2020,#5093);
#5091=APPLICATION_CONTEXT('managed model based 3d engineering');
#5092=APPLICATION_CONTEXT('managed model based 3d engineering');
#5093=APPLICATION_CONTEXT('managed model based 3d engineering');
ENDSEC;
END-ISO-10303-21;
