ISO-10303-21;
HEADER;
/* Generated by software containing ST-Developer
 * from STEP Tools, Inc. (www.steptools.com) 
 */
/* OPTION: using custom renumber hook */

FILE_DESCRIPTION(
/* description */ ('STEP AP242 Edition 2',
'CAx-IF Rec.Pracs.---Representation and Presentation of Product Manufa
cturing Information (PMI)---4.0---2014-10-13',
'CAx-IF Rec.Pracs.---3D Tessellated Geometry---0.4---2014-09-14','2;1',
'CAx-IF Rec.Pracs.---User Defined Attributes---1.5---2016-08-15'),
/* implementation_level */ '2;1');

FILE_NAME(
/* name */ 'Polairs Rocket (Up) - Landing Mount',
/* time_stamp */ '2026-08-25T13:49:20Z',
/* author */ (''),
/* organization */ (''),
/* preprocessor_version */ 'ST-DEVELOPER v20',
/* originating_system */ 'ONSHAPE BY PTC INC, 1.219',
/* authorisation */ '  ');

FILE_SCHEMA (('AP242_MANAGED_MODEL_BASED_3D_ENGINEERING_MIM_LF { 1 0 10303 442 3 1 4 }'));
ENDSEC;

DATA;
#10=SHAPE_REPRESENTATION_RELATIONSHIP('','',#3753,#11);
#11=ADVANCED_BREP_SHAPE_REPRESENTATION('',(#3751),#6260);
#12=B_SPLINE_CURVE_WITH_KNOTS('',3,(#5324,#5325,#5326,#5327,#5328,#5329,
#5330,#5331,#5332,#5333,#5334),.UNSPECIFIED.,.T.,.F.,(1,1,1,1,1,1,1,1,1,
1,1,1,1,1,1),(-0.00369306910817596,-0.00246204607211731,-0.00123102303605865,
3.15460559873711E-18,0.00123102303605866,0.00246204607211732,0.00369306910817597,
0.00492409214423463,0.00615511518029328,0.00738613821635194,0.0086171612524106,
0.00984818428846925,0.0110792073245279,0.0123102303605866,0.0135412533966452),
 .UNSPECIFIED.);
#13=B_SPLINE_CURVE_WITH_KNOTS('',3,(#5336,#5337,#5338,#5339,#5340,#5341,
#5342,#5343,#5344,#5345,#5346),.UNSPECIFIED.,.T.,.F.,(1,1,1,1,1,1,1,1,1,
1,1,1,1,1,1),(-0.00369306910817583,-0.00246204607211722,-0.00123102303605861,
2.69181855576821E-18,0.00123102303605861,0.00246204607211722,0.00369306910817583,
0.00492409214423444,0.00615511518029305,0.00738613821635166,0.00861716125241027,
0.00984818428846888,0.0110792073245275,0.0123102303605861,0.0135412533966447),
 .UNSPECIFIED.);
#14=B_SPLINE_CURVE_WITH_KNOTS('',3,(#5348,#5349,#5350,#5351,#5352,#5353,
#5354,#5355,#5356,#5357,#5358),.UNSPECIFIED.,.T.,.F.,(1,1,1,1,1,1,1,1,1,
1,1,1,1,1,1),(-0.00369306910817554,-0.00246204607211702,-0.00123102303605851,
3.05462177322893E-18,0.00123102303605852,0.00246204607211703,0.00369306910817554,
0.00492409214423406,0.00615511518029257,0.00738613821635108,0.0086171612524096,
0.00984818428846811,0.0110792073245266,0.0123102303605851,0.0135412533966436),
 .UNSPECIFIED.);
#15=PLANE('',#3786);
#16=PLANE('',#3808);
#17=PLANE('',#3809);
#18=PLANE('',#3812);
#19=PLANE('',#3813);
#20=PLANE('',#3816);
#21=PLANE('',#3817);
#22=PLANE('',#3818);
#23=PLANE('',#3820);
#24=PLANE('',#3822);
#25=PLANE('',#3824);
#26=PLANE('',#3826);
#27=PLANE('',#3828);
#28=PLANE('',#3830);
#29=PLANE('',#3831);
#30=PLANE('',#3833);
#31=PLANE('',#3834);
#32=PLANE('',#3835);
#33=PLANE('',#3837);
#34=PLANE('',#3838);
#35=PLANE('',#3839);
#36=PLANE('',#3841);
#37=PLANE('',#3842);
#38=PLANE('',#3843);
#39=PLANE('',#3845);
#40=PLANE('',#3846);
#41=PLANE('',#3847);
#42=PLANE('',#3849);
#43=PLANE('',#3850);
#44=PLANE('',#3851);
#45=PLANE('',#3853);
#46=PLANE('',#3854);
#47=PLANE('',#3855);
#48=PLANE('',#3858);
#49=PLANE('',#3861);
#50=PLANE('',#3864);
#51=PLANE('',#3865);
#52=PLANE('',#3866);
#53=PLANE('',#3867);
#54=PLANE('',#3868);
#55=PLANE('',#3869);
#56=PLANE('',#3870);
#57=PLANE('',#3871);
#58=PLANE('',#3872);
#59=PLANE('',#3873);
#60=PLANE('',#3874);
#61=PLANE('',#3875);
#62=PLANE('',#3876);
#63=PLANE('',#3905);
#64=PLANE('',#3906);
#65=PLANE('',#3907);
#66=PLANE('',#3908);
#67=PLANE('',#3909);
#68=PLANE('',#3910);
#69=PLANE('',#3911);
#70=PLANE('',#3912);
#71=PLANE('',#3913);
#72=PLANE('',#3914);
#73=PLANE('',#3915);
#74=PLANE('',#3916);
#75=PLANE('',#3917);
#76=PLANE('',#3918);
#77=PLANE('',#3928);
#78=PLANE('',#3930);
#79=PLANE('',#3931);
#80=PLANE('',#3933);
#81=PLANE('',#3934);
#82=PLANE('',#3936);
#83=PLANE('',#3937);
#84=PLANE('',#3939);
#85=PLANE('',#3940);
#86=PLANE('',#3942);
#87=PLANE('',#3943);
#88=PLANE('',#3945);
#89=PLANE('',#3946);
#90=PLANE('',#3948);
#91=PLANE('',#3950);
#92=PLANE('',#3951);
#93=PLANE('',#3954);
#94=PLANE('',#3957);
#95=PLANE('',#3960);
#96=PLANE('',#3963);
#97=PLANE('',#3966);
#98=PLANE('',#3970);
#99=PLANE('',#3974);
#100=PLANE('',#3977);
#101=PLANE('',#3978);
#102=PLANE('',#3979);
#103=PLANE('',#3980);
#104=PLANE('',#3981);
#105=PLANE('',#3982);
#106=PLANE('',#3983);
#107=PLANE('',#3984);
#108=PLANE('',#3985);
#109=PLANE('',#3986);
#110=PLANE('',#3987);
#111=PLANE('',#3988);
#112=PLANE('',#3989);
#113=PLANE('',#3990);
#114=PLANE('',#3991);
#115=PLANE('',#3992);
#116=PLANE('',#3993);
#117=PLANE('',#3994);
#118=PLANE('',#3995);
#119=PLANE('',#3996);
#120=PLANE('',#3997);
#121=PLANE('',#3998);
#122=PLANE('',#3999);
#123=PLANE('',#4000);
#124=PLANE('',#4003);
#125=PLANE('',#4006);
#126=PLANE('',#4009);
#127=PLANE('',#4012);
#128=PLANE('',#4013);
#129=PLANE('',#4016);
#130=PLANE('',#4019);
#131=PLANE('',#4022);
#132=PLANE('',#4023);
#133=PLANE('',#4026);
#134=PLANE('',#4029);
#135=PLANE('',#4032);
#136=PLANE('',#4033);
#137=PLANE('',#4036);
#138=PLANE('',#4039);
#139=PLANE('',#4042);
#140=PLANE('',#4043);
#141=PLANE('',#4046);
#142=PLANE('',#4049);
#143=PLANE('',#4052);
#144=PLANE('',#4053);
#145=PLANE('',#4056);
#146=PLANE('',#4065);
#147=PLANE('',#4066);
#148=PLANE('',#4067);
#149=PLANE('',#4068);
#150=PLANE('',#4075);
#151=PLANE('',#4076);
#152=PLANE('',#4077);
#153=PLANE('',#4080);
#154=PLANE('',#4081);
#155=PLANE('',#4082);
#156=PLANE('',#4083);
#157=PLANE('',#4086);
#158=PLANE('',#4087);
#159=PLANE('',#4090);
#160=PLANE('',#4091);
#161=PLANE('',#4092);
#162=PLANE('',#4093);
#163=PLANE('',#4094);
#164=PLANE('',#4095);
#165=PLANE('',#4096);
#166=PLANE('',#4097);
#167=PLANE('',#4098);
#168=ELLIPSE('',#3758,0.0396060321905388,0.0396);
#169=ELLIPSE('',#3774,0.0405061692857781,0.0405);
#170=ELLIPSE('',#3779,0.0405061692857781,0.0405);
#171=ELLIPSE('',#3789,0.0397560550397451,0.03975);
#172=ELLIPSE('',#3793,0.0397560550397451,0.03975);
#173=ELLIPSE('',#3924,0.00157523991666916,0.001575);
#174=ELLIPSE('',#4078,2.32059688419118,0.0405);
#175=ELLIPSE('',#4079,2.32059688419118,0.0405);
#176=CIRCLE('',#3756,0.0396);
#177=CIRCLE('',#3757,0.0396);
#178=CIRCLE('',#3760,0.0405);
#179=CIRCLE('',#3761,0.0405);
#180=CIRCLE('',#3762,0.0405);
#181=CIRCLE('',#3763,0.0405);
#182=CIRCLE('',#3764,0.0405);
#183=CIRCLE('',#3765,0.0405);
#184=CIRCLE('',#3766,0.0405);
#185=CIRCLE('',#3767,0.0405);
#186=CIRCLE('',#3768,0.0405);
#187=CIRCLE('',#3769,0.0405);
#188=CIRCLE('',#3770,0.0405);
#189=CIRCLE('',#3771,0.0405);
#190=CIRCLE('',#3772,0.0405);
#191=CIRCLE('',#3773,0.0405);
#192=CIRCLE('',#3775,0.0405);
#193=CIRCLE('',#3776,0.0405);
#194=CIRCLE('',#3777,0.0405);
#195=CIRCLE('',#3778,0.0405);
#196=CIRCLE('',#3780,0.0405);
#197=CIRCLE('',#3781,0.0405);
#198=CIRCLE('',#3782,0.0405);
#199=CIRCLE('',#3783,0.0405);
#200=CIRCLE('',#3784,0.0405);
#201=CIRCLE('',#3785,0.0405);
#202=CIRCLE('',#3787,0.03975);
#203=CIRCLE('',#3790,0.03975);
#204=CIRCLE('',#3791,0.03975);
#205=CIRCLE('',#3792,0.03975);
#206=CIRCLE('',#3794,0.03975);
#207=CIRCLE('',#3795,0.03975);
#208=CIRCLE('',#3796,0.03975);
#209=CIRCLE('',#3797,0.03975);
#210=CIRCLE('',#3798,0.03975);
#211=CIRCLE('',#3799,0.03975);
#212=CIRCLE('',#3800,0.03975);
#213=CIRCLE('',#3801,0.03975);
#214=CIRCLE('',#3802,0.03975);
#215=CIRCLE('',#3803,0.03975);
#216=CIRCLE('',#3804,0.03975);
#217=CIRCLE('',#3805,0.03975);
#218=CIRCLE('',#3806,0.03975);
#219=CIRCLE('',#3807,0.03975);
#220=CIRCLE('',#3810,0.00323695688491807);
#221=CIRCLE('',#3811,0.00323695688491813);
#222=CIRCLE('',#3814,0.00323695688491796);
#223=CIRCLE('',#3815,0.0032369568849176);
#224=CIRCLE('',#3819,0.0396);
#225=CIRCLE('',#3821,0.0396);
#226=CIRCLE('',#3823,0.0396);
#227=CIRCLE('',#3825,0.0396);
#228=CIRCLE('',#3827,0.0396);
#229=CIRCLE('',#3829,0.0396);
#230=CIRCLE('',#3832,0.0396);
#231=CIRCLE('',#3836,0.0396);
#232=CIRCLE('',#3840,0.0396);
#233=CIRCLE('',#3844,0.0396);
#234=CIRCLE('',#3848,0.0396);
#235=CIRCLE('',#3852,0.0396);
#236=CIRCLE('',#3856,0.0024);
#237=CIRCLE('',#3857,0.00635);
#238=CIRCLE('',#3859,0.00635);
#239=CIRCLE('',#3860,0.0024);
#240=CIRCLE('',#3878,0.00323695688491794);
#241=CIRCLE('',#3879,0.00323695688491794);
#242=CIRCLE('',#3880,0.00323695688491794);
#243=CIRCLE('',#3882,0.00323695688491804);
#244=CIRCLE('',#3883,0.00323695688491804);
#245=CIRCLE('',#3884,0.00323695688491804);
#246=CIRCLE('',#3886,0.0032369568849176);
#247=CIRCLE('',#3887,0.0032369568849176);
#248=CIRCLE('',#3889,0.00323695688491796);
#249=CIRCLE('',#3890,0.00323695688491796);
#250=CIRCLE('',#3892,0.00323695688491813);
#251=CIRCLE('',#3893,0.00323695688491813);
#252=CIRCLE('',#3895,0.00323695688491807);
#253=CIRCLE('',#3896,0.00323695688491807);
#254=CIRCLE('',#3898,0.00323695688491812);
#255=CIRCLE('',#3899,0.00323695688491812);
#256=CIRCLE('',#3900,0.00323695688491812);
#257=CIRCLE('',#3902,0.0032369568849178);
#258=CIRCLE('',#3903,0.0032369568849178);
#259=CIRCLE('',#3904,0.0032369568849178);
#260=CIRCLE('',#3920,0.001575);
#261=CIRCLE('',#3922,0.001575);
#262=CIRCLE('',#3925,0.001575);
#263=CIRCLE('',#3927,0.001575);
#264=CIRCLE('',#3929,0.00235);
#265=CIRCLE('',#3932,0.00235000000000005);
#266=CIRCLE('',#3935,0.00235);
#267=CIRCLE('',#3938,0.00235000000000005);
#268=CIRCLE('',#3941,0.00235000000000005);
#269=CIRCLE('',#3944,0.00235000000000005);
#270=CIRCLE('',#3947,0.00235);
#271=CIRCLE('',#3949,0.00235);
#272=CIRCLE('',#3953,0.00235000000000005);
#273=CIRCLE('',#3956,0.00235);
#274=CIRCLE('',#3959,0.00235000000000005);
#275=CIRCLE('',#3962,0.00235000000000005);
#276=CIRCLE('',#3965,0.00235);
#277=CIRCLE('',#3968,0.00235);
#278=CIRCLE('',#3969,0.00235);
#279=CIRCLE('',#3972,0.00235000000000005);
#280=CIRCLE('',#3973,0.00235000000000005);
#281=CIRCLE('',#3976,0.00235);
#282=CIRCLE('',#4001,0.00635);
#283=CIRCLE('',#4002,0.0024);
#284=CIRCLE('',#4004,0.00635);
#285=CIRCLE('',#4005,0.0024);
#286=CIRCLE('',#4010,0.00635);
#287=CIRCLE('',#4011,0.0024);
#288=CIRCLE('',#4014,0.00635);
#289=CIRCLE('',#4015,0.0024);
#290=CIRCLE('',#4020,0.00635);
#291=CIRCLE('',#4021,0.0024);
#292=CIRCLE('',#4024,0.00635);
#293=CIRCLE('',#4025,0.0024);
#294=CIRCLE('',#4030,0.00635);
#295=CIRCLE('',#4031,0.0024);
#296=CIRCLE('',#4034,0.00635);
#297=CIRCLE('',#4035,0.0024);
#298=CIRCLE('',#4040,0.00635);
#299=CIRCLE('',#4041,0.0024);
#300=CIRCLE('',#4044,0.00635);
#301=CIRCLE('',#4045,0.0024);
#302=CIRCLE('',#4050,0.00635);
#303=CIRCLE('',#4051,0.0024);
#304=CIRCLE('',#4054,0.00635);
#305=CIRCLE('',#4055,0.0024);
#306=CIRCLE('',#4060,0.00635);
#307=CIRCLE('',#4061,0.00635);
#308=CIRCLE('',#4063,0.0024);
#309=CIRCLE('',#4064,0.0024);
#310=CIRCLE('',#4084,0.0405);
#311=CIRCLE('',#4089,0.0405);
#312=ORIENTED_EDGE('',*,*,#1342,.F.);
#313=ORIENTED_EDGE('',*,*,#1343,.F.);
#314=ORIENTED_EDGE('',*,*,#1344,.T.);
#315=ORIENTED_EDGE('',*,*,#1345,.T.);
#316=ORIENTED_EDGE('',*,*,#1346,.T.);
#317=ORIENTED_EDGE('',*,*,#1347,.T.);
#318=ORIENTED_EDGE('',*,*,#1348,.T.);
#319=ORIENTED_EDGE('',*,*,#1349,.F.);
#320=ORIENTED_EDGE('',*,*,#1350,.T.);
#321=ORIENTED_EDGE('',*,*,#1351,.T.);
#322=ORIENTED_EDGE('',*,*,#1352,.T.);
#323=ORIENTED_EDGE('',*,*,#1353,.T.);
#324=ORIENTED_EDGE('',*,*,#1354,.F.);
#325=ORIENTED_EDGE('',*,*,#1355,.T.);
#326=ORIENTED_EDGE('',*,*,#1356,.T.);
#327=ORIENTED_EDGE('',*,*,#1357,.T.);
#328=ORIENTED_EDGE('',*,*,#1358,.F.);
#329=ORIENTED_EDGE('',*,*,#1359,.T.);
#330=ORIENTED_EDGE('',*,*,#1360,.T.);
#331=ORIENTED_EDGE('',*,*,#1361,.T.);
#332=ORIENTED_EDGE('',*,*,#1362,.T.);
#333=ORIENTED_EDGE('',*,*,#1363,.T.);
#334=ORIENTED_EDGE('',*,*,#1364,.T.);
#335=ORIENTED_EDGE('',*,*,#1365,.T.);
#336=ORIENTED_EDGE('',*,*,#1366,.T.);
#337=ORIENTED_EDGE('',*,*,#1367,.T.);
#338=ORIENTED_EDGE('',*,*,#1368,.T.);
#339=ORIENTED_EDGE('',*,*,#1369,.T.);
#340=ORIENTED_EDGE('',*,*,#1370,.F.);
#341=ORIENTED_EDGE('',*,*,#1371,.T.);
#342=ORIENTED_EDGE('',*,*,#1372,.T.);
#343=ORIENTED_EDGE('',*,*,#1373,.T.);
#344=ORIENTED_EDGE('',*,*,#1374,.F.);
#345=ORIENTED_EDGE('',*,*,#1375,.T.);
#346=ORIENTED_EDGE('',*,*,#1376,.T.);
#347=ORIENTED_EDGE('',*,*,#1377,.F.);
#348=ORIENTED_EDGE('',*,*,#1378,.T.);
#349=ORIENTED_EDGE('',*,*,#1379,.T.);
#350=ORIENTED_EDGE('',*,*,#1380,.T.);
#351=ORIENTED_EDGE('',*,*,#1381,.F.);
#352=ORIENTED_EDGE('',*,*,#1382,.T.);
#353=ORIENTED_EDGE('',*,*,#1383,.T.);
#354=ORIENTED_EDGE('',*,*,#1384,.T.);
#355=ORIENTED_EDGE('',*,*,#1385,.T.);
#356=ORIENTED_EDGE('',*,*,#1386,.T.);
#357=ORIENTED_EDGE('',*,*,#1387,.T.);
#358=ORIENTED_EDGE('',*,*,#1388,.T.);
#359=ORIENTED_EDGE('',*,*,#1389,.T.);
#360=ORIENTED_EDGE('',*,*,#1390,.T.);
#361=ORIENTED_EDGE('',*,*,#1391,.T.);
#362=ORIENTED_EDGE('',*,*,#1392,.T.);
#363=ORIENTED_EDGE('',*,*,#1393,.F.);
#364=ORIENTED_EDGE('',*,*,#1394,.T.);
#365=ORIENTED_EDGE('',*,*,#1395,.T.);
#366=ORIENTED_EDGE('',*,*,#1396,.F.);
#367=ORIENTED_EDGE('',*,*,#1397,.F.);
#368=ORIENTED_EDGE('',*,*,#1398,.T.);
#369=ORIENTED_EDGE('',*,*,#1396,.T.);
#370=ORIENTED_EDGE('',*,*,#1399,.F.);
#371=ORIENTED_EDGE('',*,*,#1400,.F.);
#372=ORIENTED_EDGE('',*,*,#1401,.T.);
#373=ORIENTED_EDGE('',*,*,#1402,.F.);
#374=ORIENTED_EDGE('',*,*,#1403,.F.);
#375=ORIENTED_EDGE('',*,*,#1404,.F.);
#376=ORIENTED_EDGE('',*,*,#1405,.T.);
#377=ORIENTED_EDGE('',*,*,#1397,.T.);
#378=ORIENTED_EDGE('',*,*,#1406,.F.);
#379=ORIENTED_EDGE('',*,*,#1407,.F.);
#380=ORIENTED_EDGE('',*,*,#1408,.T.);
#381=ORIENTED_EDGE('',*,*,#1409,.T.);
#382=ORIENTED_EDGE('',*,*,#1410,.F.);
#383=ORIENTED_EDGE('',*,*,#1411,.F.);
#384=ORIENTED_EDGE('',*,*,#1412,.F.);
#385=ORIENTED_EDGE('',*,*,#1413,.F.);
#386=ORIENTED_EDGE('',*,*,#1414,.F.);
#387=ORIENTED_EDGE('',*,*,#1415,.F.);
#388=ORIENTED_EDGE('',*,*,#1416,.T.);
#389=ORIENTED_EDGE('',*,*,#1417,.F.);
#390=ORIENTED_EDGE('',*,*,#1418,.F.);
#391=ORIENTED_EDGE('',*,*,#1419,.F.);
#392=ORIENTED_EDGE('',*,*,#1420,.F.);
#393=ORIENTED_EDGE('',*,*,#1421,.F.);
#394=ORIENTED_EDGE('',*,*,#1422,.F.);
#395=ORIENTED_EDGE('',*,*,#1423,.F.);
#396=ORIENTED_EDGE('',*,*,#1424,.F.);
#397=ORIENTED_EDGE('',*,*,#1425,.F.);
#398=ORIENTED_EDGE('',*,*,#1426,.F.);
#399=ORIENTED_EDGE('',*,*,#1427,.T.);
#400=ORIENTED_EDGE('',*,*,#1428,.F.);
#401=ORIENTED_EDGE('',*,*,#1429,.T.);
#402=ORIENTED_EDGE('',*,*,#1430,.F.);
#403=ORIENTED_EDGE('',*,*,#1431,.F.);
#404=ORIENTED_EDGE('',*,*,#1432,.F.);
#405=ORIENTED_EDGE('',*,*,#1433,.F.);
#406=ORIENTED_EDGE('',*,*,#1434,.F.);
#407=ORIENTED_EDGE('',*,*,#1435,.F.);
#408=ORIENTED_EDGE('',*,*,#1436,.F.);
#409=ORIENTED_EDGE('',*,*,#1437,.T.);
#410=ORIENTED_EDGE('',*,*,#1438,.F.);
#411=ORIENTED_EDGE('',*,*,#1439,.F.);
#412=ORIENTED_EDGE('',*,*,#1440,.T.);
#413=ORIENTED_EDGE('',*,*,#1400,.T.);
#414=ORIENTED_EDGE('',*,*,#1441,.F.);
#415=ORIENTED_EDGE('',*,*,#1387,.F.);
#416=ORIENTED_EDGE('',*,*,#1442,.F.);
#417=ORIENTED_EDGE('',*,*,#1443,.F.);
#418=ORIENTED_EDGE('',*,*,#1444,.T.);
#419=ORIENTED_EDGE('',*,*,#1378,.F.);
#420=ORIENTED_EDGE('',*,*,#1445,.T.);
#421=ORIENTED_EDGE('',*,*,#1347,.F.);
#422=ORIENTED_EDGE('',*,*,#1446,.F.);
#423=ORIENTED_EDGE('',*,*,#1447,.T.);
#424=ORIENTED_EDGE('',*,*,#1448,.F.);
#425=ORIENTED_EDGE('',*,*,#1392,.F.);
#426=ORIENTED_EDGE('',*,*,#1449,.F.);
#427=ORIENTED_EDGE('',*,*,#1450,.T.);
#428=ORIENTED_EDGE('',*,*,#1451,.F.);
#429=ORIENTED_EDGE('',*,*,#1452,.F.);
#430=ORIENTED_EDGE('',*,*,#1453,.T.);
#431=ORIENTED_EDGE('',*,*,#1454,.F.);
#432=ORIENTED_EDGE('',*,*,#1455,.T.);
#433=ORIENTED_EDGE('',*,*,#1456,.F.);
#434=ORIENTED_EDGE('',*,*,#1457,.F.);
#435=ORIENTED_EDGE('',*,*,#1458,.F.);
#436=ORIENTED_EDGE('',*,*,#1459,.F.);
#437=ORIENTED_EDGE('',*,*,#1460,.F.);
#438=ORIENTED_EDGE('',*,*,#1461,.T.);
#439=ORIENTED_EDGE('',*,*,#1462,.T.);
#440=ORIENTED_EDGE('',*,*,#1463,.F.);
#441=ORIENTED_EDGE('',*,*,#1464,.T.);
#442=ORIENTED_EDGE('',*,*,#1465,.T.);
#443=ORIENTED_EDGE('',*,*,#1466,.T.);
#444=ORIENTED_EDGE('',*,*,#1467,.F.);
#445=ORIENTED_EDGE('',*,*,#1459,.T.);
#446=ORIENTED_EDGE('',*,*,#1468,.F.);
#447=ORIENTED_EDGE('',*,*,#1469,.T.);
#448=ORIENTED_EDGE('',*,*,#1470,.T.);
#449=ORIENTED_EDGE('',*,*,#1471,.T.);
#450=ORIENTED_EDGE('',*,*,#1472,.F.);
#451=ORIENTED_EDGE('',*,*,#1473,.F.);
#452=ORIENTED_EDGE('',*,*,#1474,.T.);
#453=ORIENTED_EDGE('',*,*,#1475,.T.);
#454=ORIENTED_EDGE('',*,*,#1476,.F.);
#455=ORIENTED_EDGE('',*,*,#1471,.F.);
#456=ORIENTED_EDGE('',*,*,#1477,.T.);
#457=ORIENTED_EDGE('',*,*,#1478,.F.);
#458=ORIENTED_EDGE('',*,*,#1479,.F.);
#459=ORIENTED_EDGE('',*,*,#1480,.F.);
#460=ORIENTED_EDGE('',*,*,#1481,.F.);
#461=ORIENTED_EDGE('',*,*,#1482,.F.);
#462=ORIENTED_EDGE('',*,*,#1483,.F.);
#463=ORIENTED_EDGE('',*,*,#1484,.F.);
#464=ORIENTED_EDGE('',*,*,#1485,.F.);
#465=ORIENTED_EDGE('',*,*,#1486,.T.);
#466=ORIENTED_EDGE('',*,*,#1389,.F.);
#467=ORIENTED_EDGE('',*,*,#1487,.T.);
#468=ORIENTED_EDGE('',*,*,#1488,.T.);
#469=ORIENTED_EDGE('',*,*,#1382,.F.);
#470=ORIENTED_EDGE('',*,*,#1489,.T.);
#471=ORIENTED_EDGE('',*,*,#1464,.F.);
#472=ORIENTED_EDGE('',*,*,#1490,.F.);
#473=ORIENTED_EDGE('',*,*,#1407,.T.);
#474=ORIENTED_EDGE('',*,*,#1491,.T.);
#475=ORIENTED_EDGE('',*,*,#1394,.F.);
#476=ORIENTED_EDGE('',*,*,#1492,.F.);
#477=ORIENTED_EDGE('',*,*,#1493,.T.);
#478=ORIENTED_EDGE('',*,*,#1438,.T.);
#479=ORIENTED_EDGE('',*,*,#1494,.F.);
#480=ORIENTED_EDGE('',*,*,#1495,.F.);
#481=ORIENTED_EDGE('',*,*,#1496,.T.);
#482=ORIENTED_EDGE('',*,*,#1411,.T.);
#483=ORIENTED_EDGE('',*,*,#1497,.F.);
#484=ORIENTED_EDGE('',*,*,#1498,.F.);
#485=ORIENTED_EDGE('',*,*,#1499,.T.);
#486=ORIENTED_EDGE('',*,*,#1432,.T.);
#487=ORIENTED_EDGE('',*,*,#1500,.F.);
#488=ORIENTED_EDGE('',*,*,#1501,.F.);
#489=ORIENTED_EDGE('',*,*,#1502,.T.);
#490=ORIENTED_EDGE('',*,*,#1417,.T.);
#491=ORIENTED_EDGE('',*,*,#1503,.F.);
#492=ORIENTED_EDGE('',*,*,#1504,.F.);
#493=ORIENTED_EDGE('',*,*,#1505,.T.);
#494=ORIENTED_EDGE('',*,*,#1430,.T.);
#495=ORIENTED_EDGE('',*,*,#1506,.F.);
#496=ORIENTED_EDGE('',*,*,#1507,.F.);
#497=ORIENTED_EDGE('',*,*,#1508,.T.);
#498=ORIENTED_EDGE('',*,*,#1419,.T.);
#499=ORIENTED_EDGE('',*,*,#1509,.F.);
#500=ORIENTED_EDGE('',*,*,#1345,.F.);
#501=ORIENTED_EDGE('',*,*,#1510,.T.);
#502=ORIENTED_EDGE('',*,*,#1402,.T.);
#503=ORIENTED_EDGE('',*,*,#1511,.F.);
#504=ORIENTED_EDGE('',*,*,#1512,.F.);
#505=ORIENTED_EDGE('',*,*,#1513,.T.);
#506=ORIENTED_EDGE('',*,*,#1514,.T.);
#507=ORIENTED_EDGE('',*,*,#1436,.T.);
#508=ORIENTED_EDGE('',*,*,#1493,.F.);
#509=ORIENTED_EDGE('',*,*,#1515,.T.);
#510=ORIENTED_EDGE('',*,*,#1512,.T.);
#511=ORIENTED_EDGE('',*,*,#1439,.T.);
#512=ORIENTED_EDGE('',*,*,#1516,.F.);
#513=ORIENTED_EDGE('',*,*,#1494,.T.);
#514=ORIENTED_EDGE('',*,*,#1437,.F.);
#515=ORIENTED_EDGE('',*,*,#1514,.F.);
#516=ORIENTED_EDGE('',*,*,#1517,.F.);
#517=ORIENTED_EDGE('',*,*,#1518,.T.);
#518=ORIENTED_EDGE('',*,*,#1519,.T.);
#519=ORIENTED_EDGE('',*,*,#1413,.T.);
#520=ORIENTED_EDGE('',*,*,#1519,.F.);
#521=ORIENTED_EDGE('',*,*,#1520,.T.);
#522=ORIENTED_EDGE('',*,*,#1497,.T.);
#523=ORIENTED_EDGE('',*,*,#1414,.T.);
#524=ORIENTED_EDGE('',*,*,#1496,.F.);
#525=ORIENTED_EDGE('',*,*,#1521,.T.);
#526=ORIENTED_EDGE('',*,*,#1517,.T.);
#527=ORIENTED_EDGE('',*,*,#1412,.T.);
#528=ORIENTED_EDGE('',*,*,#1522,.F.);
#529=ORIENTED_EDGE('',*,*,#1523,.T.);
#530=ORIENTED_EDGE('',*,*,#1524,.T.);
#531=ORIENTED_EDGE('',*,*,#1434,.T.);
#532=ORIENTED_EDGE('',*,*,#1524,.F.);
#533=ORIENTED_EDGE('',*,*,#1525,.T.);
#534=ORIENTED_EDGE('',*,*,#1500,.T.);
#535=ORIENTED_EDGE('',*,*,#1435,.T.);
#536=ORIENTED_EDGE('',*,*,#1499,.F.);
#537=ORIENTED_EDGE('',*,*,#1526,.T.);
#538=ORIENTED_EDGE('',*,*,#1522,.T.);
#539=ORIENTED_EDGE('',*,*,#1433,.T.);
#540=ORIENTED_EDGE('',*,*,#1527,.F.);
#541=ORIENTED_EDGE('',*,*,#1528,.T.);
#542=ORIENTED_EDGE('',*,*,#1529,.T.);
#543=ORIENTED_EDGE('',*,*,#1415,.T.);
#544=ORIENTED_EDGE('',*,*,#1502,.F.);
#545=ORIENTED_EDGE('',*,*,#1530,.T.);
#546=ORIENTED_EDGE('',*,*,#1527,.T.);
#547=ORIENTED_EDGE('',*,*,#1418,.T.);
#548=ORIENTED_EDGE('',*,*,#1531,.F.);
#549=ORIENTED_EDGE('',*,*,#1503,.T.);
#550=ORIENTED_EDGE('',*,*,#1416,.F.);
#551=ORIENTED_EDGE('',*,*,#1529,.F.);
#552=ORIENTED_EDGE('',*,*,#1532,.F.);
#553=ORIENTED_EDGE('',*,*,#1533,.T.);
#554=ORIENTED_EDGE('',*,*,#1534,.T.);
#555=ORIENTED_EDGE('',*,*,#1428,.T.);
#556=ORIENTED_EDGE('',*,*,#1505,.F.);
#557=ORIENTED_EDGE('',*,*,#1535,.T.);
#558=ORIENTED_EDGE('',*,*,#1532,.T.);
#559=ORIENTED_EDGE('',*,*,#1431,.T.);
#560=ORIENTED_EDGE('',*,*,#1536,.F.);
#561=ORIENTED_EDGE('',*,*,#1506,.T.);
#562=ORIENTED_EDGE('',*,*,#1429,.F.);
#563=ORIENTED_EDGE('',*,*,#1534,.F.);
#564=ORIENTED_EDGE('',*,*,#1537,.F.);
#565=ORIENTED_EDGE('',*,*,#1538,.T.);
#566=ORIENTED_EDGE('',*,*,#1539,.T.);
#567=ORIENTED_EDGE('',*,*,#1421,.T.);
#568=ORIENTED_EDGE('',*,*,#1539,.F.);
#569=ORIENTED_EDGE('',*,*,#1540,.T.);
#570=ORIENTED_EDGE('',*,*,#1509,.T.);
#571=ORIENTED_EDGE('',*,*,#1422,.T.);
#572=ORIENTED_EDGE('',*,*,#1508,.F.);
#573=ORIENTED_EDGE('',*,*,#1541,.T.);
#574=ORIENTED_EDGE('',*,*,#1537,.T.);
#575=ORIENTED_EDGE('',*,*,#1420,.T.);
#576=ORIENTED_EDGE('',*,*,#1542,.T.);
#577=ORIENTED_EDGE('',*,*,#1543,.F.);
#578=ORIENTED_EDGE('',*,*,#1544,.F.);
#579=ORIENTED_EDGE('',*,*,#1545,.T.);
#580=ORIENTED_EDGE('',*,*,#1465,.F.);
#581=ORIENTED_EDGE('',*,*,#1489,.F.);
#582=ORIENTED_EDGE('',*,*,#1381,.T.);
#583=ORIENTED_EDGE('',*,*,#1546,.F.);
#584=ORIENTED_EDGE('',*,*,#1444,.F.);
#585=ORIENTED_EDGE('',*,*,#1547,.F.);
#586=ORIENTED_EDGE('',*,*,#1548,.F.);
#587=ORIENTED_EDGE('',*,*,#1549,.F.);
#588=ORIENTED_EDGE('',*,*,#1550,.T.);
#589=ORIENTED_EDGE('',*,*,#1446,.T.);
#590=ORIENTED_EDGE('',*,*,#1467,.T.);
#591=ORIENTED_EDGE('',*,*,#1551,.F.);
#592=ORIENTED_EDGE('',*,*,#1552,.T.);
#593=ORIENTED_EDGE('',*,*,#1553,.T.);
#594=ORIENTED_EDGE('',*,*,#1554,.T.);
#595=ORIENTED_EDGE('',*,*,#1379,.F.);
#596=ORIENTED_EDGE('',*,*,#1555,.F.);
#597=ORIENTED_EDGE('',*,*,#1556,.F.);
#598=ORIENTED_EDGE('',*,*,#1546,.T.);
#599=ORIENTED_EDGE('',*,*,#1380,.F.);
#600=ORIENTED_EDGE('',*,*,#1554,.F.);
#601=ORIENTED_EDGE('',*,*,#1543,.T.);
#602=ORIENTED_EDGE('',*,*,#1556,.T.);
#603=ORIENTED_EDGE('',*,*,#1553,.F.);
#604=ORIENTED_EDGE('',*,*,#1557,.F.);
#605=ORIENTED_EDGE('',*,*,#1555,.T.);
#606=ORIENTED_EDGE('',*,*,#1542,.F.);
#607=ORIENTED_EDGE('',*,*,#1440,.F.);
#608=ORIENTED_EDGE('',*,*,#1346,.F.);
#609=ORIENTED_EDGE('',*,*,#1511,.T.);
#610=ORIENTED_EDGE('',*,*,#1401,.F.);
#611=ORIENTED_EDGE('',*,*,#1558,.F.);
#612=ORIENTED_EDGE('',*,*,#1559,.T.);
#613=ORIENTED_EDGE('',*,*,#1560,.T.);
#614=ORIENTED_EDGE('',*,*,#1561,.F.);
#615=ORIENTED_EDGE('',*,*,#1562,.F.);
#616=ORIENTED_EDGE('',*,*,#1563,.T.);
#617=ORIENTED_EDGE('',*,*,#1564,.T.);
#618=ORIENTED_EDGE('',*,*,#1565,.F.);
#619=ORIENTED_EDGE('',*,*,#1566,.F.);
#620=ORIENTED_EDGE('',*,*,#1567,.T.);
#621=ORIENTED_EDGE('',*,*,#1478,.T.);
#622=ORIENTED_EDGE('',*,*,#1568,.F.);
#623=ORIENTED_EDGE('',*,*,#1569,.F.);
#624=ORIENTED_EDGE('',*,*,#1570,.T.);
#625=ORIENTED_EDGE('',*,*,#1451,.T.);
#626=ORIENTED_EDGE('',*,*,#1571,.F.);
#627=ORIENTED_EDGE('',*,*,#1572,.F.);
#628=ORIENTED_EDGE('',*,*,#1573,.T.);
#629=ORIENTED_EDGE('',*,*,#1574,.T.);
#630=ORIENTED_EDGE('',*,*,#1575,.F.);
#631=ORIENTED_EDGE('',*,*,#1576,.F.);
#632=ORIENTED_EDGE('',*,*,#1577,.T.);
#633=ORIENTED_EDGE('',*,*,#1578,.T.);
#634=ORIENTED_EDGE('',*,*,#1579,.F.);
#635=ORIENTED_EDGE('',*,*,#1580,.F.);
#636=ORIENTED_EDGE('',*,*,#1581,.T.);
#637=ORIENTED_EDGE('',*,*,#1484,.T.);
#638=ORIENTED_EDGE('',*,*,#1582,.F.);
#639=ORIENTED_EDGE('',*,*,#1583,.F.);
#640=ORIENTED_EDGE('',*,*,#1584,.T.);
#641=ORIENTED_EDGE('',*,*,#1585,.T.);
#642=ORIENTED_EDGE('',*,*,#1586,.F.);
#643=ORIENTED_EDGE('',*,*,#1587,.F.);
#644=ORIENTED_EDGE('',*,*,#1588,.T.);
#645=ORIENTED_EDGE('',*,*,#1457,.T.);
#646=ORIENTED_EDGE('',*,*,#1589,.F.);
#647=ORIENTED_EDGE('',*,*,#1590,.F.);
#648=ORIENTED_EDGE('',*,*,#1591,.T.);
#649=ORIENTED_EDGE('',*,*,#1592,.T.);
#650=ORIENTED_EDGE('',*,*,#1593,.F.);
#651=ORIENTED_EDGE('',*,*,#1594,.F.);
#652=ORIENTED_EDGE('',*,*,#1595,.T.);
#653=ORIENTED_EDGE('',*,*,#1596,.T.);
#654=ORIENTED_EDGE('',*,*,#1597,.F.);
#655=ORIENTED_EDGE('',*,*,#1598,.F.);
#656=ORIENTED_EDGE('',*,*,#1599,.T.);
#657=ORIENTED_EDGE('',*,*,#1600,.T.);
#658=ORIENTED_EDGE('',*,*,#1601,.F.);
#659=ORIENTED_EDGE('',*,*,#1602,.F.);
#660=ORIENTED_EDGE('',*,*,#1558,.T.);
#661=ORIENTED_EDGE('',*,*,#1603,.T.);
#662=ORIENTED_EDGE('',*,*,#1604,.F.);
#663=ORIENTED_EDGE('',*,*,#1605,.T.);
#664=ORIENTED_EDGE('',*,*,#1578,.F.);
#665=ORIENTED_EDGE('',*,*,#1606,.F.);
#666=ORIENTED_EDGE('',*,*,#1576,.T.);
#667=ORIENTED_EDGE('',*,*,#1607,.T.);
#668=ORIENTED_EDGE('',*,*,#1608,.T.);
#669=ORIENTED_EDGE('',*,*,#1609,.T.);
#670=ORIENTED_EDGE('',*,*,#1563,.F.);
#671=ORIENTED_EDGE('',*,*,#1610,.F.);
#672=ORIENTED_EDGE('',*,*,#1582,.T.);
#673=ORIENTED_EDGE('',*,*,#1483,.T.);
#674=ORIENTED_EDGE('',*,*,#1611,.F.);
#675=ORIENTED_EDGE('',*,*,#1612,.T.);
#676=ORIENTED_EDGE('',*,*,#1584,.F.);
#677=ORIENTED_EDGE('',*,*,#1613,.F.);
#678=ORIENTED_EDGE('',*,*,#1586,.T.);
#679=ORIENTED_EDGE('',*,*,#1614,.T.);
#680=ORIENTED_EDGE('',*,*,#1615,.T.);
#681=ORIENTED_EDGE('',*,*,#1479,.T.);
#682=ORIENTED_EDGE('',*,*,#1567,.F.);
#683=ORIENTED_EDGE('',*,*,#1616,.F.);
#684=ORIENTED_EDGE('',*,*,#1589,.T.);
#685=ORIENTED_EDGE('',*,*,#1456,.T.);
#686=ORIENTED_EDGE('',*,*,#1617,.F.);
#687=ORIENTED_EDGE('',*,*,#1618,.T.);
#688=ORIENTED_EDGE('',*,*,#1591,.F.);
#689=ORIENTED_EDGE('',*,*,#1619,.F.);
#690=ORIENTED_EDGE('',*,*,#1593,.T.);
#691=ORIENTED_EDGE('',*,*,#1620,.T.);
#692=ORIENTED_EDGE('',*,*,#1621,.T.);
#693=ORIENTED_EDGE('',*,*,#1452,.T.);
#694=ORIENTED_EDGE('',*,*,#1570,.F.);
#695=ORIENTED_EDGE('',*,*,#1622,.F.);
#696=ORIENTED_EDGE('',*,*,#1597,.T.);
#697=ORIENTED_EDGE('',*,*,#1623,.T.);
#698=ORIENTED_EDGE('',*,*,#1624,.F.);
#699=ORIENTED_EDGE('',*,*,#1625,.T.);
#700=ORIENTED_EDGE('',*,*,#1600,.F.);
#701=ORIENTED_EDGE('',*,*,#1626,.F.);
#702=ORIENTED_EDGE('',*,*,#1598,.T.);
#703=ORIENTED_EDGE('',*,*,#1627,.T.);
#704=ORIENTED_EDGE('',*,*,#1628,.T.);
#705=ORIENTED_EDGE('',*,*,#1629,.T.);
#706=ORIENTED_EDGE('',*,*,#1574,.F.);
#707=ORIENTED_EDGE('',*,*,#1630,.T.);
#708=ORIENTED_EDGE('',*,*,#1631,.T.);
#709=ORIENTED_EDGE('',*,*,#1632,.T.);
#710=ORIENTED_EDGE('',*,*,#1560,.F.);
#711=ORIENTED_EDGE('',*,*,#1633,.T.);
#712=ORIENTED_EDGE('',*,*,#1634,.T.);
#713=ORIENTED_EDGE('',*,*,#1635,.F.);
#714=ORIENTED_EDGE('',*,*,#1636,.F.);
#715=ORIENTED_EDGE('',*,*,#1631,.F.);
#716=ORIENTED_EDGE('',*,*,#1637,.F.);
#717=ORIENTED_EDGE('',*,*,#1638,.T.);
#718=ORIENTED_EDGE('',*,*,#1639,.F.);
#719=ORIENTED_EDGE('',*,*,#1640,.F.);
#720=ORIENTED_EDGE('',*,*,#1641,.T.);
#721=ORIENTED_EDGE('',*,*,#1572,.T.);
#722=ORIENTED_EDGE('',*,*,#1642,.T.);
#723=ORIENTED_EDGE('',*,*,#1638,.F.);
#724=ORIENTED_EDGE('',*,*,#1643,.F.);
#725=ORIENTED_EDGE('',*,*,#1644,.T.);
#726=ORIENTED_EDGE('',*,*,#1645,.T.);
#727=ORIENTED_EDGE('',*,*,#1646,.F.);
#728=ORIENTED_EDGE('',*,*,#1647,.T.);
#729=ORIENTED_EDGE('',*,*,#1648,.T.);
#730=ORIENTED_EDGE('',*,*,#1449,.T.);
#731=ORIENTED_EDGE('',*,*,#1649,.T.);
#732=ORIENTED_EDGE('',*,*,#1650,.F.);
#733=ORIENTED_EDGE('',*,*,#1648,.F.);
#734=ORIENTED_EDGE('',*,*,#1651,.F.);
#735=ORIENTED_EDGE('',*,*,#1571,.T.);
#736=ORIENTED_EDGE('',*,*,#1450,.F.);
#737=ORIENTED_EDGE('',*,*,#1652,.T.);
#738=ORIENTED_EDGE('',*,*,#1650,.T.);
#739=ORIENTED_EDGE('',*,*,#1653,.T.);
#740=ORIENTED_EDGE('',*,*,#1595,.F.);
#741=ORIENTED_EDGE('',*,*,#1654,.T.);
#742=ORIENTED_EDGE('',*,*,#1655,.T.);
#743=ORIENTED_EDGE('',*,*,#1485,.T.);
#744=ORIENTED_EDGE('',*,*,#1581,.F.);
#745=ORIENTED_EDGE('',*,*,#1656,.T.);
#746=ORIENTED_EDGE('',*,*,#1657,.T.);
#747=ORIENTED_EDGE('',*,*,#1658,.F.);
#748=ORIENTED_EDGE('',*,*,#1659,.F.);
#749=ORIENTED_EDGE('',*,*,#1655,.F.);
#750=ORIENTED_EDGE('',*,*,#1660,.F.);
#751=ORIENTED_EDGE('',*,*,#1661,.T.);
#752=ORIENTED_EDGE('',*,*,#1662,.F.);
#753=ORIENTED_EDGE('',*,*,#1486,.F.);
#754=ORIENTED_EDGE('',*,*,#1661,.F.);
#755=ORIENTED_EDGE('',*,*,#1663,.F.);
#756=ORIENTED_EDGE('',*,*,#1565,.T.);
#757=ORIENTED_EDGE('',*,*,#1664,.F.);
#758=ORIENTED_EDGE('',*,*,#1470,.F.);
#759=ORIENTED_EDGE('',*,*,#1665,.F.);
#760=ORIENTED_EDGE('',*,*,#1568,.T.);
#761=ORIENTED_EDGE('',*,*,#1477,.F.);
#762=ORIENTED_EDGE('',*,*,#1666,.T.);
#763=ORIENTED_EDGE('',*,*,#1468,.T.);
#764=ORIENTED_EDGE('',*,*,#1458,.T.);
#765=ORIENTED_EDGE('',*,*,#1588,.F.);
#766=ORIENTED_EDGE('',*,*,#1475,.F.);
#767=ORIENTED_EDGE('',*,*,#1667,.T.);
#768=ORIENTED_EDGE('',*,*,#1383,.F.);
#769=ORIENTED_EDGE('',*,*,#1390,.F.);
#770=ORIENTED_EDGE('',*,*,#1662,.T.);
#771=ORIENTED_EDGE('',*,*,#1664,.T.);
#772=ORIENTED_EDGE('',*,*,#1564,.F.);
#773=ORIENTED_EDGE('',*,*,#1609,.F.);
#774=ORIENTED_EDGE('',*,*,#1668,.T.);
#775=ORIENTED_EDGE('',*,*,#1669,.F.);
#776=ORIENTED_EDGE('',*,*,#1670,.F.);
#777=ORIENTED_EDGE('',*,*,#1603,.F.);
#778=ORIENTED_EDGE('',*,*,#1561,.T.);
#779=ORIENTED_EDGE('',*,*,#1632,.F.);
#780=ORIENTED_EDGE('',*,*,#1640,.T.);
#781=ORIENTED_EDGE('',*,*,#1391,.F.);
#782=ORIENTED_EDGE('',*,*,#1639,.T.);
#783=ORIENTED_EDGE('',*,*,#1642,.F.);
#784=ORIENTED_EDGE('',*,*,#1575,.T.);
#785=ORIENTED_EDGE('',*,*,#1629,.F.);
#786=ORIENTED_EDGE('',*,*,#1671,.T.);
#787=ORIENTED_EDGE('',*,*,#1672,.T.);
#788=ORIENTED_EDGE('',*,*,#1673,.F.);
#789=ORIENTED_EDGE('',*,*,#1623,.F.);
#790=ORIENTED_EDGE('',*,*,#1596,.F.);
#791=ORIENTED_EDGE('',*,*,#1653,.F.);
#792=ORIENTED_EDGE('',*,*,#1649,.F.);
#793=ORIENTED_EDGE('',*,*,#1424,.T.);
#794=ORIENTED_EDGE('',*,*,#1674,.T.);
#795=ORIENTED_EDGE('',*,*,#1425,.T.);
#796=ORIENTED_EDGE('',*,*,#1675,.T.);
#797=ORIENTED_EDGE('',*,*,#1676,.T.);
#798=ORIENTED_EDGE('',*,*,#1677,.T.);
#799=ORIENTED_EDGE('',*,*,#1426,.T.);
#800=ORIENTED_EDGE('',*,*,#1678,.T.);
#801=ORIENTED_EDGE('',*,*,#1679,.F.);
#802=ORIENTED_EDGE('',*,*,#1482,.T.);
#803=ORIENTED_EDGE('',*,*,#1680,.F.);
#804=ORIENTED_EDGE('',*,*,#1681,.F.);
#805=ORIENTED_EDGE('',*,*,#1611,.T.);
#806=ORIENTED_EDGE('',*,*,#1481,.T.);
#807=ORIENTED_EDGE('',*,*,#1682,.F.);
#808=ORIENTED_EDGE('',*,*,#1683,.F.);
#809=ORIENTED_EDGE('',*,*,#1680,.T.);
#810=ORIENTED_EDGE('',*,*,#1684,.F.);
#811=ORIENTED_EDGE('',*,*,#1480,.T.);
#812=ORIENTED_EDGE('',*,*,#1615,.F.);
#813=ORIENTED_EDGE('',*,*,#1685,.F.);
#814=ORIENTED_EDGE('',*,*,#1682,.T.);
#815=ORIENTED_EDGE('',*,*,#1612,.F.);
#816=ORIENTED_EDGE('',*,*,#1681,.T.);
#817=ORIENTED_EDGE('',*,*,#1683,.T.);
#818=ORIENTED_EDGE('',*,*,#1685,.T.);
#819=ORIENTED_EDGE('',*,*,#1614,.F.);
#820=ORIENTED_EDGE('',*,*,#1585,.F.);
#821=ORIENTED_EDGE('',*,*,#1686,.F.);
#822=ORIENTED_EDGE('',*,*,#1670,.T.);
#823=ORIENTED_EDGE('',*,*,#1687,.F.);
#824=ORIENTED_EDGE('',*,*,#1688,.F.);
#825=ORIENTED_EDGE('',*,*,#1604,.T.);
#826=ORIENTED_EDGE('',*,*,#1669,.T.);
#827=ORIENTED_EDGE('',*,*,#1689,.F.);
#828=ORIENTED_EDGE('',*,*,#1690,.F.);
#829=ORIENTED_EDGE('',*,*,#1687,.T.);
#830=ORIENTED_EDGE('',*,*,#1691,.F.);
#831=ORIENTED_EDGE('',*,*,#1668,.F.);
#832=ORIENTED_EDGE('',*,*,#1608,.F.);
#833=ORIENTED_EDGE('',*,*,#1692,.T.);
#834=ORIENTED_EDGE('',*,*,#1689,.T.);
#835=ORIENTED_EDGE('',*,*,#1579,.T.);
#836=ORIENTED_EDGE('',*,*,#1605,.F.);
#837=ORIENTED_EDGE('',*,*,#1688,.T.);
#838=ORIENTED_EDGE('',*,*,#1690,.T.);
#839=ORIENTED_EDGE('',*,*,#1692,.F.);
#840=ORIENTED_EDGE('',*,*,#1607,.F.);
#841=ORIENTED_EDGE('',*,*,#1693,.F.);
#842=ORIENTED_EDGE('',*,*,#1673,.T.);
#843=ORIENTED_EDGE('',*,*,#1694,.F.);
#844=ORIENTED_EDGE('',*,*,#1695,.F.);
#845=ORIENTED_EDGE('',*,*,#1624,.T.);
#846=ORIENTED_EDGE('',*,*,#1672,.F.);
#847=ORIENTED_EDGE('',*,*,#1696,.F.);
#848=ORIENTED_EDGE('',*,*,#1697,.T.);
#849=ORIENTED_EDGE('',*,*,#1694,.T.);
#850=ORIENTED_EDGE('',*,*,#1698,.F.);
#851=ORIENTED_EDGE('',*,*,#1671,.F.);
#852=ORIENTED_EDGE('',*,*,#1628,.F.);
#853=ORIENTED_EDGE('',*,*,#1699,.T.);
#854=ORIENTED_EDGE('',*,*,#1696,.T.);
#855=ORIENTED_EDGE('',*,*,#1601,.T.);
#856=ORIENTED_EDGE('',*,*,#1625,.F.);
#857=ORIENTED_EDGE('',*,*,#1695,.T.);
#858=ORIENTED_EDGE('',*,*,#1697,.F.);
#859=ORIENTED_EDGE('',*,*,#1699,.F.);
#860=ORIENTED_EDGE('',*,*,#1627,.F.);
#861=ORIENTED_EDGE('',*,*,#1700,.F.);
#862=ORIENTED_EDGE('',*,*,#1453,.F.);
#863=ORIENTED_EDGE('',*,*,#1621,.F.);
#864=ORIENTED_EDGE('',*,*,#1701,.T.);
#865=ORIENTED_EDGE('',*,*,#1702,.T.);
#866=ORIENTED_EDGE('',*,*,#1703,.F.);
#867=ORIENTED_EDGE('',*,*,#1455,.F.);
#868=ORIENTED_EDGE('',*,*,#1704,.F.);
#869=ORIENTED_EDGE('',*,*,#1705,.T.);
#870=ORIENTED_EDGE('',*,*,#1617,.T.);
#871=ORIENTED_EDGE('',*,*,#1454,.T.);
#872=ORIENTED_EDGE('',*,*,#1702,.F.);
#873=ORIENTED_EDGE('',*,*,#1706,.F.);
#874=ORIENTED_EDGE('',*,*,#1704,.T.);
#875=ORIENTED_EDGE('',*,*,#1701,.F.);
#876=ORIENTED_EDGE('',*,*,#1620,.F.);
#877=ORIENTED_EDGE('',*,*,#1592,.F.);
#878=ORIENTED_EDGE('',*,*,#1618,.F.);
#879=ORIENTED_EDGE('',*,*,#1705,.F.);
#880=ORIENTED_EDGE('',*,*,#1706,.T.);
#881=ORIENTED_EDGE('',*,*,#1707,.F.);
#882=ORIENTED_EDGE('',*,*,#1691,.T.);
#883=ORIENTED_EDGE('',*,*,#1707,.T.);
#884=ORIENTED_EDGE('',*,*,#1708,.F.);
#885=ORIENTED_EDGE('',*,*,#1686,.T.);
#886=ORIENTED_EDGE('',*,*,#1708,.T.);
#887=ORIENTED_EDGE('',*,*,#1709,.F.);
#888=ORIENTED_EDGE('',*,*,#1698,.T.);
#889=ORIENTED_EDGE('',*,*,#1709,.T.);
#890=ORIENTED_EDGE('',*,*,#1710,.F.);
#891=ORIENTED_EDGE('',*,*,#1693,.T.);
#892=ORIENTED_EDGE('',*,*,#1710,.T.);
#893=ORIENTED_EDGE('',*,*,#1711,.F.);
#894=ORIENTED_EDGE('',*,*,#1700,.T.);
#895=ORIENTED_EDGE('',*,*,#1711,.T.);
#896=ORIENTED_EDGE('',*,*,#1712,.F.);
#897=ORIENTED_EDGE('',*,*,#1713,.T.);
#898=ORIENTED_EDGE('',*,*,#1714,.F.);
#899=ORIENTED_EDGE('',*,*,#1715,.T.);
#900=ORIENTED_EDGE('',*,*,#1703,.T.);
#901=ORIENTED_EDGE('',*,*,#1716,.F.);
#902=ORIENTED_EDGE('',*,*,#1714,.T.);
#903=ORIENTED_EDGE('',*,*,#1717,.T.);
#904=ORIENTED_EDGE('',*,*,#1718,.T.);
#905=ORIENTED_EDGE('',*,*,#1719,.F.);
#906=ORIENTED_EDGE('',*,*,#1720,.T.);
#907=ORIENTED_EDGE('',*,*,#1684,.T.);
#908=ORIENTED_EDGE('',*,*,#1721,.F.);
#909=ORIENTED_EDGE('',*,*,#1719,.T.);
#910=ORIENTED_EDGE('',*,*,#1722,.F.);
#911=ORIENTED_EDGE('',*,*,#1679,.T.);
#912=ORIENTED_EDGE('',*,*,#1722,.T.);
#913=ORIENTED_EDGE('',*,*,#1461,.F.);
#914=ORIENTED_EDGE('',*,*,#1723,.F.);
#915=ORIENTED_EDGE('',*,*,#1724,.T.);
#916=ORIENTED_EDGE('',*,*,#1725,.T.);
#917=ORIENTED_EDGE('',*,*,#1460,.T.);
#918=ORIENTED_EDGE('',*,*,#1726,.F.);
#919=ORIENTED_EDGE('',*,*,#1727,.F.);
#920=ORIENTED_EDGE('',*,*,#1723,.T.);
#921=ORIENTED_EDGE('',*,*,#1463,.T.);
#922=ORIENTED_EDGE('',*,*,#1728,.F.);
#923=ORIENTED_EDGE('',*,*,#1729,.F.);
#924=ORIENTED_EDGE('',*,*,#1726,.T.);
#925=ORIENTED_EDGE('',*,*,#1462,.F.);
#926=ORIENTED_EDGE('',*,*,#1725,.F.);
#927=ORIENTED_EDGE('',*,*,#1730,.T.);
#928=ORIENTED_EDGE('',*,*,#1728,.T.);
#929=ORIENTED_EDGE('',*,*,#1677,.F.);
#930=ORIENTED_EDGE('',*,*,#1724,.F.);
#931=ORIENTED_EDGE('',*,*,#1727,.T.);
#932=ORIENTED_EDGE('',*,*,#1729,.T.);
#933=ORIENTED_EDGE('',*,*,#1730,.F.);
#934=ORIENTED_EDGE('',*,*,#1656,.F.);
#935=ORIENTED_EDGE('',*,*,#1731,.F.);
#936=ORIENTED_EDGE('',*,*,#1732,.T.);
#937=ORIENTED_EDGE('',*,*,#1733,.T.);
#938=ORIENTED_EDGE('',*,*,#1659,.T.);
#939=ORIENTED_EDGE('',*,*,#1734,.F.);
#940=ORIENTED_EDGE('',*,*,#1735,.F.);
#941=ORIENTED_EDGE('',*,*,#1731,.T.);
#942=ORIENTED_EDGE('',*,*,#1658,.T.);
#943=ORIENTED_EDGE('',*,*,#1736,.F.);
#944=ORIENTED_EDGE('',*,*,#1737,.F.);
#945=ORIENTED_EDGE('',*,*,#1734,.T.);
#946=ORIENTED_EDGE('',*,*,#1657,.F.);
#947=ORIENTED_EDGE('',*,*,#1733,.F.);
#948=ORIENTED_EDGE('',*,*,#1738,.T.);
#949=ORIENTED_EDGE('',*,*,#1736,.T.);
#950=ORIENTED_EDGE('',*,*,#1674,.F.);
#951=ORIENTED_EDGE('',*,*,#1732,.F.);
#952=ORIENTED_EDGE('',*,*,#1735,.T.);
#953=ORIENTED_EDGE('',*,*,#1737,.T.);
#954=ORIENTED_EDGE('',*,*,#1738,.F.);
#955=ORIENTED_EDGE('',*,*,#1633,.F.);
#956=ORIENTED_EDGE('',*,*,#1739,.F.);
#957=ORIENTED_EDGE('',*,*,#1740,.T.);
#958=ORIENTED_EDGE('',*,*,#1741,.T.);
#959=ORIENTED_EDGE('',*,*,#1636,.T.);
#960=ORIENTED_EDGE('',*,*,#1742,.F.);
#961=ORIENTED_EDGE('',*,*,#1743,.F.);
#962=ORIENTED_EDGE('',*,*,#1739,.T.);
#963=ORIENTED_EDGE('',*,*,#1635,.T.);
#964=ORIENTED_EDGE('',*,*,#1744,.F.);
#965=ORIENTED_EDGE('',*,*,#1745,.F.);
#966=ORIENTED_EDGE('',*,*,#1742,.T.);
#967=ORIENTED_EDGE('',*,*,#1634,.F.);
#968=ORIENTED_EDGE('',*,*,#1741,.F.);
#969=ORIENTED_EDGE('',*,*,#1746,.T.);
#970=ORIENTED_EDGE('',*,*,#1744,.T.);
#971=ORIENTED_EDGE('',*,*,#1678,.F.);
#972=ORIENTED_EDGE('',*,*,#1740,.F.);
#973=ORIENTED_EDGE('',*,*,#1743,.T.);
#974=ORIENTED_EDGE('',*,*,#1745,.T.);
#975=ORIENTED_EDGE('',*,*,#1746,.F.);
#976=ORIENTED_EDGE('',*,*,#1644,.F.);
#977=ORIENTED_EDGE('',*,*,#1747,.F.);
#978=ORIENTED_EDGE('',*,*,#1748,.T.);
#979=ORIENTED_EDGE('',*,*,#1749,.T.);
#980=ORIENTED_EDGE('',*,*,#1643,.T.);
#981=ORIENTED_EDGE('',*,*,#1750,.F.);
#982=ORIENTED_EDGE('',*,*,#1751,.F.);
#983=ORIENTED_EDGE('',*,*,#1747,.T.);
#984=ORIENTED_EDGE('',*,*,#1646,.T.);
#985=ORIENTED_EDGE('',*,*,#1752,.F.);
#986=ORIENTED_EDGE('',*,*,#1753,.F.);
#987=ORIENTED_EDGE('',*,*,#1750,.T.);
#988=ORIENTED_EDGE('',*,*,#1645,.F.);
#989=ORIENTED_EDGE('',*,*,#1749,.F.);
#990=ORIENTED_EDGE('',*,*,#1754,.T.);
#991=ORIENTED_EDGE('',*,*,#1752,.T.);
#992=ORIENTED_EDGE('',*,*,#1675,.F.);
#993=ORIENTED_EDGE('',*,*,#1748,.F.);
#994=ORIENTED_EDGE('',*,*,#1751,.T.);
#995=ORIENTED_EDGE('',*,*,#1753,.T.);
#996=ORIENTED_EDGE('',*,*,#1754,.F.);
#997=ORIENTED_EDGE('',*,*,#1349,.T.);
#998=ORIENTED_EDGE('',*,*,#1423,.T.);
#999=ORIENTED_EDGE('',*,*,#1427,.F.);
#1000=ORIENTED_EDGE('',*,*,#1566,.T.);
#1001=ORIENTED_EDGE('',*,*,#1665,.T.);
#1002=ORIENTED_EDGE('',*,*,#1469,.F.);
#1003=ORIENTED_EDGE('',*,*,#1666,.F.);
#1004=ORIENTED_EDGE('',*,*,#1587,.T.);
#1005=ORIENTED_EDGE('',*,*,#1616,.T.);
#1006=ORIENTED_EDGE('',*,*,#1590,.T.);
#1007=ORIENTED_EDGE('',*,*,#1619,.T.);
#1008=ORIENTED_EDGE('',*,*,#1569,.T.);
#1009=ORIENTED_EDGE('',*,*,#1651,.T.);
#1010=ORIENTED_EDGE('',*,*,#1647,.F.);
#1011=ORIENTED_EDGE('',*,*,#1652,.F.);
#1012=ORIENTED_EDGE('',*,*,#1594,.T.);
#1013=ORIENTED_EDGE('',*,*,#1622,.T.);
#1014=ORIENTED_EDGE('',*,*,#1599,.F.);
#1015=ORIENTED_EDGE('',*,*,#1626,.T.);
#1016=ORIENTED_EDGE('',*,*,#1573,.F.);
#1017=ORIENTED_EDGE('',*,*,#1641,.F.);
#1018=ORIENTED_EDGE('',*,*,#1637,.T.);
#1019=ORIENTED_EDGE('',*,*,#1630,.F.);
#1020=ORIENTED_EDGE('',*,*,#1559,.F.);
#1021=ORIENTED_EDGE('',*,*,#1602,.T.);
#1022=ORIENTED_EDGE('',*,*,#1577,.F.);
#1023=ORIENTED_EDGE('',*,*,#1606,.T.);
#1024=ORIENTED_EDGE('',*,*,#1562,.T.);
#1025=ORIENTED_EDGE('',*,*,#1663,.T.);
#1026=ORIENTED_EDGE('',*,*,#1660,.T.);
#1027=ORIENTED_EDGE('',*,*,#1654,.F.);
#1028=ORIENTED_EDGE('',*,*,#1580,.T.);
#1029=ORIENTED_EDGE('',*,*,#1610,.T.);
#1030=ORIENTED_EDGE('',*,*,#1583,.T.);
#1031=ORIENTED_EDGE('',*,*,#1613,.T.);
#1032=ORIENTED_EDGE('',*,*,#1384,.F.);
#1033=ORIENTED_EDGE('',*,*,#1667,.F.);
#1034=ORIENTED_EDGE('',*,*,#1474,.F.);
#1035=ORIENTED_EDGE('',*,*,#1755,.T.);
#1036=ORIENTED_EDGE('',*,*,#1756,.T.);
#1037=ORIENTED_EDGE('',*,*,#1757,.T.);
#1038=ORIENTED_EDGE('',*,*,#1758,.F.);
#1039=ORIENTED_EDGE('',*,*,#1759,.F.);
#1040=ORIENTED_EDGE('',*,*,#1760,.T.);
#1041=ORIENTED_EDGE('',*,*,#1442,.T.);
#1042=ORIENTED_EDGE('',*,*,#1386,.F.);
#1043=ORIENTED_EDGE('',*,*,#1761,.T.);
#1044=ORIENTED_EDGE('',*,*,#1762,.T.);
#1045=ORIENTED_EDGE('',*,*,#1763,.F.);
#1046=ORIENTED_EDGE('',*,*,#1764,.F.);
#1047=ORIENTED_EDGE('',*,*,#1472,.T.);
#1048=ORIENTED_EDGE('',*,*,#1476,.T.);
#1049=ORIENTED_EDGE('',*,*,#1765,.T.);
#1050=ORIENTED_EDGE('',*,*,#1766,.F.);
#1051=ORIENTED_EDGE('',*,*,#1767,.T.);
#1052=ORIENTED_EDGE('',*,*,#1768,.F.);
#1053=ORIENTED_EDGE('',*,*,#1385,.F.);
#1054=ORIENTED_EDGE('',*,*,#1758,.T.);
#1055=ORIENTED_EDGE('',*,*,#1769,.T.);
#1056=ORIENTED_EDGE('',*,*,#1761,.F.);
#1057=ORIENTED_EDGE('',*,*,#1757,.F.);
#1058=ORIENTED_EDGE('',*,*,#1770,.T.);
#1059=ORIENTED_EDGE('',*,*,#1762,.F.);
#1060=ORIENTED_EDGE('',*,*,#1769,.F.);
#1061=ORIENTED_EDGE('',*,*,#1759,.T.);
#1062=ORIENTED_EDGE('',*,*,#1768,.T.);
#1063=ORIENTED_EDGE('',*,*,#1350,.F.);
#1064=ORIENTED_EDGE('',*,*,#1771,.T.);
#1065=ORIENTED_EDGE('',*,*,#1772,.T.);
#1066=ORIENTED_EDGE('',*,*,#1773,.F.);
#1067=ORIENTED_EDGE('',*,*,#1774,.F.);
#1068=ORIENTED_EDGE('',*,*,#1353,.F.);
#1069=ORIENTED_EDGE('',*,*,#1775,.T.);
#1070=ORIENTED_EDGE('',*,*,#1776,.F.);
#1071=ORIENTED_EDGE('',*,*,#1771,.F.);
#1072=ORIENTED_EDGE('',*,*,#1352,.F.);
#1073=ORIENTED_EDGE('',*,*,#1777,.T.);
#1074=ORIENTED_EDGE('',*,*,#1778,.T.);
#1075=ORIENTED_EDGE('',*,*,#1775,.F.);
#1076=ORIENTED_EDGE('',*,*,#1779,.F.);
#1077=ORIENTED_EDGE('',*,*,#1351,.F.);
#1078=ORIENTED_EDGE('',*,*,#1773,.T.);
#1079=ORIENTED_EDGE('',*,*,#1780,.T.);
#1080=ORIENTED_EDGE('',*,*,#1777,.F.);
#1081=ORIENTED_EDGE('',*,*,#1772,.F.);
#1082=ORIENTED_EDGE('',*,*,#1776,.T.);
#1083=ORIENTED_EDGE('',*,*,#1778,.F.);
#1084=ORIENTED_EDGE('',*,*,#1780,.F.);
#1085=ORIENTED_EDGE('',*,*,#1774,.T.);
#1086=ORIENTED_EDGE('',*,*,#1779,.T.);
#1087=ORIENTED_EDGE('',*,*,#1781,.F.);
#1088=ORIENTED_EDGE('',*,*,#1354,.T.);
#1089=ORIENTED_EDGE('',*,*,#1782,.T.);
#1090=ORIENTED_EDGE('',*,*,#1783,.F.);
#1091=ORIENTED_EDGE('',*,*,#1784,.T.);
#1092=ORIENTED_EDGE('',*,*,#1357,.F.);
#1093=ORIENTED_EDGE('',*,*,#1785,.T.);
#1094=ORIENTED_EDGE('',*,*,#1786,.F.);
#1095=ORIENTED_EDGE('',*,*,#1782,.F.);
#1096=ORIENTED_EDGE('',*,*,#1356,.F.);
#1097=ORIENTED_EDGE('',*,*,#1787,.T.);
#1098=ORIENTED_EDGE('',*,*,#1788,.T.);
#1099=ORIENTED_EDGE('',*,*,#1785,.F.);
#1100=ORIENTED_EDGE('',*,*,#1789,.F.);
#1101=ORIENTED_EDGE('',*,*,#1355,.F.);
#1102=ORIENTED_EDGE('',*,*,#1781,.T.);
#1103=ORIENTED_EDGE('',*,*,#1790,.T.);
#1104=ORIENTED_EDGE('',*,*,#1787,.F.);
#1105=ORIENTED_EDGE('',*,*,#1783,.T.);
#1106=ORIENTED_EDGE('',*,*,#1786,.T.);
#1107=ORIENTED_EDGE('',*,*,#1788,.F.);
#1108=ORIENTED_EDGE('',*,*,#1790,.F.);
#1109=ORIENTED_EDGE('',*,*,#1789,.T.);
#1110=ORIENTED_EDGE('',*,*,#1784,.F.);
#1111=ORIENTED_EDGE('',*,*,#1791,.F.);
#1112=ORIENTED_EDGE('',*,*,#1358,.T.);
#1113=ORIENTED_EDGE('',*,*,#1792,.T.);
#1114=ORIENTED_EDGE('',*,*,#1793,.F.);
#1115=ORIENTED_EDGE('',*,*,#1794,.T.);
#1116=ORIENTED_EDGE('',*,*,#1361,.F.);
#1117=ORIENTED_EDGE('',*,*,#1795,.T.);
#1118=ORIENTED_EDGE('',*,*,#1796,.F.);
#1119=ORIENTED_EDGE('',*,*,#1792,.F.);
#1120=ORIENTED_EDGE('',*,*,#1360,.F.);
#1121=ORIENTED_EDGE('',*,*,#1797,.T.);
#1122=ORIENTED_EDGE('',*,*,#1798,.T.);
#1123=ORIENTED_EDGE('',*,*,#1795,.F.);
#1124=ORIENTED_EDGE('',*,*,#1799,.F.);
#1125=ORIENTED_EDGE('',*,*,#1359,.F.);
#1126=ORIENTED_EDGE('',*,*,#1791,.T.);
#1127=ORIENTED_EDGE('',*,*,#1800,.T.);
#1128=ORIENTED_EDGE('',*,*,#1797,.F.);
#1129=ORIENTED_EDGE('',*,*,#1793,.T.);
#1130=ORIENTED_EDGE('',*,*,#1796,.T.);
#1131=ORIENTED_EDGE('',*,*,#1798,.F.);
#1132=ORIENTED_EDGE('',*,*,#1800,.F.);
#1133=ORIENTED_EDGE('',*,*,#1799,.T.);
#1134=ORIENTED_EDGE('',*,*,#1794,.F.);
#1135=ORIENTED_EDGE('',*,*,#1362,.F.);
#1136=ORIENTED_EDGE('',*,*,#1801,.T.);
#1137=ORIENTED_EDGE('',*,*,#1802,.T.);
#1138=ORIENTED_EDGE('',*,*,#1803,.F.);
#1139=ORIENTED_EDGE('',*,*,#1804,.F.);
#1140=ORIENTED_EDGE('',*,*,#1365,.F.);
#1141=ORIENTED_EDGE('',*,*,#1805,.T.);
#1142=ORIENTED_EDGE('',*,*,#1806,.F.);
#1143=ORIENTED_EDGE('',*,*,#1801,.F.);
#1144=ORIENTED_EDGE('',*,*,#1364,.F.);
#1145=ORIENTED_EDGE('',*,*,#1807,.T.);
#1146=ORIENTED_EDGE('',*,*,#1808,.T.);
#1147=ORIENTED_EDGE('',*,*,#1805,.F.);
#1148=ORIENTED_EDGE('',*,*,#1809,.F.);
#1149=ORIENTED_EDGE('',*,*,#1363,.F.);
#1150=ORIENTED_EDGE('',*,*,#1803,.T.);
#1151=ORIENTED_EDGE('',*,*,#1810,.T.);
#1152=ORIENTED_EDGE('',*,*,#1807,.F.);
#1153=ORIENTED_EDGE('',*,*,#1802,.F.);
#1154=ORIENTED_EDGE('',*,*,#1806,.T.);
#1155=ORIENTED_EDGE('',*,*,#1808,.F.);
#1156=ORIENTED_EDGE('',*,*,#1810,.F.);
#1157=ORIENTED_EDGE('',*,*,#1804,.T.);
#1158=ORIENTED_EDGE('',*,*,#1809,.T.);
#1159=ORIENTED_EDGE('',*,*,#1366,.F.);
#1160=ORIENTED_EDGE('',*,*,#1811,.T.);
#1161=ORIENTED_EDGE('',*,*,#1812,.T.);
#1162=ORIENTED_EDGE('',*,*,#1813,.F.);
#1163=ORIENTED_EDGE('',*,*,#1814,.F.);
#1164=ORIENTED_EDGE('',*,*,#1369,.F.);
#1165=ORIENTED_EDGE('',*,*,#1815,.T.);
#1166=ORIENTED_EDGE('',*,*,#1816,.F.);
#1167=ORIENTED_EDGE('',*,*,#1811,.F.);
#1168=ORIENTED_EDGE('',*,*,#1368,.F.);
#1169=ORIENTED_EDGE('',*,*,#1817,.T.);
#1170=ORIENTED_EDGE('',*,*,#1818,.T.);
#1171=ORIENTED_EDGE('',*,*,#1815,.F.);
#1172=ORIENTED_EDGE('',*,*,#1819,.F.);
#1173=ORIENTED_EDGE('',*,*,#1367,.F.);
#1174=ORIENTED_EDGE('',*,*,#1813,.T.);
#1175=ORIENTED_EDGE('',*,*,#1820,.T.);
#1176=ORIENTED_EDGE('',*,*,#1817,.F.);
#1177=ORIENTED_EDGE('',*,*,#1812,.F.);
#1178=ORIENTED_EDGE('',*,*,#1816,.T.);
#1179=ORIENTED_EDGE('',*,*,#1818,.F.);
#1180=ORIENTED_EDGE('',*,*,#1820,.F.);
#1181=ORIENTED_EDGE('',*,*,#1814,.T.);
#1182=ORIENTED_EDGE('',*,*,#1819,.T.);
#1183=ORIENTED_EDGE('',*,*,#1821,.T.);
#1184=ORIENTED_EDGE('',*,*,#1822,.T.);
#1185=ORIENTED_EDGE('',*,*,#1823,.F.);
#1186=ORIENTED_EDGE('',*,*,#1824,.F.);
#1187=ORIENTED_EDGE('',*,*,#1825,.T.);
#1188=ORIENTED_EDGE('',*,*,#1826,.F.);
#1189=ORIENTED_EDGE('',*,*,#1826,.T.);
#1190=ORIENTED_EDGE('',*,*,#1827,.F.);
#1191=ORIENTED_EDGE('',*,*,#1370,.T.);
#1192=ORIENTED_EDGE('',*,*,#1828,.T.);
#1193=ORIENTED_EDGE('',*,*,#1821,.F.);
#1194=ORIENTED_EDGE('',*,*,#1373,.F.);
#1195=ORIENTED_EDGE('',*,*,#1829,.T.);
#1196=ORIENTED_EDGE('',*,*,#1822,.F.);
#1197=ORIENTED_EDGE('',*,*,#1828,.F.);
#1198=ORIENTED_EDGE('',*,*,#1825,.F.);
#1199=ORIENTED_EDGE('',*,*,#1372,.F.);
#1200=ORIENTED_EDGE('',*,*,#1830,.T.);
#1201=ORIENTED_EDGE('',*,*,#1823,.T.);
#1202=ORIENTED_EDGE('',*,*,#1829,.F.);
#1203=ORIENTED_EDGE('',*,*,#1371,.F.);
#1204=ORIENTED_EDGE('',*,*,#1827,.T.);
#1205=ORIENTED_EDGE('',*,*,#1824,.T.);
#1206=ORIENTED_EDGE('',*,*,#1830,.F.);
#1207=ORIENTED_EDGE('',*,*,#1538,.F.);
#1208=ORIENTED_EDGE('',*,*,#1541,.F.);
#1209=ORIENTED_EDGE('',*,*,#1507,.T.);
#1210=ORIENTED_EDGE('',*,*,#1540,.F.);
#1211=ORIENTED_EDGE('',*,*,#1504,.T.);
#1212=ORIENTED_EDGE('',*,*,#1536,.T.);
#1213=ORIENTED_EDGE('',*,*,#1533,.F.);
#1214=ORIENTED_EDGE('',*,*,#1535,.F.);
#1215=ORIENTED_EDGE('',*,*,#1501,.T.);
#1216=ORIENTED_EDGE('',*,*,#1531,.T.);
#1217=ORIENTED_EDGE('',*,*,#1528,.F.);
#1218=ORIENTED_EDGE('',*,*,#1530,.F.);
#1219=ORIENTED_EDGE('',*,*,#1523,.F.);
#1220=ORIENTED_EDGE('',*,*,#1526,.F.);
#1221=ORIENTED_EDGE('',*,*,#1498,.T.);
#1222=ORIENTED_EDGE('',*,*,#1525,.F.);
#1223=ORIENTED_EDGE('',*,*,#1518,.F.);
#1224=ORIENTED_EDGE('',*,*,#1521,.F.);
#1225=ORIENTED_EDGE('',*,*,#1495,.T.);
#1226=ORIENTED_EDGE('',*,*,#1520,.F.);
#1227=ORIENTED_EDGE('',*,*,#1492,.T.);
#1228=ORIENTED_EDGE('',*,*,#1516,.T.);
#1229=ORIENTED_EDGE('',*,*,#1513,.F.);
#1230=ORIENTED_EDGE('',*,*,#1515,.F.);
#1231=ORIENTED_EDGE('',*,*,#1406,.T.);
#1232=ORIENTED_EDGE('',*,*,#1399,.T.);
#1233=ORIENTED_EDGE('',*,*,#1395,.F.);
#1234=ORIENTED_EDGE('',*,*,#1491,.F.);
#1235=ORIENTED_EDGE('',*,*,#1410,.T.);
#1236=ORIENTED_EDGE('',*,*,#1831,.F.);
#1237=ORIENTED_EDGE('',*,*,#1832,.F.);
#1238=ORIENTED_EDGE('',*,*,#1717,.F.);
#1239=ORIENTED_EDGE('',*,*,#1833,.F.);
#1240=ORIENTED_EDGE('',*,*,#1487,.F.);
#1241=ORIENTED_EDGE('',*,*,#1388,.F.);
#1242=ORIENTED_EDGE('',*,*,#1441,.T.);
#1243=ORIENTED_EDGE('',*,*,#1834,.T.);
#1244=ORIENTED_EDGE('',*,*,#1835,.F.);
#1245=ORIENTED_EDGE('',*,*,#1836,.T.);
#1246=ORIENTED_EDGE('',*,*,#1547,.T.);
#1247=ORIENTED_EDGE('',*,*,#1443,.T.);
#1248=ORIENTED_EDGE('',*,*,#1760,.F.);
#1249=ORIENTED_EDGE('',*,*,#1837,.F.);
#1250=ORIENTED_EDGE('',*,*,#1838,.F.);
#1251=ORIENTED_EDGE('',*,*,#1839,.F.);
#1252=ORIENTED_EDGE('',*,*,#1765,.F.);
#1253=ORIENTED_EDGE('',*,*,#1488,.F.);
#1254=ORIENTED_EDGE('',*,*,#1833,.T.);
#1255=ORIENTED_EDGE('',*,*,#1720,.F.);
#1256=ORIENTED_EDGE('',*,*,#1721,.T.);
#1257=ORIENTED_EDGE('',*,*,#1718,.F.);
#1258=ORIENTED_EDGE('',*,*,#1832,.T.);
#1259=ORIENTED_EDGE('',*,*,#1840,.F.);
#1260=ORIENTED_EDGE('',*,*,#1841,.F.);
#1261=ORIENTED_EDGE('',*,*,#1715,.F.);
#1262=ORIENTED_EDGE('',*,*,#1716,.T.);
#1263=ORIENTED_EDGE('',*,*,#1713,.F.);
#1264=ORIENTED_EDGE('',*,*,#1842,.F.);
#1265=ORIENTED_EDGE('',*,*,#1447,.F.);
#1266=ORIENTED_EDGE('',*,*,#1550,.F.);
#1267=ORIENTED_EDGE('',*,*,#1676,.F.);
#1268=ORIENTED_EDGE('',*,*,#1712,.T.);
#1269=ORIENTED_EDGE('',*,*,#1841,.T.);
#1270=ORIENTED_EDGE('',*,*,#1843,.T.);
#1271=ORIENTED_EDGE('',*,*,#1408,.F.);
#1272=ORIENTED_EDGE('',*,*,#1490,.T.);
#1273=ORIENTED_EDGE('',*,*,#1393,.T.);
#1274=ORIENTED_EDGE('',*,*,#1448,.T.);
#1275=ORIENTED_EDGE('',*,*,#1842,.T.);
#1276=ORIENTED_EDGE('',*,*,#1843,.F.);
#1277=ORIENTED_EDGE('',*,*,#1840,.T.);
#1278=ORIENTED_EDGE('',*,*,#1831,.T.);
#1279=ORIENTED_EDGE('',*,*,#1409,.F.);
#1280=ORIENTED_EDGE('',*,*,#1755,.F.);
#1281=ORIENTED_EDGE('',*,*,#1473,.T.);
#1282=ORIENTED_EDGE('',*,*,#1764,.T.);
#1283=ORIENTED_EDGE('',*,*,#1844,.F.);
#1284=ORIENTED_EDGE('',*,*,#1766,.T.);
#1285=ORIENTED_EDGE('',*,*,#1839,.T.);
#1286=ORIENTED_EDGE('',*,*,#1845,.F.);
#1287=ORIENTED_EDGE('',*,*,#1846,.T.);
#1288=ORIENTED_EDGE('',*,*,#1845,.T.);
#1289=ORIENTED_EDGE('',*,*,#1838,.T.);
#1290=ORIENTED_EDGE('',*,*,#1847,.F.);
#1291=ORIENTED_EDGE('',*,*,#1837,.T.);
#1292=ORIENTED_EDGE('',*,*,#1767,.F.);
#1293=ORIENTED_EDGE('',*,*,#1846,.F.);
#1294=ORIENTED_EDGE('',*,*,#1847,.T.);
#1295=ORIENTED_EDGE('',*,*,#1770,.F.);
#1296=ORIENTED_EDGE('',*,*,#1756,.F.);
#1297=ORIENTED_EDGE('',*,*,#1844,.T.);
#1298=ORIENTED_EDGE('',*,*,#1763,.T.);
#1299=ORIENTED_EDGE('',*,*,#1848,.T.);
#1300=ORIENTED_EDGE('',*,*,#1835,.T.);
#1301=ORIENTED_EDGE('',*,*,#1849,.T.);
#1302=ORIENTED_EDGE('',*,*,#1466,.F.);
#1303=ORIENTED_EDGE('',*,*,#1545,.F.);
#1304=ORIENTED_EDGE('',*,*,#1850,.T.);
#1305=ORIENTED_EDGE('',*,*,#1551,.T.);
#1306=ORIENTED_EDGE('',*,*,#1834,.F.);
#1307=ORIENTED_EDGE('',*,*,#1549,.T.);
#1308=ORIENTED_EDGE('',*,*,#1851,.F.);
#1309=ORIENTED_EDGE('',*,*,#1849,.F.);
#1310=ORIENTED_EDGE('',*,*,#1836,.F.);
#1311=ORIENTED_EDGE('',*,*,#1848,.F.);
#1312=ORIENTED_EDGE('',*,*,#1851,.T.);
#1313=ORIENTED_EDGE('',*,*,#1548,.T.);
#1314=ORIENTED_EDGE('',*,*,#1557,.T.);
#1315=ORIENTED_EDGE('',*,*,#1552,.F.);
#1316=ORIENTED_EDGE('',*,*,#1850,.F.);
#1317=ORIENTED_EDGE('',*,*,#1544,.T.);
#1318=ORIENTED_EDGE('',*,*,#1852,.F.);
#1319=ORIENTED_EDGE('',*,*,#1853,.F.);
#1320=ORIENTED_EDGE('',*,*,#1348,.F.);
#1321=ORIENTED_EDGE('',*,*,#1445,.F.);
#1322=ORIENTED_EDGE('',*,*,#1377,.T.);
#1323=ORIENTED_EDGE('',*,*,#1854,.T.);
#1324=ORIENTED_EDGE('',*,*,#1404,.T.);
#1325=ORIENTED_EDGE('',*,*,#1855,.F.);
#1326=ORIENTED_EDGE('',*,*,#1343,.T.);
#1327=ORIENTED_EDGE('',*,*,#1856,.F.);
#1328=ORIENTED_EDGE('',*,*,#1375,.F.);
#1329=ORIENTED_EDGE('',*,*,#1374,.T.);
#1330=ORIENTED_EDGE('',*,*,#1398,.F.);
#1331=ORIENTED_EDGE('',*,*,#1405,.F.);
#1332=ORIENTED_EDGE('',*,*,#1854,.F.);
#1333=ORIENTED_EDGE('',*,*,#1852,.T.);
#1334=ORIENTED_EDGE('',*,*,#1376,.F.);
#1335=ORIENTED_EDGE('',*,*,#1856,.T.);
#1336=ORIENTED_EDGE('',*,*,#1342,.T.);
#1337=ORIENTED_EDGE('',*,*,#1853,.T.);
#1338=ORIENTED_EDGE('',*,*,#1855,.T.);
#1339=ORIENTED_EDGE('',*,*,#1403,.T.);
#1340=ORIENTED_EDGE('',*,*,#1510,.F.);
#1341=ORIENTED_EDGE('',*,*,#1344,.F.);
#1342=EDGE_CURVE('',#1857,#1858,#2213,.F.);
#1343=EDGE_CURVE('',#1859,#1857,#176,.F.);
#1344=EDGE_CURVE('',#1859,#1860,#2214,.T.);
#1345=EDGE_CURVE('',#1860,#1861,#177,.T.);
#1346=EDGE_CURVE('',#1861,#1862,#2215,.F.);
#1347=EDGE_CURVE('',#1862,#1863,#168,.F.);
#1348=EDGE_CURVE('',#1863,#1858,#2216,.T.);
#1349=EDGE_CURVE('',#1864,#1864,#178,.T.);
#1350=EDGE_CURVE('',#1865,#1866,#2217,.F.);
#1351=EDGE_CURVE('',#1866,#1867,#179,.F.);
#1352=EDGE_CURVE('',#1867,#1868,#2218,.T.);
#1353=EDGE_CURVE('',#1868,#1865,#180,.F.);
#1354=EDGE_CURVE('',#1869,#1870,#2219,.F.);
#1355=EDGE_CURVE('',#1869,#1871,#181,.F.);
#1356=EDGE_CURVE('',#1871,#1872,#2220,.F.);
#1357=EDGE_CURVE('',#1872,#1870,#182,.F.);
#1358=EDGE_CURVE('',#1873,#1874,#2221,.F.);
#1359=EDGE_CURVE('',#1873,#1875,#183,.F.);
#1360=EDGE_CURVE('',#1875,#1876,#2222,.F.);
#1361=EDGE_CURVE('',#1876,#1874,#184,.F.);
#1362=EDGE_CURVE('',#1877,#1878,#2223,.F.);
#1363=EDGE_CURVE('',#1878,#1879,#185,.F.);
#1364=EDGE_CURVE('',#1879,#1880,#2224,.T.);
#1365=EDGE_CURVE('',#1880,#1877,#186,.F.);
#1366=EDGE_CURVE('',#1881,#1882,#2225,.F.);
#1367=EDGE_CURVE('',#1882,#1883,#187,.F.);
#1368=EDGE_CURVE('',#1883,#1884,#2226,.T.);
#1369=EDGE_CURVE('',#1884,#1881,#188,.F.);
#1370=EDGE_CURVE('',#1885,#1886,#2227,.F.);
#1371=EDGE_CURVE('',#1885,#1887,#189,.F.);
#1372=EDGE_CURVE('',#1887,#1888,#2228,.F.);
#1373=EDGE_CURVE('',#1888,#1886,#190,.F.);
#1374=EDGE_CURVE('',#1889,#1890,#2229,.T.);
#1375=EDGE_CURVE('',#1889,#1891,#191,.T.);
#1376=EDGE_CURVE('',#1891,#1892,#2230,.T.);
#1377=EDGE_CURVE('',#1893,#1892,#2231,.F.);
#1378=EDGE_CURVE('',#1893,#1894,#169,.T.);
#1379=EDGE_CURVE('',#1894,#1895,#2232,.F.);
#1380=EDGE_CURVE('',#1895,#1896,#192,.F.);
#1381=EDGE_CURVE('',#1897,#1896,#2233,.F.);
#1382=EDGE_CURVE('',#1897,#1898,#193,.T.);
#1383=EDGE_CURVE('',#1898,#1899,#194,.T.);
#1384=EDGE_CURVE('',#1899,#1900,#2234,.F.);
#1385=EDGE_CURVE('',#1900,#1901,#195,.F.);
#1386=EDGE_CURVE('',#1901,#1902,#2235,.T.);
#1387=EDGE_CURVE('',#1902,#1903,#170,.T.);
#1388=EDGE_CURVE('',#1903,#1904,#2236,.T.);
#1389=EDGE_CURVE('',#1904,#1905,#196,.T.);
#1390=EDGE_CURVE('',#1905,#1906,#197,.T.);
#1391=EDGE_CURVE('',#1906,#1907,#198,.T.);
#1392=EDGE_CURVE('',#1907,#1908,#199,.T.);
#1393=EDGE_CURVE('',#1909,#1908,#2237,.T.);
#1394=EDGE_CURVE('',#1909,#1910,#200,.T.);
#1395=EDGE_CURVE('',#1910,#1911,#2238,.F.);
#1396=EDGE_CURVE('',#1890,#1911,#201,.T.);
#1397=EDGE_CURVE('',#1912,#1913,#202,.T.);
#1398=EDGE_CURVE('',#1912,#1890,#2239,.T.);
#1399=EDGE_CURVE('',#1913,#1911,#2240,.T.);
#1400=EDGE_CURVE('',#1914,#1915,#171,.T.);
#1401=EDGE_CURVE('',#1914,#1916,#2241,.T.);
#1402=EDGE_CURVE('',#1917,#1916,#203,.F.);
#1403=EDGE_CURVE('',#1918,#1917,#2242,.T.);
#1404=EDGE_CURVE('',#1919,#1918,#204,.T.);
#1405=EDGE_CURVE('',#1919,#1912,#2243,.F.);
#1406=EDGE_CURVE('',#1920,#1913,#2244,.T.);
#1407=EDGE_CURVE('',#1921,#1920,#205,.T.);
#1408=EDGE_CURVE('',#1921,#1922,#2245,.F.);
#1409=EDGE_CURVE('',#1922,#1923,#172,.T.);
#1410=EDGE_CURVE('',#1915,#1923,#2246,.F.);
#1411=EDGE_CURVE('',#1924,#1925,#206,.F.);
#1412=EDGE_CURVE('',#1926,#1924,#2247,.T.);
#1413=EDGE_CURVE('',#1927,#1926,#207,.F.);
#1414=EDGE_CURVE('',#1925,#1927,#2248,.F.);
#1415=EDGE_CURVE('',#1928,#1929,#208,.F.);
#1416=EDGE_CURVE('',#1928,#1930,#2249,.T.);
#1417=EDGE_CURVE('',#1931,#1930,#209,.F.);
#1418=EDGE_CURVE('',#1929,#1931,#2250,.T.);
#1419=EDGE_CURVE('',#1932,#1933,#210,.F.);
#1420=EDGE_CURVE('',#1934,#1932,#2251,.T.);
#1421=EDGE_CURVE('',#1935,#1934,#211,.F.);
#1422=EDGE_CURVE('',#1933,#1935,#2252,.F.);
#1423=EDGE_CURVE('',#1936,#1936,#212,.T.);
#1424=EDGE_CURVE('',#1937,#1937,#12,.T.);
#1425=EDGE_CURVE('',#1938,#1938,#13,.T.);
#1426=EDGE_CURVE('',#1939,#1939,#14,.T.);
#1427=EDGE_CURVE('',#1940,#1940,#213,.T.);
#1428=EDGE_CURVE('',#1941,#1942,#214,.F.);
#1429=EDGE_CURVE('',#1941,#1943,#2253,.T.);
#1430=EDGE_CURVE('',#1944,#1943,#215,.F.);
#1431=EDGE_CURVE('',#1942,#1944,#2254,.T.);
#1432=EDGE_CURVE('',#1945,#1946,#216,.F.);
#1433=EDGE_CURVE('',#1947,#1945,#2255,.T.);
#1434=EDGE_CURVE('',#1948,#1947,#217,.F.);
#1435=EDGE_CURVE('',#1946,#1948,#2256,.F.);
#1436=EDGE_CURVE('',#1949,#1950,#218,.F.);
#1437=EDGE_CURVE('',#1949,#1951,#2257,.T.);
#1438=EDGE_CURVE('',#1952,#1951,#219,.F.);
#1439=EDGE_CURVE('',#1950,#1952,#2258,.T.);
#1440=EDGE_CURVE('',#1862,#1914,#2259,.T.);
#1441=EDGE_CURVE('',#1903,#1915,#2260,.T.);
#1442=EDGE_CURVE('',#1953,#1902,#2261,.T.);
#1443=EDGE_CURVE('',#1954,#1953,#2262,.T.);
#1444=EDGE_CURVE('',#1954,#1894,#2263,.T.);
#1445=EDGE_CURVE('',#1893,#1863,#2264,.T.);
#1446=EDGE_CURVE('',#1955,#1956,#2265,.T.);
#1447=EDGE_CURVE('',#1955,#1957,#2266,.T.);
#1448=EDGE_CURVE('',#1908,#1957,#2267,.T.);
#1449=EDGE_CURVE('',#1958,#1907,#2268,.T.);
#1450=EDGE_CURVE('',#1958,#1959,#2269,.T.);
#1451=EDGE_CURVE('',#1960,#1959,#2270,.T.);
#1452=EDGE_CURVE('',#1961,#1960,#220,.T.);
#1453=EDGE_CURVE('',#1961,#1962,#2271,.T.);
#1454=EDGE_CURVE('',#1963,#1962,#2272,.T.);
#1455=EDGE_CURVE('',#1963,#1964,#2273,.T.);
#1456=EDGE_CURVE('',#1965,#1964,#221,.T.);
#1457=EDGE_CURVE('',#1966,#1965,#2274,.T.);
#1458=EDGE_CURVE('',#1967,#1966,#2275,.T.);
#1459=EDGE_CURVE('',#1956,#1967,#2276,.T.);
#1460=EDGE_CURVE('',#1968,#1969,#2277,.T.);
#1461=EDGE_CURVE('',#1968,#1970,#2278,.T.);
#1462=EDGE_CURVE('',#1970,#1971,#2279,.T.);
#1463=EDGE_CURVE('',#1969,#1971,#2280,.T.);
#1464=EDGE_CURVE('',#1898,#1972,#2281,.T.);
#1465=EDGE_CURVE('',#1972,#1973,#2282,.T.);
#1466=EDGE_CURVE('',#1973,#1974,#2283,.T.);
#1467=EDGE_CURVE('',#1956,#1974,#2284,.T.);
#1468=EDGE_CURVE('',#1975,#1967,#2285,.T.);
#1469=EDGE_CURVE('',#1975,#1976,#2286,.T.);
#1470=EDGE_CURVE('',#1976,#1977,#2287,.T.);
#1471=EDGE_CURVE('',#1977,#1978,#2288,.T.);
#1472=EDGE_CURVE('',#1979,#1978,#2289,.T.);
#1473=EDGE_CURVE('',#1980,#1979,#2290,.T.);
#1474=EDGE_CURVE('',#1980,#1981,#2291,.T.);
#1475=EDGE_CURVE('',#1981,#1898,#2292,.T.);
#1476=EDGE_CURVE('',#1978,#1982,#2293,.T.);
#1477=EDGE_CURVE('',#1977,#1983,#2294,.T.);
#1478=EDGE_CURVE('',#1984,#1983,#2295,.T.);
#1479=EDGE_CURVE('',#1985,#1984,#222,.T.);
#1480=EDGE_CURVE('',#1986,#1985,#2296,.T.);
#1481=EDGE_CURVE('',#1987,#1986,#2297,.T.);
#1482=EDGE_CURVE('',#1988,#1987,#2298,.T.);
#1483=EDGE_CURVE('',#1989,#1988,#223,.T.);
#1484=EDGE_CURVE('',#1990,#1989,#2299,.T.);
#1485=EDGE_CURVE('',#1991,#1990,#2300,.T.);
#1486=EDGE_CURVE('',#1991,#1905,#2301,.T.);
#1487=EDGE_CURVE('',#1904,#1992,#2302,.T.);
#1488=EDGE_CURVE('',#1992,#1982,#2303,.T.);
#1489=EDGE_CURVE('',#1897,#1972,#2304,.T.);
#1490=EDGE_CURVE('',#1921,#1909,#2305,.T.);
#1491=EDGE_CURVE('',#1920,#1910,#2306,.T.);
#1492=EDGE_CURVE('',#1993,#1994,#224,.T.);
#1493=EDGE_CURVE('',#1993,#1952,#2307,.T.);
#1494=EDGE_CURVE('',#1994,#1951,#2308,.T.);
#1495=EDGE_CURVE('',#1995,#1996,#225,.T.);
#1496=EDGE_CURVE('',#1995,#1924,#2309,.T.);
#1497=EDGE_CURVE('',#1996,#1925,#2310,.T.);
#1498=EDGE_CURVE('',#1997,#1998,#226,.T.);
#1499=EDGE_CURVE('',#1997,#1945,#2311,.T.);
#1500=EDGE_CURVE('',#1998,#1946,#2312,.T.);
#1501=EDGE_CURVE('',#1999,#2000,#227,.T.);
#1502=EDGE_CURVE('',#1999,#1931,#2313,.T.);
#1503=EDGE_CURVE('',#2000,#1930,#2314,.T.);
#1504=EDGE_CURVE('',#2001,#2002,#228,.T.);
#1505=EDGE_CURVE('',#2001,#1944,#2315,.T.);
#1506=EDGE_CURVE('',#2002,#1943,#2316,.T.);
#1507=EDGE_CURVE('',#2003,#2004,#229,.T.);
#1508=EDGE_CURVE('',#2003,#1932,#2317,.T.);
#1509=EDGE_CURVE('',#2004,#1933,#2318,.T.);
#1510=EDGE_CURVE('',#1860,#1917,#2319,.T.);
#1511=EDGE_CURVE('',#1861,#1916,#2320,.T.);
#1512=EDGE_CURVE('',#2005,#1950,#2321,.T.);
#1513=EDGE_CURVE('',#2005,#2006,#230,.T.);
#1514=EDGE_CURVE('',#2006,#1949,#2322,.T.);
#1515=EDGE_CURVE('',#1993,#2005,#2323,.F.);
#1516=EDGE_CURVE('',#1994,#2006,#2324,.F.);
#1517=EDGE_CURVE('',#2007,#1926,#2325,.T.);
#1518=EDGE_CURVE('',#2007,#2008,#231,.T.);
#1519=EDGE_CURVE('',#2008,#1927,#2326,.T.);
#1520=EDGE_CURVE('',#2008,#1996,#2327,.T.);
#1521=EDGE_CURVE('',#1995,#2007,#2328,.F.);
#1522=EDGE_CURVE('',#2009,#1947,#2329,.T.);
#1523=EDGE_CURVE('',#2009,#2010,#232,.T.);
#1524=EDGE_CURVE('',#2010,#1948,#2330,.T.);
#1525=EDGE_CURVE('',#2010,#1998,#2331,.T.);
#1526=EDGE_CURVE('',#1997,#2009,#2332,.F.);
#1527=EDGE_CURVE('',#2011,#1929,#2333,.T.);
#1528=EDGE_CURVE('',#2011,#2012,#233,.T.);
#1529=EDGE_CURVE('',#2012,#1928,#2334,.T.);
#1530=EDGE_CURVE('',#1999,#2011,#2335,.F.);
#1531=EDGE_CURVE('',#2000,#2012,#2336,.F.);
#1532=EDGE_CURVE('',#2013,#1942,#2337,.T.);
#1533=EDGE_CURVE('',#2013,#2014,#234,.T.);
#1534=EDGE_CURVE('',#2014,#1941,#2338,.T.);
#1535=EDGE_CURVE('',#2001,#2013,#2339,.F.);
#1536=EDGE_CURVE('',#2002,#2014,#2340,.F.);
#1537=EDGE_CURVE('',#2015,#1934,#2341,.T.);
#1538=EDGE_CURVE('',#2015,#2016,#235,.T.);
#1539=EDGE_CURVE('',#2016,#1935,#2342,.T.);
#1540=EDGE_CURVE('',#2016,#2004,#2343,.T.);
#1541=EDGE_CURVE('',#2003,#2015,#2344,.F.);
#1542=EDGE_CURVE('',#2017,#2017,#236,.T.);
#1543=EDGE_CURVE('',#2018,#2019,#237,.T.);
#1544=EDGE_CURVE('',#2020,#2018,#2345,.T.);
#1545=EDGE_CURVE('',#2020,#1973,#2346,.T.);
#1546=EDGE_CURVE('',#2019,#1896,#2347,.T.);
#1547=EDGE_CURVE('',#2021,#1954,#2348,.T.);
#1548=EDGE_CURVE('',#2022,#2021,#2349,.T.);
#1549=EDGE_CURVE('',#2023,#2022,#2350,.T.);
#1550=EDGE_CURVE('',#2023,#1955,#2351,.T.);
#1551=EDGE_CURVE('',#2024,#1974,#2352,.T.);
#1552=EDGE_CURVE('',#2024,#2025,#2353,.T.);
#1553=EDGE_CURVE('',#2025,#2026,#238,.T.);
#1554=EDGE_CURVE('',#2026,#1895,#2354,.T.);
#1555=EDGE_CURVE('',#2027,#2027,#239,.T.);
#1556=EDGE_CURVE('',#2019,#2026,#2355,.T.);
#1557=EDGE_CURVE('',#2018,#2025,#2356,.T.);
#1558=EDGE_CURVE('',#2028,#2029,#2357,.T.);
#1559=EDGE_CURVE('',#2028,#2030,#2358,.T.);
#1560=EDGE_CURVE('',#2030,#2031,#2359,.T.);
#1561=EDGE_CURVE('',#2029,#2031,#2360,.T.);
#1562=EDGE_CURVE('',#2032,#2033,#2361,.T.);
#1563=EDGE_CURVE('',#2032,#2034,#2362,.T.);
#1564=EDGE_CURVE('',#2034,#2035,#2363,.T.);
#1565=EDGE_CURVE('',#2033,#2035,#2364,.T.);
#1566=EDGE_CURVE('',#2036,#2037,#2365,.T.);
#1567=EDGE_CURVE('',#2036,#1984,#2366,.T.);
#1568=EDGE_CURVE('',#2037,#1983,#2367,.T.);
#1569=EDGE_CURVE('',#2038,#2039,#2368,.T.);
#1570=EDGE_CURVE('',#2038,#1960,#2369,.T.);
#1571=EDGE_CURVE('',#2039,#1959,#2370,.T.);
#1572=EDGE_CURVE('',#2040,#2041,#2371,.T.);
#1573=EDGE_CURVE('',#2040,#2042,#2372,.T.);
#1574=EDGE_CURVE('',#2042,#2043,#2373,.T.);
#1575=EDGE_CURVE('',#2041,#2043,#2374,.T.);
#1576=EDGE_CURVE('',#2044,#2045,#2375,.T.);
#1577=EDGE_CURVE('',#2044,#2046,#2376,.T.);
#1578=EDGE_CURVE('',#2046,#2047,#2377,.T.);
#1579=EDGE_CURVE('',#2045,#2047,#2378,.T.);
#1580=EDGE_CURVE('',#2048,#2049,#2379,.T.);
#1581=EDGE_CURVE('',#2048,#1990,#2380,.T.);
#1582=EDGE_CURVE('',#2049,#1989,#2381,.T.);
#1583=EDGE_CURVE('',#2050,#2051,#2382,.T.);
#1584=EDGE_CURVE('',#2050,#2052,#2383,.T.);
#1585=EDGE_CURVE('',#2052,#2053,#2384,.T.);
#1586=EDGE_CURVE('',#2051,#2053,#2385,.T.);
#1587=EDGE_CURVE('',#2054,#2055,#2386,.T.);
#1588=EDGE_CURVE('',#2054,#1966,#2387,.T.);
#1589=EDGE_CURVE('',#2055,#1965,#2388,.T.);
#1590=EDGE_CURVE('',#2056,#2057,#2389,.T.);
#1591=EDGE_CURVE('',#2056,#2058,#2390,.T.);
#1592=EDGE_CURVE('',#2058,#2059,#2391,.T.);
#1593=EDGE_CURVE('',#2057,#2059,#2392,.T.);
#1594=EDGE_CURVE('',#2060,#2061,#2393,.T.);
#1595=EDGE_CURVE('',#2060,#2062,#2394,.T.);
#1596=EDGE_CURVE('',#2062,#2063,#2395,.T.);
#1597=EDGE_CURVE('',#2061,#2063,#2396,.T.);
#1598=EDGE_CURVE('',#2064,#2065,#2397,.T.);
#1599=EDGE_CURVE('',#2064,#2066,#2398,.T.);
#1600=EDGE_CURVE('',#2066,#2067,#2399,.T.);
#1601=EDGE_CURVE('',#2065,#2067,#2400,.T.);
#1602=EDGE_CURVE('',#2028,#2046,#240,.T.);
#1603=EDGE_CURVE('',#2029,#2068,#241,.T.);
#1604=EDGE_CURVE('',#2069,#2068,#2401,.T.);
#1605=EDGE_CURVE('',#2069,#2047,#242,.T.);
#1606=EDGE_CURVE('',#2044,#2032,#243,.T.);
#1607=EDGE_CURVE('',#2045,#2070,#244,.T.);
#1608=EDGE_CURVE('',#2070,#2071,#2402,.T.);
#1609=EDGE_CURVE('',#2071,#2034,#245,.T.);
#1610=EDGE_CURVE('',#2049,#2050,#246,.T.);
#1611=EDGE_CURVE('',#2072,#1988,#2403,.T.);
#1612=EDGE_CURVE('',#2072,#2052,#247,.T.);
#1613=EDGE_CURVE('',#2051,#2036,#248,.T.);
#1614=EDGE_CURVE('',#2053,#2073,#249,.T.);
#1615=EDGE_CURVE('',#2073,#1985,#2404,.T.);
#1616=EDGE_CURVE('',#2055,#2056,#250,.T.);
#1617=EDGE_CURVE('',#2074,#1964,#2405,.T.);
#1618=EDGE_CURVE('',#2074,#2058,#251,.T.);
#1619=EDGE_CURVE('',#2057,#2038,#252,.T.);
#1620=EDGE_CURVE('',#2059,#2075,#253,.T.);
#1621=EDGE_CURVE('',#2075,#1961,#2406,.T.);
#1622=EDGE_CURVE('',#2061,#2066,#254,.T.);
#1623=EDGE_CURVE('',#2063,#2076,#255,.T.);
#1624=EDGE_CURVE('',#2077,#2076,#2407,.T.);
#1625=EDGE_CURVE('',#2077,#2067,#256,.T.);
#1626=EDGE_CURVE('',#2064,#2042,#257,.T.);
#1627=EDGE_CURVE('',#2065,#2078,#258,.T.);
#1628=EDGE_CURVE('',#2078,#2079,#2408,.T.);
#1629=EDGE_CURVE('',#2079,#2043,#259,.T.);
#1630=EDGE_CURVE('',#2030,#2080,#2409,.T.);
#1631=EDGE_CURVE('',#2080,#2081,#2410,.T.);
#1632=EDGE_CURVE('',#2081,#2031,#2411,.T.);
#1633=EDGE_CURVE('',#2082,#2083,#2412,.T.);
#1634=EDGE_CURVE('',#2083,#2084,#2413,.T.);
#1635=EDGE_CURVE('',#2085,#2084,#2414,.T.);
#1636=EDGE_CURVE('',#2082,#2085,#2415,.T.);
#1637=EDGE_CURVE('',#2086,#2080,#2416,.T.);
#1638=EDGE_CURVE('',#2086,#2087,#2417,.T.);
#1639=EDGE_CURVE('',#1906,#2087,#2418,.T.);
#1640=EDGE_CURVE('',#2081,#1906,#2419,.T.);
#1641=EDGE_CURVE('',#2086,#2040,#2420,.T.);
#1642=EDGE_CURVE('',#2041,#2087,#2421,.T.);
#1643=EDGE_CURVE('',#2088,#2089,#2422,.T.);
#1644=EDGE_CURVE('',#2088,#2090,#2423,.T.);
#1645=EDGE_CURVE('',#2090,#2091,#2424,.T.);
#1646=EDGE_CURVE('',#2089,#2091,#2425,.T.);
#1647=EDGE_CURVE('',#2092,#2093,#2426,.T.);
#1648=EDGE_CURVE('',#2093,#1958,#2427,.T.);
#1649=EDGE_CURVE('',#1907,#2094,#2428,.T.);
#1650=EDGE_CURVE('',#2092,#2094,#2429,.T.);
#1651=EDGE_CURVE('',#2039,#2093,#2430,.T.);
#1652=EDGE_CURVE('',#2060,#2092,#2431,.T.);
#1653=EDGE_CURVE('',#2094,#2062,#2432,.T.);
#1654=EDGE_CURVE('',#2048,#2095,#2433,.T.);
#1655=EDGE_CURVE('',#2095,#1991,#2434,.T.);
#1656=EDGE_CURVE('',#2096,#2097,#2435,.T.);
#1657=EDGE_CURVE('',#2097,#2098,#2436,.T.);
#1658=EDGE_CURVE('',#2099,#2098,#2437,.T.);
#1659=EDGE_CURVE('',#2096,#2099,#2438,.T.);
#1660=EDGE_CURVE('',#2100,#2095,#2439,.T.);
#1661=EDGE_CURVE('',#2100,#2101,#2440,.T.);
#1662=EDGE_CURVE('',#1905,#2101,#2441,.T.);
#1663=EDGE_CURVE('',#2033,#2100,#2442,.T.);
#1664=EDGE_CURVE('',#2101,#2035,#2443,.T.);
#1665=EDGE_CURVE('',#2037,#1976,#2444,.T.);
#1666=EDGE_CURVE('',#2054,#1975,#2445,.T.);
#1667=EDGE_CURVE('',#1981,#1899,#2446,.T.);
#1668=EDGE_CURVE('',#2071,#2102,#2447,.T.);
#1669=EDGE_CURVE('',#2103,#2102,#2448,.T.);
#1670=EDGE_CURVE('',#2068,#2103,#2449,.T.);
#1671=EDGE_CURVE('',#2079,#2104,#2450,.T.);
#1672=EDGE_CURVE('',#2104,#2105,#2451,.T.);
#1673=EDGE_CURVE('',#2076,#2105,#2452,.T.);
#1674=EDGE_CURVE('',#2106,#2106,#260,.T.);
#1675=EDGE_CURVE('',#2107,#2107,#261,.T.);
#1676=EDGE_CURVE('',#2108,#2108,#173,.F.);
#1677=EDGE_CURVE('',#2109,#2109,#262,.T.);
#1678=EDGE_CURVE('',#2110,#2110,#263,.T.);
#1679=EDGE_CURVE('',#2111,#2111,#264,.T.);
#1680=EDGE_CURVE('',#2112,#1987,#2453,.T.);
#1681=EDGE_CURVE('',#2072,#2112,#2454,.T.);
#1682=EDGE_CURVE('',#2113,#1986,#2455,.T.);
#1683=EDGE_CURVE('',#2112,#2113,#2456,.T.);
#1684=EDGE_CURVE('',#2114,#2114,#265,.T.);
#1685=EDGE_CURVE('',#2113,#2073,#2457,.T.);
#1686=EDGE_CURVE('',#2115,#2115,#266,.T.);
#1687=EDGE_CURVE('',#2116,#2103,#2458,.T.);
#1688=EDGE_CURVE('',#2069,#2116,#2459,.T.);
#1689=EDGE_CURVE('',#2117,#2102,#2460,.T.);
#1690=EDGE_CURVE('',#2116,#2117,#2461,.T.);
#1691=EDGE_CURVE('',#2118,#2118,#267,.T.);
#1692=EDGE_CURVE('',#2070,#2117,#2462,.T.);
#1693=EDGE_CURVE('',#2119,#2119,#268,.T.);
#1694=EDGE_CURVE('',#2120,#2105,#2463,.T.);
#1695=EDGE_CURVE('',#2077,#2120,#2464,.T.);
#1696=EDGE_CURVE('',#2121,#2104,#2465,.T.);
#1697=EDGE_CURVE('',#2121,#2120,#2466,.T.);
#1698=EDGE_CURVE('',#2122,#2122,#269,.T.);
#1699=EDGE_CURVE('',#2078,#2121,#2467,.T.);
#1700=EDGE_CURVE('',#2123,#2123,#270,.T.);
#1701=EDGE_CURVE('',#2075,#2124,#2468,.T.);
#1702=EDGE_CURVE('',#2124,#1962,#2469,.T.);
#1703=EDGE_CURVE('',#2125,#2125,#271,.T.);
#1704=EDGE_CURVE('',#2126,#1963,#2470,.T.);
#1705=EDGE_CURVE('',#2126,#2074,#2471,.T.);
#1706=EDGE_CURVE('',#2126,#2124,#2472,.T.);
#1707=EDGE_CURVE('',#2127,#2127,#272,.T.);
#1708=EDGE_CURVE('',#2128,#2128,#273,.T.);
#1709=EDGE_CURVE('',#2129,#2129,#274,.T.);
#1710=EDGE_CURVE('',#2130,#2130,#275,.T.);
#1711=EDGE_CURVE('',#2131,#2131,#276,.T.);
#1712=EDGE_CURVE('',#2132,#2133,#277,.F.);
#1713=EDGE_CURVE('',#2132,#2134,#2473,.F.);
#1714=EDGE_CURVE('',#2135,#2134,#278,.T.);
#1715=EDGE_CURVE('',#2135,#2133,#2474,.T.);
#1716=EDGE_CURVE('',#2135,#2134,#2475,.T.);
#1717=EDGE_CURVE('',#2136,#2137,#279,.F.);
#1718=EDGE_CURVE('',#2137,#2138,#2476,.F.);
#1719=EDGE_CURVE('',#2139,#2138,#280,.T.);
#1720=EDGE_CURVE('',#2139,#2136,#2477,.T.);
#1721=EDGE_CURVE('',#2139,#2138,#2478,.T.);
#1722=EDGE_CURVE('',#2140,#2140,#281,.T.);
#1723=EDGE_CURVE('',#2141,#1968,#2479,.T.);
#1724=EDGE_CURVE('',#2141,#2142,#2480,.T.);
#1725=EDGE_CURVE('',#2142,#1970,#2481,.T.);
#1726=EDGE_CURVE('',#2143,#1969,#2482,.T.);
#1727=EDGE_CURVE('',#2141,#2143,#2483,.T.);
#1728=EDGE_CURVE('',#2144,#1971,#2484,.T.);
#1729=EDGE_CURVE('',#2143,#2144,#2485,.T.);
#1730=EDGE_CURVE('',#2142,#2144,#2486,.T.);
#1731=EDGE_CURVE('',#2145,#2096,#2487,.T.);
#1732=EDGE_CURVE('',#2145,#2146,#2488,.T.);
#1733=EDGE_CURVE('',#2146,#2097,#2489,.T.);
#1734=EDGE_CURVE('',#2147,#2099,#2490,.T.);
#1735=EDGE_CURVE('',#2145,#2147,#2491,.T.);
#1736=EDGE_CURVE('',#2148,#2098,#2492,.T.);
#1737=EDGE_CURVE('',#2147,#2148,#2493,.T.);
#1738=EDGE_CURVE('',#2146,#2148,#2494,.T.);
#1739=EDGE_CURVE('',#2149,#2082,#2495,.T.);
#1740=EDGE_CURVE('',#2149,#2150,#2496,.T.);
#1741=EDGE_CURVE('',#2150,#2083,#2497,.T.);
#1742=EDGE_CURVE('',#2151,#2085,#2498,.T.);
#1743=EDGE_CURVE('',#2149,#2151,#2499,.T.);
#1744=EDGE_CURVE('',#2152,#2084,#2500,.T.);
#1745=EDGE_CURVE('',#2151,#2152,#2501,.T.);
#1746=EDGE_CURVE('',#2150,#2152,#2502,.T.);
#1747=EDGE_CURVE('',#2153,#2088,#2503,.T.);
#1748=EDGE_CURVE('',#2153,#2154,#2504,.T.);
#1749=EDGE_CURVE('',#2154,#2090,#2505,.T.);
#1750=EDGE_CURVE('',#2155,#2089,#2506,.T.);
#1751=EDGE_CURVE('',#2153,#2155,#2507,.T.);
#1752=EDGE_CURVE('',#2156,#2091,#2508,.T.);
#1753=EDGE_CURVE('',#2155,#2156,#2509,.T.);
#1754=EDGE_CURVE('',#2154,#2156,#2510,.T.);
#1755=EDGE_CURVE('',#1980,#2157,#2511,.T.);
#1756=EDGE_CURVE('',#2157,#2158,#2512,.T.);
#1757=EDGE_CURVE('',#2158,#2159,#282,.T.);
#1758=EDGE_CURVE('',#1900,#2159,#2513,.T.);
#1759=EDGE_CURVE('',#2160,#2160,#283,.T.);
#1760=EDGE_CURVE('',#2161,#1953,#2514,.T.);
#1761=EDGE_CURVE('',#1901,#2162,#2515,.T.);
#1762=EDGE_CURVE('',#2162,#2163,#284,.T.);
#1763=EDGE_CURVE('',#2164,#2163,#2516,.T.);
#1764=EDGE_CURVE('',#1979,#2164,#2517,.T.);
#1765=EDGE_CURVE('',#1982,#2165,#2518,.T.);
#1766=EDGE_CURVE('',#2166,#2165,#2519,.T.);
#1767=EDGE_CURVE('',#2166,#2161,#2520,.T.);
#1768=EDGE_CURVE('',#2167,#2167,#285,.T.);
#1769=EDGE_CURVE('',#2159,#2162,#2521,.T.);
#1770=EDGE_CURVE('',#2158,#2163,#2522,.T.);
#1771=EDGE_CURVE('',#1865,#2168,#2523,.T.);
#1772=EDGE_CURVE('',#2168,#2169,#286,.T.);
#1773=EDGE_CURVE('',#1866,#2169,#2524,.T.);
#1774=EDGE_CURVE('',#2170,#2170,#287,.T.);
#1775=EDGE_CURVE('',#1868,#2171,#2525,.T.);
#1776=EDGE_CURVE('',#2168,#2171,#2526,.T.);
#1777=EDGE_CURVE('',#1867,#2172,#2527,.T.);
#1778=EDGE_CURVE('',#2172,#2171,#288,.T.);
#1779=EDGE_CURVE('',#2173,#2173,#289,.T.);
#1780=EDGE_CURVE('',#2169,#2172,#2528,.T.);
#1781=EDGE_CURVE('',#1869,#2174,#2529,.T.);
#1782=EDGE_CURVE('',#1870,#2175,#2530,.T.);
#1783=EDGE_CURVE('',#2174,#2175,#290,.T.);
#1784=EDGE_CURVE('',#2176,#2176,#291,.T.);
#1785=EDGE_CURVE('',#1872,#2177,#2531,.T.);
#1786=EDGE_CURVE('',#2175,#2177,#2532,.T.);
#1787=EDGE_CURVE('',#1871,#2178,#2533,.T.);
#1788=EDGE_CURVE('',#2178,#2177,#292,.T.);
#1789=EDGE_CURVE('',#2179,#2179,#293,.T.);
#1790=EDGE_CURVE('',#2174,#2178,#2534,.T.);
#1791=EDGE_CURVE('',#1873,#2180,#2535,.T.);
#1792=EDGE_CURVE('',#1874,#2181,#2536,.T.);
#1793=EDGE_CURVE('',#2180,#2181,#294,.T.);
#1794=EDGE_CURVE('',#2182,#2182,#295,.T.);
#1795=EDGE_CURVE('',#1876,#2183,#2537,.T.);
#1796=EDGE_CURVE('',#2181,#2183,#2538,.T.);
#1797=EDGE_CURVE('',#1875,#2184,#2539,.T.);
#1798=EDGE_CURVE('',#2184,#2183,#296,.T.);
#1799=EDGE_CURVE('',#2185,#2185,#297,.T.);
#1800=EDGE_CURVE('',#2180,#2184,#2540,.T.);
#1801=EDGE_CURVE('',#1877,#2186,#2541,.T.);
#1802=EDGE_CURVE('',#2186,#2187,#298,.T.);
#1803=EDGE_CURVE('',#1878,#2187,#2542,.T.);
#1804=EDGE_CURVE('',#2188,#2188,#299,.T.);
#1805=EDGE_CURVE('',#1880,#2189,#2543,.T.);
#1806=EDGE_CURVE('',#2186,#2189,#2544,.T.);
#1807=EDGE_CURVE('',#1879,#2190,#2545,.T.);
#1808=EDGE_CURVE('',#2190,#2189,#300,.T.);
#1809=EDGE_CURVE('',#2191,#2191,#301,.T.);
#1810=EDGE_CURVE('',#2187,#2190,#2546,.T.);
#1811=EDGE_CURVE('',#1881,#2192,#2547,.T.);
#1812=EDGE_CURVE('',#2192,#2193,#302,.T.);
#1813=EDGE_CURVE('',#1882,#2193,#2548,.T.);
#1814=EDGE_CURVE('',#2194,#2194,#303,.T.);
#1815=EDGE_CURVE('',#1884,#2195,#2549,.T.);
#1816=EDGE_CURVE('',#2192,#2195,#2550,.T.);
#1817=EDGE_CURVE('',#1883,#2196,#2551,.T.);
#1818=EDGE_CURVE('',#2196,#2195,#304,.T.);
#1819=EDGE_CURVE('',#2197,#2197,#305,.T.);
#1820=EDGE_CURVE('',#2193,#2196,#2552,.T.);
#1821=EDGE_CURVE('',#2198,#2199,#306,.T.);
#1822=EDGE_CURVE('',#2199,#2200,#2553,.T.);
#1823=EDGE_CURVE('',#2201,#2200,#307,.T.);
#1824=EDGE_CURVE('',#2198,#2201,#2554,.T.);
#1825=EDGE_CURVE('',#2202,#2202,#308,.T.);
#1826=EDGE_CURVE('',#2203,#2203,#309,.T.);
#1827=EDGE_CURVE('',#1885,#2198,#2555,.T.);
#1828=EDGE_CURVE('',#1886,#2199,#2556,.T.);
#1829=EDGE_CURVE('',#1888,#2200,#2557,.T.);
#1830=EDGE_CURVE('',#1887,#2201,#2558,.T.);
#1831=EDGE_CURVE('',#2204,#1923,#2559,.T.);
#1832=EDGE_CURVE('',#2137,#2204,#2560,.T.);
#1833=EDGE_CURVE('',#1992,#2136,#2561,.T.);
#1834=EDGE_CURVE('',#2023,#2205,#2562,.T.);
#1835=EDGE_CURVE('',#2206,#2205,#174,.T.);
#1836=EDGE_CURVE('',#2206,#2021,#2563,.T.);
#1837=EDGE_CURVE('',#2207,#2161,#2564,.T.);
#1838=EDGE_CURVE('',#2208,#2207,#175,.T.);
#1839=EDGE_CURVE('',#2165,#2208,#2565,.T.);
#1840=EDGE_CURVE('',#2209,#2204,#2566,.T.);
#1841=EDGE_CURVE('',#2133,#2209,#2567,.T.);
#1842=EDGE_CURVE('',#1957,#2132,#2568,.T.);
#1843=EDGE_CURVE('',#2209,#1922,#2569,.T.);
#1844=EDGE_CURVE('',#2157,#2164,#2570,.T.);
#1845=EDGE_CURVE('',#2210,#2208,#310,.F.);
#1846=EDGE_CURVE('',#2210,#2166,#2571,.T.);
#1847=EDGE_CURVE('',#2210,#2207,#2572,.T.);
#1848=EDGE_CURVE('',#2211,#2206,#2573,.T.);
#1849=EDGE_CURVE('',#2205,#2211,#311,.F.);
#1850=EDGE_CURVE('',#2020,#2024,#2574,.T.);
#1851=EDGE_CURVE('',#2211,#2022,#2575,.T.);
#1852=EDGE_CURVE('',#2212,#1892,#2576,.T.);
#1853=EDGE_CURVE('',#1858,#2212,#2577,.T.);
#1854=EDGE_CURVE('',#1889,#1919,#2578,.T.);
#1855=EDGE_CURVE('',#1859,#1918,#2579,.T.);
#1856=EDGE_CURVE('',#1891,#1857,#2580,.T.);
#1857=VERTEX_POINT('',#5160);
#1858=VERTEX_POINT('',#5161);
#1859=VERTEX_POINT('',#5163);
#1860=VERTEX_POINT('',#5165);
#1861=VERTEX_POINT('',#5167);
#1862=VERTEX_POINT('',#5169);
#1863=VERTEX_POINT('',#5171);
#1864=VERTEX_POINT('',#5175);
#1865=VERTEX_POINT('',#5177);
#1866=VERTEX_POINT('',#5178);
#1867=VERTEX_POINT('',#5180);
#1868=VERTEX_POINT('',#5182);
#1869=VERTEX_POINT('',#5185);
#1870=VERTEX_POINT('',#5186);
#1871=VERTEX_POINT('',#5188);
#1872=VERTEX_POINT('',#5190);
#1873=VERTEX_POINT('',#5193);
#1874=VERTEX_POINT('',#5194);
#1875=VERTEX_POINT('',#5196);
#1876=VERTEX_POINT('',#5198);
#1877=VERTEX_POINT('',#5201);
#1878=VERTEX_POINT('',#5202);
#1879=VERTEX_POINT('',#5204);
#1880=VERTEX_POINT('',#5206);
#1881=VERTEX_POINT('',#5209);
#1882=VERTEX_POINT('',#5210);
#1883=VERTEX_POINT('',#5212);
#1884=VERTEX_POINT('',#5214);
#1885=VERTEX_POINT('',#5217);
#1886=VERTEX_POINT('',#5218);
#1887=VERTEX_POINT('',#5220);
#1888=VERTEX_POINT('',#5222);
#1889=VERTEX_POINT('',#5225);
#1890=VERTEX_POINT('',#5226);
#1891=VERTEX_POINT('',#5228);
#1892=VERTEX_POINT('',#5230);
#1893=VERTEX_POINT('',#5232);
#1894=VERTEX_POINT('',#5234);
#1895=VERTEX_POINT('',#5236);
#1896=VERTEX_POINT('',#5238);
#1897=VERTEX_POINT('',#5240);
#1898=VERTEX_POINT('',#5242);
#1899=VERTEX_POINT('',#5244);
#1900=VERTEX_POINT('',#5246);
#1901=VERTEX_POINT('',#5248);
#1902=VERTEX_POINT('',#5250);
#1903=VERTEX_POINT('',#5252);
#1904=VERTEX_POINT('',#5254);
#1905=VERTEX_POINT('',#5256);
#1906=VERTEX_POINT('',#5258);
#1907=VERTEX_POINT('',#5260);
#1908=VERTEX_POINT('',#5262);
#1909=VERTEX_POINT('',#5264);
#1910=VERTEX_POINT('',#5266);
#1911=VERTEX_POINT('',#5268);
#1912=VERTEX_POINT('',#5272);
#1913=VERTEX_POINT('',#5273);
#1914=VERTEX_POINT('',#5278);
#1915=VERTEX_POINT('',#5279);
#1916=VERTEX_POINT('',#5281);
#1917=VERTEX_POINT('',#5283);
#1918=VERTEX_POINT('',#5285);
#1919=VERTEX_POINT('',#5287);
#1920=VERTEX_POINT('',#5290);
#1921=VERTEX_POINT('',#5292);
#1922=VERTEX_POINT('',#5294);
#1923=VERTEX_POINT('',#5296);
#1924=VERTEX_POINT('',#5299);
#1925=VERTEX_POINT('',#5300);
#1926=VERTEX_POINT('',#5302);
#1927=VERTEX_POINT('',#5304);
#1928=VERTEX_POINT('',#5307);
#1929=VERTEX_POINT('',#5308);
#1930=VERTEX_POINT('',#5310);
#1931=VERTEX_POINT('',#5312);
#1932=VERTEX_POINT('',#5315);
#1933=VERTEX_POINT('',#5316);
#1934=VERTEX_POINT('',#5318);
#1935=VERTEX_POINT('',#5320);
#1936=VERTEX_POINT('',#5323);
#1937=VERTEX_POINT('',#5335);
#1938=VERTEX_POINT('',#5347);
#1939=VERTEX_POINT('',#5359);
#1940=VERTEX_POINT('',#5361);
#1941=VERTEX_POINT('',#5363);
#1942=VERTEX_POINT('',#5364);
#1943=VERTEX_POINT('',#5366);
#1944=VERTEX_POINT('',#5368);
#1945=VERTEX_POINT('',#5371);
#1946=VERTEX_POINT('',#5372);
#1947=VERTEX_POINT('',#5374);
#1948=VERTEX_POINT('',#5376);
#1949=VERTEX_POINT('',#5379);
#1950=VERTEX_POINT('',#5380);
#1951=VERTEX_POINT('',#5382);
#1952=VERTEX_POINT('',#5384);
#1953=VERTEX_POINT('',#5390);
#1954=VERTEX_POINT('',#5392);
#1955=VERTEX_POINT('',#5397);
#1956=VERTEX_POINT('',#5398);
#1957=VERTEX_POINT('',#5400);
#1958=VERTEX_POINT('',#5403);
#1959=VERTEX_POINT('',#5405);
#1960=VERTEX_POINT('',#5407);
#1961=VERTEX_POINT('',#5409);
#1962=VERTEX_POINT('',#5411);
#1963=VERTEX_POINT('',#5413);
#1964=VERTEX_POINT('',#5415);
#1965=VERTEX_POINT('',#5417);
#1966=VERTEX_POINT('',#5419);
#1967=VERTEX_POINT('',#5421);
#1968=VERTEX_POINT('',#5425);
#1969=VERTEX_POINT('',#5426);
#1970=VERTEX_POINT('',#5428);
#1971=VERTEX_POINT('',#5430);
#1972=VERTEX_POINT('',#5433);
#1973=VERTEX_POINT('',#5435);
#1974=VERTEX_POINT('',#5437);
#1975=VERTEX_POINT('',#5440);
#1976=VERTEX_POINT('',#5442);
#1977=VERTEX_POINT('',#5444);
#1978=VERTEX_POINT('',#5446);
#1979=VERTEX_POINT('',#5448);
#1980=VERTEX_POINT('',#5450);
#1981=VERTEX_POINT('',#5452);
#1982=VERTEX_POINT('',#5456);
#1983=VERTEX_POINT('',#5458);
#1984=VERTEX_POINT('',#5460);
#1985=VERTEX_POINT('',#5462);
#1986=VERTEX_POINT('',#5464);
#1987=VERTEX_POINT('',#5466);
#1988=VERTEX_POINT('',#5468);
#1989=VERTEX_POINT('',#5470);
#1990=VERTEX_POINT('',#5472);
#1991=VERTEX_POINT('',#5474);
#1992=VERTEX_POINT('',#5477);
#1993=VERTEX_POINT('',#5486);
#1994=VERTEX_POINT('',#5487);
#1995=VERTEX_POINT('',#5492);
#1996=VERTEX_POINT('',#5493);
#1997=VERTEX_POINT('',#5498);
#1998=VERTEX_POINT('',#5499);
#1999=VERTEX_POINT('',#5504);
#2000=VERTEX_POINT('',#5505);
#2001=VERTEX_POINT('',#5510);
#2002=VERTEX_POINT('',#5511);
#2003=VERTEX_POINT('',#5516);
#2004=VERTEX_POINT('',#5517);
#2005=VERTEX_POINT('',#5525);
#2006=VERTEX_POINT('',#5527);
#2007=VERTEX_POINT('',#5535);
#2008=VERTEX_POINT('',#5537);
#2009=VERTEX_POINT('',#5545);
#2010=VERTEX_POINT('',#5547);
#2011=VERTEX_POINT('',#5555);
#2012=VERTEX_POINT('',#5557);
#2013=VERTEX_POINT('',#5565);
#2014=VERTEX_POINT('',#5567);
#2015=VERTEX_POINT('',#5575);
#2016=VERTEX_POINT('',#5577);
#2017=VERTEX_POINT('',#5585);
#2018=VERTEX_POINT('',#5587);
#2019=VERTEX_POINT('',#5588);
#2020=VERTEX_POINT('',#5590);
#2021=VERTEX_POINT('',#5595);
#2022=VERTEX_POINT('',#5597);
#2023=VERTEX_POINT('',#5599);
#2024=VERTEX_POINT('',#5602);
#2025=VERTEX_POINT('',#5604);
#2026=VERTEX_POINT('',#5606);
#2027=VERTEX_POINT('',#5609);
#2028=VERTEX_POINT('',#5618);
#2029=VERTEX_POINT('',#5619);
#2030=VERTEX_POINT('',#5621);
#2031=VERTEX_POINT('',#5623);
#2032=VERTEX_POINT('',#5627);
#2033=VERTEX_POINT('',#5628);
#2034=VERTEX_POINT('',#5630);
#2035=VERTEX_POINT('',#5632);
#2036=VERTEX_POINT('',#5636);
#2037=VERTEX_POINT('',#5637);
#2038=VERTEX_POINT('',#5642);
#2039=VERTEX_POINT('',#5643);
#2040=VERTEX_POINT('',#5648);
#2041=VERTEX_POINT('',#5649);
#2042=VERTEX_POINT('',#5651);
#2043=VERTEX_POINT('',#5653);
#2044=VERTEX_POINT('',#5657);
#2045=VERTEX_POINT('',#5658);
#2046=VERTEX_POINT('',#5660);
#2047=VERTEX_POINT('',#5662);
#2048=VERTEX_POINT('',#5666);
#2049=VERTEX_POINT('',#5667);
#2050=VERTEX_POINT('',#5672);
#2051=VERTEX_POINT('',#5673);
#2052=VERTEX_POINT('',#5675);
#2053=VERTEX_POINT('',#5677);
#2054=VERTEX_POINT('',#5681);
#2055=VERTEX_POINT('',#5682);
#2056=VERTEX_POINT('',#5687);
#2057=VERTEX_POINT('',#5688);
#2058=VERTEX_POINT('',#5690);
#2059=VERTEX_POINT('',#5692);
#2060=VERTEX_POINT('',#5696);
#2061=VERTEX_POINT('',#5697);
#2062=VERTEX_POINT('',#5699);
#2063=VERTEX_POINT('',#5701);
#2064=VERTEX_POINT('',#5705);
#2065=VERTEX_POINT('',#5706);
#2066=VERTEX_POINT('',#5708);
#2067=VERTEX_POINT('',#5710);
#2068=VERTEX_POINT('',#5715);
#2069=VERTEX_POINT('',#5717);
#2070=VERTEX_POINT('',#5722);
#2071=VERTEX_POINT('',#5724);
#2072=VERTEX_POINT('',#5729);
#2073=VERTEX_POINT('',#5734);
#2074=VERTEX_POINT('',#5739);
#2075=VERTEX_POINT('',#5744);
#2076=VERTEX_POINT('',#5749);
#2077=VERTEX_POINT('',#5751);
#2078=VERTEX_POINT('',#5756);
#2079=VERTEX_POINT('',#5758);
#2080=VERTEX_POINT('',#5762);
#2081=VERTEX_POINT('',#5764);
#2082=VERTEX_POINT('',#5768);
#2083=VERTEX_POINT('',#5769);
#2084=VERTEX_POINT('',#5771);
#2085=VERTEX_POINT('',#5773);
#2086=VERTEX_POINT('',#5776);
#2087=VERTEX_POINT('',#5778);
#2088=VERTEX_POINT('',#5786);
#2089=VERTEX_POINT('',#5787);
#2090=VERTEX_POINT('',#5789);
#2091=VERTEX_POINT('',#5791);
#2092=VERTEX_POINT('',#5794);
#2093=VERTEX_POINT('',#5795);
#2094=VERTEX_POINT('',#5798);
#2095=VERTEX_POINT('',#5807);
#2096=VERTEX_POINT('',#5811);
#2097=VERTEX_POINT('',#5812);
#2098=VERTEX_POINT('',#5814);
#2099=VERTEX_POINT('',#5816);
#2100=VERTEX_POINT('',#5819);
#2101=VERTEX_POINT('',#5821);
#2102=VERTEX_POINT('',#5834);
#2103=VERTEX_POINT('',#5836);
#2104=VERTEX_POINT('',#5840);
#2105=VERTEX_POINT('',#5842);
#2106=VERTEX_POINT('',#5846);
#2107=VERTEX_POINT('',#5849);
#2108=VERTEX_POINT('',#5852);
#2109=VERTEX_POINT('',#5854);
#2110=VERTEX_POINT('',#5857);
#2111=VERTEX_POINT('',#5860);
#2112=VERTEX_POINT('',#5862);
#2113=VERTEX_POINT('',#5866);
#2114=VERTEX_POINT('',#5870);
#2115=VERTEX_POINT('',#5875);
#2116=VERTEX_POINT('',#5877);
#2117=VERTEX_POINT('',#5881);
#2118=VERTEX_POINT('',#5885);
#2119=VERTEX_POINT('',#5890);
#2120=VERTEX_POINT('',#5892);
#2121=VERTEX_POINT('',#5896);
#2122=VERTEX_POINT('',#5900);
#2123=VERTEX_POINT('',#5905);
#2124=VERTEX_POINT('',#5907);
#2125=VERTEX_POINT('',#5911);
#2126=VERTEX_POINT('',#5913);
#2127=VERTEX_POINT('',#5920);
#2128=VERTEX_POINT('',#5924);
#2129=VERTEX_POINT('',#5928);
#2130=VERTEX_POINT('',#5932);
#2131=VERTEX_POINT('',#5936);
#2132=VERTEX_POINT('',#5940);
#2133=VERTEX_POINT('',#5941);
#2134=VERTEX_POINT('',#5943);
#2135=VERTEX_POINT('',#5945);
#2136=VERTEX_POINT('',#5951);
#2137=VERTEX_POINT('',#5952);
#2138=VERTEX_POINT('',#5954);
#2139=VERTEX_POINT('',#5956);
#2140=VERTEX_POINT('',#5962);
#2141=VERTEX_POINT('',#5966);
#2142=VERTEX_POINT('',#5968);
#2143=VERTEX_POINT('',#5972);
#2144=VERTEX_POINT('',#5976);
#2145=VERTEX_POINT('',#5983);
#2146=VERTEX_POINT('',#5985);
#2147=VERTEX_POINT('',#5989);
#2148=VERTEX_POINT('',#5993);
#2149=VERTEX_POINT('',#6000);
#2150=VERTEX_POINT('',#6002);
#2151=VERTEX_POINT('',#6006);
#2152=VERTEX_POINT('',#6010);
#2153=VERTEX_POINT('',#6017);
#2154=VERTEX_POINT('',#6019);
#2155=VERTEX_POINT('',#6023);
#2156=VERTEX_POINT('',#6027);
#2157=VERTEX_POINT('',#6036);
#2158=VERTEX_POINT('',#6038);
#2159=VERTEX_POINT('',#6040);
#2160=VERTEX_POINT('',#6043);
#2161=VERTEX_POINT('',#6046);
#2162=VERTEX_POINT('',#6048);
#2163=VERTEX_POINT('',#6050);
#2164=VERTEX_POINT('',#6052);
#2165=VERTEX_POINT('',#6055);
#2166=VERTEX_POINT('',#6057);
#2167=VERTEX_POINT('',#6060);
#2168=VERTEX_POINT('',#6068);
#2169=VERTEX_POINT('',#6070);
#2170=VERTEX_POINT('',#6073);
#2171=VERTEX_POINT('',#6076);
#2172=VERTEX_POINT('',#6080);
#2173=VERTEX_POINT('',#6083);
#2174=VERTEX_POINT('',#6090);
#2175=VERTEX_POINT('',#6092);
#2176=VERTEX_POINT('',#6095);
#2177=VERTEX_POINT('',#6098);
#2178=VERTEX_POINT('',#6102);
#2179=VERTEX_POINT('',#6105);
#2180=VERTEX_POINT('',#6112);
#2181=VERTEX_POINT('',#6114);
#2182=VERTEX_POINT('',#6117);
#2183=VERTEX_POINT('',#6120);
#2184=VERTEX_POINT('',#6124);
#2185=VERTEX_POINT('',#6127);
#2186=VERTEX_POINT('',#6134);
#2187=VERTEX_POINT('',#6136);
#2188=VERTEX_POINT('',#6139);
#2189=VERTEX_POINT('',#6142);
#2190=VERTEX_POINT('',#6146);
#2191=VERTEX_POINT('',#6149);
#2192=VERTEX_POINT('',#6156);
#2193=VERTEX_POINT('',#6158);
#2194=VERTEX_POINT('',#6161);
#2195=VERTEX_POINT('',#6164);
#2196=VERTEX_POINT('',#6168);
#2197=VERTEX_POINT('',#6171);
#2198=VERTEX_POINT('',#6178);
#2199=VERTEX_POINT('',#6179);
#2200=VERTEX_POINT('',#6181);
#2201=VERTEX_POINT('',#6183);
#2202=VERTEX_POINT('',#6187);
#2203=VERTEX_POINT('',#6189);
#2204=VERTEX_POINT('',#6207);
#2205=VERTEX_POINT('',#6212);
#2206=VERTEX_POINT('',#6214);
#2207=VERTEX_POINT('',#6217);
#2208=VERTEX_POINT('',#6219);
#2209=VERTEX_POINT('',#6222);
#2210=VERTEX_POINT('',#6232);
#2211=VERTEX_POINT('',#6240);
#2212=VERTEX_POINT('',#6250);
#2213=LINE('',#5159,#2581);
#2214=LINE('',#5164,#2582);
#2215=LINE('',#5168,#2583);
#2216=LINE('',#5172,#2584);
#2217=LINE('',#5176,#2585);
#2218=LINE('',#5181,#2586);
#2219=LINE('',#5184,#2587);
#2220=LINE('',#5189,#2588);
#2221=LINE('',#5192,#2589);
#2222=LINE('',#5197,#2590);
#2223=LINE('',#5200,#2591);
#2224=LINE('',#5205,#2592);
#2225=LINE('',#5208,#2593);
#2226=LINE('',#5213,#2594);
#2227=LINE('',#5216,#2595);
#2228=LINE('',#5221,#2596);
#2229=LINE('',#5224,#2597);
#2230=LINE('',#5229,#2598);
#2231=LINE('',#5231,#2599);
#2232=LINE('',#5235,#2600);
#2233=LINE('',#5239,#2601);
#2234=LINE('',#5245,#2602);
#2235=LINE('',#5249,#2603);
#2236=LINE('',#5253,#2604);
#2237=LINE('',#5263,#2605);
#2238=LINE('',#5267,#2606);
#2239=LINE('',#5274,#2607);
#2240=LINE('',#5275,#2608);
#2241=LINE('',#5280,#2609);
#2242=LINE('',#5284,#2610);
#2243=LINE('',#5288,#2611);
#2244=LINE('',#5289,#2612);
#2245=LINE('',#5293,#2613);
#2246=LINE('',#5297,#2614);
#2247=LINE('',#5301,#2615);
#2248=LINE('',#5305,#2616);
#2249=LINE('',#5309,#2617);
#2250=LINE('',#5313,#2618);
#2251=LINE('',#5317,#2619);
#2252=LINE('',#5321,#2620);
#2253=LINE('',#5365,#2621);
#2254=LINE('',#5369,#2622);
#2255=LINE('',#5373,#2623);
#2256=LINE('',#5377,#2624);
#2257=LINE('',#5381,#2625);
#2258=LINE('',#5385,#2626);
#2259=LINE('',#5387,#2627);
#2260=LINE('',#5388,#2628);
#2261=LINE('',#5389,#2629);
#2262=LINE('',#5391,#2630);
#2263=LINE('',#5393,#2631);
#2264=LINE('',#5394,#2632);
#2265=LINE('',#5396,#2633);
#2266=LINE('',#5399,#2634);
#2267=LINE('',#5401,#2635);
#2268=LINE('',#5402,#2636);
#2269=LINE('',#5404,#2637);
#2270=LINE('',#5406,#2638);
#2271=LINE('',#5410,#2639);
#2272=LINE('',#5412,#2640);
#2273=LINE('',#5414,#2641);
#2274=LINE('',#5418,#2642);
#2275=LINE('',#5420,#2643);
#2276=LINE('',#5422,#2644);
#2277=LINE('',#5424,#2645);
#2278=LINE('',#5427,#2646);
#2279=LINE('',#5429,#2647);
#2280=LINE('',#5431,#2648);
#2281=LINE('',#5432,#2649);
#2282=LINE('',#5434,#2650);
#2283=LINE('',#5436,#2651);
#2284=LINE('',#5438,#2652);
#2285=LINE('',#5439,#2653);
#2286=LINE('',#5441,#2654);
#2287=LINE('',#5443,#2655);
#2288=LINE('',#5445,#2656);
#2289=LINE('',#5447,#2657);
#2290=LINE('',#5449,#2658);
#2291=LINE('',#5451,#2659);
#2292=LINE('',#5453,#2660);
#2293=LINE('',#5455,#2661);
#2294=LINE('',#5457,#2662);
#2295=LINE('',#5459,#2663);
#2296=LINE('',#5463,#2664);
#2297=LINE('',#5465,#2665);
#2298=LINE('',#5467,#2666);
#2299=LINE('',#5471,#2667);
#2300=LINE('',#5473,#2668);
#2301=LINE('',#5475,#2669);
#2302=LINE('',#5476,#2670);
#2303=LINE('',#5478,#2671);
#2304=LINE('',#5480,#2672);
#2305=LINE('',#5482,#2673);
#2306=LINE('',#5483,#2674);
#2307=LINE('',#5488,#2675);
#2308=LINE('',#5489,#2676);
#2309=LINE('',#5494,#2677);
#2310=LINE('',#5495,#2678);
#2311=LINE('',#5500,#2679);
#2312=LINE('',#5501,#2680);
#2313=LINE('',#5506,#2681);
#2314=LINE('',#5507,#2682);
#2315=LINE('',#5512,#2683);
#2316=LINE('',#5513,#2684);
#2317=LINE('',#5518,#2685);
#2318=LINE('',#5519,#2686);
#2319=LINE('',#5521,#2687);
#2320=LINE('',#5522,#2688);
#2321=LINE('',#5524,#2689);
#2322=LINE('',#5528,#2690);
#2323=LINE('',#5530,#2691);
#2324=LINE('',#5532,#2692);
#2325=LINE('',#5534,#2693);
#2326=LINE('',#5538,#2694);
#2327=LINE('',#5540,#2695);
#2328=LINE('',#5542,#2696);
#2329=LINE('',#5544,#2697);
#2330=LINE('',#5548,#2698);
#2331=LINE('',#5550,#2699);
#2332=LINE('',#5552,#2700);
#2333=LINE('',#5554,#2701);
#2334=LINE('',#5558,#2702);
#2335=LINE('',#5560,#2703);
#2336=LINE('',#5562,#2704);
#2337=LINE('',#5564,#2705);
#2338=LINE('',#5568,#2706);
#2339=LINE('',#5570,#2707);
#2340=LINE('',#5572,#2708);
#2341=LINE('',#5574,#2709);
#2342=LINE('',#5578,#2710);
#2343=LINE('',#5580,#2711);
#2344=LINE('',#5582,#2712);
#2345=LINE('',#5589,#2713);
#2346=LINE('',#5591,#2714);
#2347=LINE('',#5592,#2715);
#2348=LINE('',#5594,#2716);
#2349=LINE('',#5596,#2717);
#2350=LINE('',#5598,#2718);
#2351=LINE('',#5600,#2719);
#2352=LINE('',#5601,#2720);
#2353=LINE('',#5603,#2721);
#2354=LINE('',#5607,#2722);
#2355=LINE('',#5611,#2723);
#2356=LINE('',#5613,#2724);
#2357=LINE('',#5617,#2725);
#2358=LINE('',#5620,#2726);
#2359=LINE('',#5622,#2727);
#2360=LINE('',#5624,#2728);
#2361=LINE('',#5626,#2729);
#2362=LINE('',#5629,#2730);
#2363=LINE('',#5631,#2731);
#2364=LINE('',#5633,#2732);
#2365=LINE('',#5635,#2733);
#2366=LINE('',#5638,#2734);
#2367=LINE('',#5639,#2735);
#2368=LINE('',#5641,#2736);
#2369=LINE('',#5644,#2737);
#2370=LINE('',#5645,#2738);
#2371=LINE('',#5647,#2739);
#2372=LINE('',#5650,#2740);
#2373=LINE('',#5652,#2741);
#2374=LINE('',#5654,#2742);
#2375=LINE('',#5656,#2743);
#2376=LINE('',#5659,#2744);
#2377=LINE('',#5661,#2745);
#2378=LINE('',#5663,#2746);
#2379=LINE('',#5665,#2747);
#2380=LINE('',#5668,#2748);
#2381=LINE('',#5669,#2749);
#2382=LINE('',#5671,#2750);
#2383=LINE('',#5674,#2751);
#2384=LINE('',#5676,#2752);
#2385=LINE('',#5678,#2753);
#2386=LINE('',#5680,#2754);
#2387=LINE('',#5683,#2755);
#2388=LINE('',#5684,#2756);
#2389=LINE('',#5686,#2757);
#2390=LINE('',#5689,#2758);
#2391=LINE('',#5691,#2759);
#2392=LINE('',#5693,#2760);
#2393=LINE('',#5695,#2761);
#2394=LINE('',#5698,#2762);
#2395=LINE('',#5700,#2763);
#2396=LINE('',#5702,#2764);
#2397=LINE('',#5704,#2765);
#2398=LINE('',#5707,#2766);
#2399=LINE('',#5709,#2767);
#2400=LINE('',#5711,#2768);
#2401=LINE('',#5716,#2769);
#2402=LINE('',#5723,#2770);
#2403=LINE('',#5728,#2771);
#2404=LINE('',#5735,#2772);
#2405=LINE('',#5738,#2773);
#2406=LINE('',#5745,#2774);
#2407=LINE('',#5750,#2775);
#2408=LINE('',#5757,#2776);
#2409=LINE('',#5761,#2777);
#2410=LINE('',#5763,#2778);
#2411=LINE('',#5765,#2779);
#2412=LINE('',#5767,#2780);
#2413=LINE('',#5770,#2781);
#2414=LINE('',#5772,#2782);
#2415=LINE('',#5774,#2783);
#2416=LINE('',#5775,#2784);
#2417=LINE('',#5777,#2785);
#2418=LINE('',#5779,#2786);
#2419=LINE('',#5780,#2787);
#2420=LINE('',#5782,#2788);
#2421=LINE('',#5783,#2789);
#2422=LINE('',#5785,#2790);
#2423=LINE('',#5788,#2791);
#2424=LINE('',#5790,#2792);
#2425=LINE('',#5792,#2793);
#2426=LINE('',#5793,#2794);
#2427=LINE('',#5796,#2795);
#2428=LINE('',#5797,#2796);
#2429=LINE('',#5799,#2797);
#2430=LINE('',#5801,#2798);
#2431=LINE('',#5803,#2799);
#2432=LINE('',#5804,#2800);
#2433=LINE('',#5806,#2801);
#2434=LINE('',#5808,#2802);
#2435=LINE('',#5810,#2803);
#2436=LINE('',#5813,#2804);
#2437=LINE('',#5815,#2805);
#2438=LINE('',#5817,#2806);
#2439=LINE('',#5818,#2807);
#2440=LINE('',#5820,#2808);
#2441=LINE('',#5822,#2809);
#2442=LINE('',#5824,#2810);
#2443=LINE('',#5825,#2811);
#2444=LINE('',#5827,#2812);
#2445=LINE('',#5829,#2813);
#2446=LINE('',#5831,#2814);
#2447=LINE('',#5833,#2815);
#2448=LINE('',#5835,#2816);
#2449=LINE('',#5837,#2817);
#2450=LINE('',#5839,#2818);
#2451=LINE('',#5841,#2819);
#2452=LINE('',#5843,#2820);
#2453=LINE('',#5861,#2821);
#2454=LINE('',#5863,#2822);
#2455=LINE('',#5865,#2823);
#2456=LINE('',#5867,#2824);
#2457=LINE('',#5871,#2825);
#2458=LINE('',#5876,#2826);
#2459=LINE('',#5878,#2827);
#2460=LINE('',#5880,#2828);
#2461=LINE('',#5882,#2829);
#2462=LINE('',#5886,#2830);
#2463=LINE('',#5891,#2831);
#2464=LINE('',#5893,#2832);
#2465=LINE('',#5895,#2833);
#2466=LINE('',#5897,#2834);
#2467=LINE('',#5901,#2835);
#2468=LINE('',#5906,#2836);
#2469=LINE('',#5908,#2837);
#2470=LINE('',#5912,#2838);
#2471=LINE('',#5914,#2839);
#2472=LINE('',#5916,#2840);
#2473=LINE('',#5942,#2841);
#2474=LINE('',#5946,#2842);
#2475=LINE('',#5948,#2843);
#2476=LINE('',#5953,#2844);
#2477=LINE('',#5957,#2845);
#2478=LINE('',#5959,#2846);
#2479=LINE('',#5965,#2847);
#2480=LINE('',#5967,#2848);
#2481=LINE('',#5969,#2849);
#2482=LINE('',#5971,#2850);
#2483=LINE('',#5973,#2851);
#2484=LINE('',#5975,#2852);
#2485=LINE('',#5977,#2853);
#2486=LINE('',#5979,#2854);
#2487=LINE('',#5982,#2855);
#2488=LINE('',#5984,#2856);
#2489=LINE('',#5986,#2857);
#2490=LINE('',#5988,#2858);
#2491=LINE('',#5990,#2859);
#2492=LINE('',#5992,#2860);
#2493=LINE('',#5994,#2861);
#2494=LINE('',#5996,#2862);
#2495=LINE('',#5999,#2863);
#2496=LINE('',#6001,#2864);
#2497=LINE('',#6003,#2865);
#2498=LINE('',#6005,#2866);
#2499=LINE('',#6007,#2867);
#2500=LINE('',#6009,#2868);
#2501=LINE('',#6011,#2869);
#2502=LINE('',#6013,#2870);
#2503=LINE('',#6016,#2871);
#2504=LINE('',#6018,#2872);
#2505=LINE('',#6020,#2873);
#2506=LINE('',#6022,#2874);
#2507=LINE('',#6024,#2875);
#2508=LINE('',#6026,#2876);
#2509=LINE('',#6028,#2877);
#2510=LINE('',#6030,#2878);
#2511=LINE('',#6035,#2879);
#2512=LINE('',#6037,#2880);
#2513=LINE('',#6041,#2881);
#2514=LINE('',#6045,#2882);
#2515=LINE('',#6047,#2883);
#2516=LINE('',#6051,#2884);
#2517=LINE('',#6053,#2885);
#2518=LINE('',#6054,#2886);
#2519=LINE('',#6056,#2887);
#2520=LINE('',#6058,#2888);
#2521=LINE('',#6062,#2889);
#2522=LINE('',#6064,#2890);
#2523=LINE('',#6067,#2891);
#2524=LINE('',#6071,#2892);
#2525=LINE('',#6075,#2893);
#2526=LINE('',#6077,#2894);
#2527=LINE('',#6079,#2895);
#2528=LINE('',#6085,#2896);
#2529=LINE('',#6089,#2897);
#2530=LINE('',#6091,#2898);
#2531=LINE('',#6097,#2899);
#2532=LINE('',#6099,#2900);
#2533=LINE('',#6101,#2901);
#2534=LINE('',#6107,#2902);
#2535=LINE('',#6111,#2903);
#2536=LINE('',#6113,#2904);
#2537=LINE('',#6119,#2905);
#2538=LINE('',#6121,#2906);
#2539=LINE('',#6123,#2907);
#2540=LINE('',#6129,#2908);
#2541=LINE('',#6133,#2909);
#2542=LINE('',#6137,#2910);
#2543=LINE('',#6141,#2911);
#2544=LINE('',#6143,#2912);
#2545=LINE('',#6145,#2913);
#2546=LINE('',#6151,#2914);
#2547=LINE('',#6155,#2915);
#2548=LINE('',#6159,#2916);
#2549=LINE('',#6163,#2917);
#2550=LINE('',#6165,#2918);
#2551=LINE('',#6167,#2919);
#2552=LINE('',#6173,#2920);
#2553=LINE('',#6180,#2921);
#2554=LINE('',#6184,#2922);
#2555=LINE('',#6191,#2923);
#2556=LINE('',#6192,#2924);
#2557=LINE('',#6194,#2925);
#2558=LINE('',#6196,#2926);
#2559=LINE('',#6206,#2927);
#2560=LINE('',#6208,#2928);
#2561=LINE('',#6209,#2929);
#2562=LINE('',#6211,#2930);
#2563=LINE('',#6215,#2931);
#2564=LINE('',#6216,#2932);
#2565=LINE('',#6220,#2933);
#2566=LINE('',#6221,#2934);
#2567=LINE('',#6223,#2935);
#2568=LINE('',#6224,#2936);
#2569=LINE('',#6226,#2937);
#2570=LINE('',#6229,#2938);
#2571=LINE('',#6233,#2939);
#2572=LINE('',#6235,#2940);
#2573=LINE('',#6239,#2941);
#2574=LINE('',#6243,#2942);
#2575=LINE('',#6245,#2943);
#2576=LINE('',#6249,#2944);
#2577=LINE('',#6251,#2945);
#2578=LINE('',#6253,#2946);
#2579=LINE('',#6254,#2947);
#2580=LINE('',#6255,#2948);
#2581=VECTOR('',#4103,1.);
#2582=VECTOR('',#4106,1.);
#2583=VECTOR('',#4109,1.);
#2584=VECTOR('',#4112,1.);
#2585=VECTOR('',#4117,1.);
#2586=VECTOR('',#4120,1.);
#2587=VECTOR('',#4123,1.);
#2588=VECTOR('',#4126,1.);
#2589=VECTOR('',#4129,1.);
#2590=VECTOR('',#4132,1.);
#2591=VECTOR('',#4135,1.);
#2592=VECTOR('',#4138,1.);
#2593=VECTOR('',#4141,1.);
#2594=VECTOR('',#4144,1.);
#2595=VECTOR('',#4147,1.);
#2596=VECTOR('',#4150,1.);
#2597=VECTOR('',#4153,1.);
#2598=VECTOR('',#4156,1.);
#2599=VECTOR('',#4157,1.);
#2600=VECTOR('',#4160,1.);
#2601=VECTOR('',#4163,1.);
#2602=VECTOR('',#4168,1.);
#2603=VECTOR('',#4171,1.);
#2604=VECTOR('',#4174,1.);
#2605=VECTOR('',#4183,1.);
#2606=VECTOR('',#4186,1.);
#2607=VECTOR('',#4193,1.);
#2608=VECTOR('',#4194,1.);
#2609=VECTOR('',#4199,1.);
#2610=VECTOR('',#4202,1.);
#2611=VECTOR('',#4205,1.);
#2612=VECTOR('',#4206,1.);
#2613=VECTOR('',#4209,1.);
#2614=VECTOR('',#4212,1.);
#2615=VECTOR('',#4215,1.);
#2616=VECTOR('',#4218,1.);
#2617=VECTOR('',#4221,1.);
#2618=VECTOR('',#4224,1.);
#2619=VECTOR('',#4227,1.);
#2620=VECTOR('',#4230,1.);
#2621=VECTOR('',#4237,1.);
#2622=VECTOR('',#4240,1.);
#2623=VECTOR('',#4243,1.);
#2624=VECTOR('',#4246,1.);
#2625=VECTOR('',#4249,1.);
#2626=VECTOR('',#4252,1.);
#2627=VECTOR('',#4255,1.);
#2628=VECTOR('',#4256,1.);
#2629=VECTOR('',#4257,1.);
#2630=VECTOR('',#4258,1.);
#2631=VECTOR('',#4259,1.);
#2632=VECTOR('',#4260,1.);
#2633=VECTOR('',#4263,1.);
#2634=VECTOR('',#4264,1.);
#2635=VECTOR('',#4265,1.);
#2636=VECTOR('',#4266,1.);
#2637=VECTOR('',#4267,1.);
#2638=VECTOR('',#4268,1.);
#2639=VECTOR('',#4271,1.);
#2640=VECTOR('',#4272,1.);
#2641=VECTOR('',#4273,1.);
#2642=VECTOR('',#4276,1.);
#2643=VECTOR('',#4277,1.);
#2644=VECTOR('',#4278,1.);
#2645=VECTOR('',#4281,1.);
#2646=VECTOR('',#4282,1.);
#2647=VECTOR('',#4283,1.);
#2648=VECTOR('',#4284,1.);
#2649=VECTOR('',#4285,1.);
#2650=VECTOR('',#4286,1.);
#2651=VECTOR('',#4287,1.);
#2652=VECTOR('',#4288,1.);
#2653=VECTOR('',#4289,1.);
#2654=VECTOR('',#4290,1.);
#2655=VECTOR('',#4291,1.);
#2656=VECTOR('',#4292,1.);
#2657=VECTOR('',#4293,1.);
#2658=VECTOR('',#4294,1.);
#2659=VECTOR('',#4295,1.);
#2660=VECTOR('',#4296,1.);
#2661=VECTOR('',#4299,1.);
#2662=VECTOR('',#4300,1.);
#2663=VECTOR('',#4301,1.);
#2664=VECTOR('',#4304,1.);
#2665=VECTOR('',#4305,1.);
#2666=VECTOR('',#4306,1.);
#2667=VECTOR('',#4309,1.);
#2668=VECTOR('',#4310,1.);
#2669=VECTOR('',#4311,1.);
#2670=VECTOR('',#4312,1.);
#2671=VECTOR('',#4313,1.);
#2672=VECTOR('',#4316,1.);
#2673=VECTOR('',#4319,1.);
#2674=VECTOR('',#4320,1.);
#2675=VECTOR('',#4325,1.);
#2676=VECTOR('',#4326,1.);
#2677=VECTOR('',#4331,1.);
#2678=VECTOR('',#4332,1.);
#2679=VECTOR('',#4337,1.);
#2680=VECTOR('',#4338,1.);
#2681=VECTOR('',#4343,1.);
#2682=VECTOR('',#4344,1.);
#2683=VECTOR('',#4349,1.);
#2684=VECTOR('',#4350,1.);
#2685=VECTOR('',#4355,1.);
#2686=VECTOR('',#4356,1.);
#2687=VECTOR('',#4359,1.);
#2688=VECTOR('',#4360,1.);
#2689=VECTOR('',#4363,1.);
#2690=VECTOR('',#4366,1.);
#2691=VECTOR('',#4369,1.);
#2692=VECTOR('',#4372,1.);
#2693=VECTOR('',#4375,1.);
#2694=VECTOR('',#4378,1.);
#2695=VECTOR('',#4381,1.);
#2696=VECTOR('',#4384,1.);
#2697=VECTOR('',#4387,1.);
#2698=VECTOR('',#4390,1.);
#2699=VECTOR('',#4393,1.);
#2700=VECTOR('',#4396,1.);
#2701=VECTOR('',#4399,1.);
#2702=VECTOR('',#4402,1.);
#2703=VECTOR('',#4405,1.);
#2704=VECTOR('',#4408,1.);
#2705=VECTOR('',#4411,1.);
#2706=VECTOR('',#4414,1.);
#2707=VECTOR('',#4417,1.);
#2708=VECTOR('',#4420,1.);
#2709=VECTOR('',#4423,1.);
#2710=VECTOR('',#4426,1.);
#2711=VECTOR('',#4429,1.);
#2712=VECTOR('',#4432,1.);
#2713=VECTOR('',#4439,1.);
#2714=VECTOR('',#4440,1.);
#2715=VECTOR('',#4441,1.);
#2716=VECTOR('',#4444,1.);
#2717=VECTOR('',#4445,1.);
#2718=VECTOR('',#4446,1.);
#2719=VECTOR('',#4447,1.);
#2720=VECTOR('',#4448,1.);
#2721=VECTOR('',#4449,1.);
#2722=VECTOR('',#4452,1.);
#2723=VECTOR('',#4457,1.);
#2724=VECTOR('',#4460,1.);
#2725=VECTOR('',#4467,1.);
#2726=VECTOR('',#4468,1.);
#2727=VECTOR('',#4469,1.);
#2728=VECTOR('',#4470,1.);
#2729=VECTOR('',#4473,1.);
#2730=VECTOR('',#4474,1.);
#2731=VECTOR('',#4475,1.);
#2732=VECTOR('',#4476,1.);
#2733=VECTOR('',#4479,1.);
#2734=VECTOR('',#4480,1.);
#2735=VECTOR('',#4481,1.);
#2736=VECTOR('',#4484,1.);
#2737=VECTOR('',#4485,1.);
#2738=VECTOR('',#4486,1.);
#2739=VECTOR('',#4489,1.);
#2740=VECTOR('',#4490,1.);
#2741=VECTOR('',#4491,1.);
#2742=VECTOR('',#4492,1.);
#2743=VECTOR('',#4495,1.);
#2744=VECTOR('',#4496,1.);
#2745=VECTOR('',#4497,1.);
#2746=VECTOR('',#4498,1.);
#2747=VECTOR('',#4501,1.);
#2748=VECTOR('',#4502,1.);
#2749=VECTOR('',#4503,1.);
#2750=VECTOR('',#4506,1.);
#2751=VECTOR('',#4507,1.);
#2752=VECTOR('',#4508,1.);
#2753=VECTOR('',#4509,1.);
#2754=VECTOR('',#4512,1.);
#2755=VECTOR('',#4513,1.);
#2756=VECTOR('',#4514,1.);
#2757=VECTOR('',#4517,1.);
#2758=VECTOR('',#4518,1.);
#2759=VECTOR('',#4519,1.);
#2760=VECTOR('',#4520,1.);
#2761=VECTOR('',#4523,1.);
#2762=VECTOR('',#4524,1.);
#2763=VECTOR('',#4525,1.);
#2764=VECTOR('',#4526,1.);
#2765=VECTOR('',#4529,1.);
#2766=VECTOR('',#4530,1.);
#2767=VECTOR('',#4531,1.);
#2768=VECTOR('',#4532,1.);
#2769=VECTOR('',#4539,1.);
#2770=VECTOR('',#4548,1.);
#2771=VECTOR('',#4555,1.);
#2772=VECTOR('',#4564,1.);
#2773=VECTOR('',#4569,1.);
#2774=VECTOR('',#4578,1.);
#2775=VECTOR('',#4585,1.);
#2776=VECTOR('',#4594,1.);
#2777=VECTOR('',#4599,1.);
#2778=VECTOR('',#4600,1.);
#2779=VECTOR('',#4601,1.);
#2780=VECTOR('',#4604,1.);
#2781=VECTOR('',#4605,1.);
#2782=VECTOR('',#4606,1.);
#2783=VECTOR('',#4607,1.);
#2784=VECTOR('',#4608,1.);
#2785=VECTOR('',#4609,1.);
#2786=VECTOR('',#4610,1.);
#2787=VECTOR('',#4611,1.);
#2788=VECTOR('',#4614,1.);
#2789=VECTOR('',#4615,1.);
#2790=VECTOR('',#4618,1.);
#2791=VECTOR('',#4619,1.);
#2792=VECTOR('',#4620,1.);
#2793=VECTOR('',#4621,1.);
#2794=VECTOR('',#4622,1.);
#2795=VECTOR('',#4623,1.);
#2796=VECTOR('',#4624,1.);
#2797=VECTOR('',#4625,1.);
#2798=VECTOR('',#4628,1.);
#2799=VECTOR('',#4631,1.);
#2800=VECTOR('',#4632,1.);
#2801=VECTOR('',#4635,1.);
#2802=VECTOR('',#4636,1.);
#2803=VECTOR('',#4639,1.);
#2804=VECTOR('',#4640,1.);
#2805=VECTOR('',#4641,1.);
#2806=VECTOR('',#4642,1.);
#2807=VECTOR('',#4643,1.);
#2808=VECTOR('',#4644,1.);
#2809=VECTOR('',#4645,1.);
#2810=VECTOR('',#4648,1.);
#2811=VECTOR('',#4649,1.);
#2812=VECTOR('',#4652,1.);
#2813=VECTOR('',#4655,1.);
#2814=VECTOR('',#4658,1.);
#2815=VECTOR('',#4661,1.);
#2816=VECTOR('',#4662,1.);
#2817=VECTOR('',#4663,1.);
#2818=VECTOR('',#4666,1.);
#2819=VECTOR('',#4667,1.);
#2820=VECTOR('',#4668,1.);
#2821=VECTOR('',#4691,1.);
#2822=VECTOR('',#4692,1.);
#2823=VECTOR('',#4695,1.);
#2824=VECTOR('',#4696,1.);
#2825=VECTOR('',#4701,1.);
#2826=VECTOR('',#4708,1.);
#2827=VECTOR('',#4709,1.);
#2828=VECTOR('',#4712,1.);
#2829=VECTOR('',#4713,1.);
#2830=VECTOR('',#4718,1.);
#2831=VECTOR('',#4725,1.);
#2832=VECTOR('',#4726,1.);
#2833=VECTOR('',#4729,1.);
#2834=VECTOR('',#4730,1.);
#2835=VECTOR('',#4735,1.);
#2836=VECTOR('',#4742,1.);
#2837=VECTOR('',#4743,1.);
#2838=VECTOR('',#4748,1.);
#2839=VECTOR('',#4749,1.);
#2840=VECTOR('',#4752,1.);
#2841=VECTOR('',#4789,1.);
#2842=VECTOR('',#4792,1.);
#2843=VECTOR('',#4795,1.);
#2844=VECTOR('',#4800,1.);
#2845=VECTOR('',#4803,1.);
#2846=VECTOR('',#4806,1.);
#2847=VECTOR('',#4815,1.);
#2848=VECTOR('',#4816,1.);
#2849=VECTOR('',#4817,1.);
#2850=VECTOR('',#4820,1.);
#2851=VECTOR('',#4821,1.);
#2852=VECTOR('',#4824,1.);
#2853=VECTOR('',#4825,1.);
#2854=VECTOR('',#4828,1.);
#2855=VECTOR('',#4833,1.);
#2856=VECTOR('',#4834,1.);
#2857=VECTOR('',#4835,1.);
#2858=VECTOR('',#4838,1.);
#2859=VECTOR('',#4839,1.);
#2860=VECTOR('',#4842,1.);
#2861=VECTOR('',#4843,1.);
#2862=VECTOR('',#4846,1.);
#2863=VECTOR('',#4851,1.);
#2864=VECTOR('',#4852,1.);
#2865=VECTOR('',#4853,1.);
#2866=VECTOR('',#4856,1.);
#2867=VECTOR('',#4857,1.);
#2868=VECTOR('',#4860,1.);
#2869=VECTOR('',#4861,1.);
#2870=VECTOR('',#4864,1.);
#2871=VECTOR('',#4869,1.);
#2872=VECTOR('',#4870,1.);
#2873=VECTOR('',#4871,1.);
#2874=VECTOR('',#4874,1.);
#2875=VECTOR('',#4875,1.);
#2876=VECTOR('',#4878,1.);
#2877=VECTOR('',#4879,1.);
#2878=VECTOR('',#4882,1.);
#2879=VECTOR('',#4891,1.);
#2880=VECTOR('',#4892,1.);
#2881=VECTOR('',#4895,1.);
#2882=VECTOR('',#4900,1.);
#2883=VECTOR('',#4901,1.);
#2884=VECTOR('',#4904,1.);
#2885=VECTOR('',#4905,1.);
#2886=VECTOR('',#4906,1.);
#2887=VECTOR('',#4907,1.);
#2888=VECTOR('',#4908,1.);
#2889=VECTOR('',#4913,1.);
#2890=VECTOR('',#4916,1.);
#2891=VECTOR('',#4921,1.);
#2892=VECTOR('',#4924,1.);
#2893=VECTOR('',#4929,1.);
#2894=VECTOR('',#4930,1.);
#2895=VECTOR('',#4933,1.);
#2896=VECTOR('',#4940,1.);
#2897=VECTOR('',#4947,1.);
#2898=VECTOR('',#4948,1.);
#2899=VECTOR('',#4955,1.);
#2900=VECTOR('',#4956,1.);
#2901=VECTOR('',#4959,1.);
#2902=VECTOR('',#4966,1.);
#2903=VECTOR('',#4973,1.);
#2904=VECTOR('',#4974,1.);
#2905=VECTOR('',#4981,1.);
#2906=VECTOR('',#4982,1.);
#2907=VECTOR('',#4985,1.);
#2908=VECTOR('',#4992,1.);
#2909=VECTOR('',#4999,1.);
#2910=VECTOR('',#5002,1.);
#2911=VECTOR('',#5007,1.);
#2912=VECTOR('',#5008,1.);
#2913=VECTOR('',#5011,1.);
#2914=VECTOR('',#5018,1.);
#2915=VECTOR('',#5025,1.);
#2916=VECTOR('',#5028,1.);
#2917=VECTOR('',#5033,1.);
#2918=VECTOR('',#5034,1.);
#2919=VECTOR('',#5037,1.);
#2920=VECTOR('',#5044,1.);
#2921=VECTOR('',#5053,1.);
#2922=VECTOR('',#5056,1.);
#2923=VECTOR('',#5065,1.);
#2924=VECTOR('',#5066,1.);
#2925=VECTOR('',#5069,1.);
#2926=VECTOR('',#5072,1.);
#2927=VECTOR('',#5091,1.);
#2928=VECTOR('',#5092,1.);
#2929=VECTOR('',#5093,1.);
#2930=VECTOR('',#5096,1.);
#2931=VECTOR('',#5099,1.);
#2932=VECTOR('',#5100,1.);
#2933=VECTOR('',#5103,1.);
#2934=VECTOR('',#5104,1.);
#2935=VECTOR('',#5105,1.);
#2936=VECTOR('',#5106,1.);
#2937=VECTOR('',#5109,1.);
#2938=VECTOR('',#5114,1.);
#2939=VECTOR('',#5119,1.);
#2940=VECTOR('',#5122,1.);
#2941=VECTOR('',#5129,1.);
#2942=VECTOR('',#5134,1.);
#2943=VECTOR('',#5137,1.);
#2944=VECTOR('',#5144,1.);
#2945=VECTOR('',#5145,1.);
#2946=VECTOR('',#5148,1.);
#2947=VECTOR('',#5149,1.);
#2948=VECTOR('',#5150,1.);
#2949=EDGE_LOOP('',(#312,#313,#314,#315,#316,#317,#318));
#2950=EDGE_LOOP('',(#319));
#2951=EDGE_LOOP('',(#320,#321,#322,#323));
#2952=EDGE_LOOP('',(#324,#325,#326,#327));
#2953=EDGE_LOOP('',(#328,#329,#330,#331));
#2954=EDGE_LOOP('',(#332,#333,#334,#335));
#2955=EDGE_LOOP('',(#336,#337,#338,#339));
#2956=EDGE_LOOP('',(#340,#341,#342,#343));
#2957=EDGE_LOOP('',(#344,#345,#346,#347,#348,#349,#350,#351,#352,#353,#354,
#355,#356,#357,#358,#359,#360,#361,#362,#363,#364,#365,#366));
#2958=EDGE_LOOP('',(#367,#368,#369,#370));
#2959=EDGE_LOOP('',(#371,#372,#373,#374,#375,#376,#377,#378,#379,#380,#381,
#382));
#2960=EDGE_LOOP('',(#383,#384,#385,#386));
#2961=EDGE_LOOP('',(#387,#388,#389,#390));
#2962=EDGE_LOOP('',(#391,#392,#393,#394));
#2963=EDGE_LOOP('',(#395));
#2964=EDGE_LOOP('',(#396));
#2965=EDGE_LOOP('',(#397));
#2966=EDGE_LOOP('',(#398));
#2967=EDGE_LOOP('',(#399));
#2968=EDGE_LOOP('',(#400,#401,#402,#403));
#2969=EDGE_LOOP('',(#404,#405,#406,#407));
#2970=EDGE_LOOP('',(#408,#409,#410,#411));
#2971=EDGE_LOOP('',(#412,#413,#414,#415,#416,#417,#418,#419,#420,#421));
#2972=EDGE_LOOP('',(#422,#423,#424,#425,#426,#427,#428,#429,#430,#431,#432,
#433,#434,#435,#436));
#2973=EDGE_LOOP('',(#437,#438,#439,#440));
#2974=EDGE_LOOP('',(#441,#442,#443,#444,#445,#446,#447,#448,#449,#450,#451,
#452,#453));
#2975=EDGE_LOOP('',(#454,#455,#456,#457,#458,#459,#460,#461,#462,#463,#464,
#465,#466,#467,#468));
#2976=EDGE_LOOP('',(#469,#470,#471));
#2977=EDGE_LOOP('',(#472,#473,#474,#475));
#2978=EDGE_LOOP('',(#476,#477,#478,#479));
#2979=EDGE_LOOP('',(#480,#481,#482,#483));
#2980=EDGE_LOOP('',(#484,#485,#486,#487));
#2981=EDGE_LOOP('',(#488,#489,#490,#491));
#2982=EDGE_LOOP('',(#492,#493,#494,#495));
#2983=EDGE_LOOP('',(#496,#497,#498,#499));
#2984=EDGE_LOOP('',(#500,#501,#502,#503));
#2985=EDGE_LOOP('',(#504,#505,#506,#507));
#2986=EDGE_LOOP('',(#508,#509,#510,#511));
#2987=EDGE_LOOP('',(#512,#513,#514,#515));
#2988=EDGE_LOOP('',(#516,#517,#518,#519));
#2989=EDGE_LOOP('',(#520,#521,#522,#523));
#2990=EDGE_LOOP('',(#524,#525,#526,#527));
#2991=EDGE_LOOP('',(#528,#529,#530,#531));
#2992=EDGE_LOOP('',(#532,#533,#534,#535));
#2993=EDGE_LOOP('',(#536,#537,#538,#539));
#2994=EDGE_LOOP('',(#540,#541,#542,#543));
#2995=EDGE_LOOP('',(#544,#545,#546,#547));
#2996=EDGE_LOOP('',(#548,#549,#550,#551));
#2997=EDGE_LOOP('',(#552,#553,#554,#555));
#2998=EDGE_LOOP('',(#556,#557,#558,#559));
#2999=EDGE_LOOP('',(#560,#561,#562,#563));
#3000=EDGE_LOOP('',(#564,#565,#566,#567));
#3001=EDGE_LOOP('',(#568,#569,#570,#571));
#3002=EDGE_LOOP('',(#572,#573,#574,#575));
#3003=EDGE_LOOP('',(#576));
#3004=EDGE_LOOP('',(#577,#578,#579,#580,#581,#582,#583));
#3005=EDGE_LOOP('',(#584,#585,#586,#587,#588,#589,#590,#591,#592,#593,#594,
#595));
#3006=EDGE_LOOP('',(#596));
#3007=EDGE_LOOP('',(#597,#598,#599,#600));
#3008=EDGE_LOOP('',(#601,#602,#603,#604));
#3009=EDGE_LOOP('',(#605));
#3010=EDGE_LOOP('',(#606));
#3011=EDGE_LOOP('',(#607,#608,#609,#610));
#3012=EDGE_LOOP('',(#611,#612,#613,#614));
#3013=EDGE_LOOP('',(#615,#616,#617,#618));
#3014=EDGE_LOOP('',(#619,#620,#621,#622));
#3015=EDGE_LOOP('',(#623,#624,#625,#626));
#3016=EDGE_LOOP('',(#627,#628,#629,#630));
#3017=EDGE_LOOP('',(#631,#632,#633,#634));
#3018=EDGE_LOOP('',(#635,#636,#637,#638));
#3019=EDGE_LOOP('',(#639,#640,#641,#642));
#3020=EDGE_LOOP('',(#643,#644,#645,#646));
#3021=EDGE_LOOP('',(#647,#648,#649,#650));
#3022=EDGE_LOOP('',(#651,#652,#653,#654));
#3023=EDGE_LOOP('',(#655,#656,#657,#658));
#3024=EDGE_LOOP('',(#659,#660,#661,#662,#663,#664));
#3025=EDGE_LOOP('',(#665,#666,#667,#668,#669,#670));
#3026=EDGE_LOOP('',(#671,#672,#673,#674,#675,#676));
#3027=EDGE_LOOP('',(#677,#678,#679,#680,#681,#682));
#3028=EDGE_LOOP('',(#683,#684,#685,#686,#687,#688));
#3029=EDGE_LOOP('',(#689,#690,#691,#692,#693,#694));
#3030=EDGE_LOOP('',(#695,#696,#697,#698,#699,#700));
#3031=EDGE_LOOP('',(#701,#702,#703,#704,#705,#706));
#3032=EDGE_LOOP('',(#707,#708,#709,#710));
#3033=EDGE_LOOP('',(#711,#712,#713,#714));
#3034=EDGE_LOOP('',(#715,#716,#717,#718,#719));
#3035=EDGE_LOOP('',(#720,#721,#722,#723));
#3036=EDGE_LOOP('',(#724,#725,#726,#727));
#3037=EDGE_LOOP('',(#728,#729,#730,#731,#732));
#3038=EDGE_LOOP('',(#733,#734,#735,#736));
#3039=EDGE_LOOP('',(#737,#738,#739,#740));
#3040=EDGE_LOOP('',(#741,#742,#743,#744));
#3041=EDGE_LOOP('',(#745,#746,#747,#748));
#3042=EDGE_LOOP('',(#749,#750,#751,#752,#753));
#3043=EDGE_LOOP('',(#754,#755,#756,#757));
#3044=EDGE_LOOP('',(#758,#759,#760,#761));
#3045=EDGE_LOOP('',(#762,#763,#764,#765));
#3046=EDGE_LOOP('',(#766,#767,#768));
#3047=EDGE_LOOP('',(#769,#770,#771,#772,#773,#774,#775,#776,#777,#778,#779,
#780));
#3048=EDGE_LOOP('',(#781,#782,#783,#784,#785,#786,#787,#788,#789,#790,#791,
#792));
#3049=EDGE_LOOP('',(#793));
#3050=EDGE_LOOP('',(#794));
#3051=EDGE_LOOP('',(#795));
#3052=EDGE_LOOP('',(#796));
#3053=EDGE_LOOP('',(#797));
#3054=EDGE_LOOP('',(#798));
#3055=EDGE_LOOP('',(#799));
#3056=EDGE_LOOP('',(#800));
#3057=EDGE_LOOP('',(#801));
#3058=EDGE_LOOP('',(#802,#803,#804,#805));
#3059=EDGE_LOOP('',(#806,#807,#808,#809));
#3060=EDGE_LOOP('',(#810));
#3061=EDGE_LOOP('',(#811,#812,#813,#814));
#3062=EDGE_LOOP('',(#815,#816,#817,#818,#819,#820));
#3063=EDGE_LOOP('',(#821));
#3064=EDGE_LOOP('',(#822,#823,#824,#825));
#3065=EDGE_LOOP('',(#826,#827,#828,#829));
#3066=EDGE_LOOP('',(#830));
#3067=EDGE_LOOP('',(#831,#832,#833,#834));
#3068=EDGE_LOOP('',(#835,#836,#837,#838,#839,#840));
#3069=EDGE_LOOP('',(#841));
#3070=EDGE_LOOP('',(#842,#843,#844,#845));
#3071=EDGE_LOOP('',(#846,#847,#848,#849));
#3072=EDGE_LOOP('',(#850));
#3073=EDGE_LOOP('',(#851,#852,#853,#854));
#3074=EDGE_LOOP('',(#855,#856,#857,#858,#859,#860));
#3075=EDGE_LOOP('',(#861));
#3076=EDGE_LOOP('',(#862,#863,#864,#865));
#3077=EDGE_LOOP('',(#866));
#3078=EDGE_LOOP('',(#867,#868,#869,#870));
#3079=EDGE_LOOP('',(#871,#872,#873,#874));
#3080=EDGE_LOOP('',(#875,#876,#877,#878,#879,#880));
#3081=EDGE_LOOP('',(#881));
#3082=EDGE_LOOP('',(#882));
#3083=EDGE_LOOP('',(#883));
#3084=EDGE_LOOP('',(#884));
#3085=EDGE_LOOP('',(#885));
#3086=EDGE_LOOP('',(#886));
#3087=EDGE_LOOP('',(#887));
#3088=EDGE_LOOP('',(#888));
#3089=EDGE_LOOP('',(#889));
#3090=EDGE_LOOP('',(#890));
#3091=EDGE_LOOP('',(#891));
#3092=EDGE_LOOP('',(#892));
#3093=EDGE_LOOP('',(#893));
#3094=EDGE_LOOP('',(#894));
#3095=EDGE_LOOP('',(#895));
#3096=EDGE_LOOP('',(#896,#897,#898,#899));
#3097=EDGE_LOOP('',(#900));
#3098=EDGE_LOOP('',(#901,#902));
#3099=EDGE_LOOP('',(#903,#904,#905,#906));
#3100=EDGE_LOOP('',(#907));
#3101=EDGE_LOOP('',(#908,#909));
#3102=EDGE_LOOP('',(#910));
#3103=EDGE_LOOP('',(#911));
#3104=EDGE_LOOP('',(#912));
#3105=EDGE_LOOP('',(#913,#914,#915,#916));
#3106=EDGE_LOOP('',(#917,#918,#919,#920));
#3107=EDGE_LOOP('',(#921,#922,#923,#924));
#3108=EDGE_LOOP('',(#925,#926,#927,#928));
#3109=EDGE_LOOP('',(#929));
#3110=EDGE_LOOP('',(#930,#931,#932,#933));
#3111=EDGE_LOOP('',(#934,#935,#936,#937));
#3112=EDGE_LOOP('',(#938,#939,#940,#941));
#3113=EDGE_LOOP('',(#942,#943,#944,#945));
#3114=EDGE_LOOP('',(#946,#947,#948,#949));
#3115=EDGE_LOOP('',(#950));
#3116=EDGE_LOOP('',(#951,#952,#953,#954));
#3117=EDGE_LOOP('',(#955,#956,#957,#958));
#3118=EDGE_LOOP('',(#959,#960,#961,#962));
#3119=EDGE_LOOP('',(#963,#964,#965,#966));
#3120=EDGE_LOOP('',(#967,#968,#969,#970));
#3121=EDGE_LOOP('',(#971));
#3122=EDGE_LOOP('',(#972,#973,#974,#975));
#3123=EDGE_LOOP('',(#976,#977,#978,#979));
#3124=EDGE_LOOP('',(#980,#981,#982,#983));
#3125=EDGE_LOOP('',(#984,#985,#986,#987));
#3126=EDGE_LOOP('',(#988,#989,#990,#991));
#3127=EDGE_LOOP('',(#992));
#3128=EDGE_LOOP('',(#993,#994,#995,#996));
#3129=EDGE_LOOP('',(#997));
#3130=EDGE_LOOP('',(#998));
#3131=EDGE_LOOP('',(#999));
#3132=EDGE_LOOP('',(#1000,#1001,#1002,#1003,#1004,#1005,#1006,#1007,#1008,
#1009,#1010,#1011,#1012,#1013,#1014,#1015,#1016,#1017,#1018,#1019,#1020,
#1021,#1022,#1023,#1024,#1025,#1026,#1027,#1028,#1029,#1030,#1031));
#3133=EDGE_LOOP('',(#1032,#1033,#1034,#1035,#1036,#1037,#1038));
#3134=EDGE_LOOP('',(#1039));
#3135=EDGE_LOOP('',(#1040,#1041,#1042,#1043,#1044,#1045,#1046,#1047,#1048,
#1049,#1050,#1051));
#3136=EDGE_LOOP('',(#1052));
#3137=EDGE_LOOP('',(#1053,#1054,#1055,#1056));
#3138=EDGE_LOOP('',(#1057,#1058,#1059,#1060));
#3139=EDGE_LOOP('',(#1061));
#3140=EDGE_LOOP('',(#1062));
#3141=EDGE_LOOP('',(#1063,#1064,#1065,#1066));
#3142=EDGE_LOOP('',(#1067));
#3143=EDGE_LOOP('',(#1068,#1069,#1070,#1071));
#3144=EDGE_LOOP('',(#1072,#1073,#1074,#1075));
#3145=EDGE_LOOP('',(#1076));
#3146=EDGE_LOOP('',(#1077,#1078,#1079,#1080));
#3147=EDGE_LOOP('',(#1081,#1082,#1083,#1084));
#3148=EDGE_LOOP('',(#1085));
#3149=EDGE_LOOP('',(#1086));
#3150=EDGE_LOOP('',(#1087,#1088,#1089,#1090));
#3151=EDGE_LOOP('',(#1091));
#3152=EDGE_LOOP('',(#1092,#1093,#1094,#1095));
#3153=EDGE_LOOP('',(#1096,#1097,#1098,#1099));
#3154=EDGE_LOOP('',(#1100));
#3155=EDGE_LOOP('',(#1101,#1102,#1103,#1104));
#3156=EDGE_LOOP('',(#1105,#1106,#1107,#1108));
#3157=EDGE_LOOP('',(#1109));
#3158=EDGE_LOOP('',(#1110));
#3159=EDGE_LOOP('',(#1111,#1112,#1113,#1114));
#3160=EDGE_LOOP('',(#1115));
#3161=EDGE_LOOP('',(#1116,#1117,#1118,#1119));
#3162=EDGE_LOOP('',(#1120,#1121,#1122,#1123));
#3163=EDGE_LOOP('',(#1124));
#3164=EDGE_LOOP('',(#1125,#1126,#1127,#1128));
#3165=EDGE_LOOP('',(#1129,#1130,#1131,#1132));
#3166=EDGE_LOOP('',(#1133));
#3167=EDGE_LOOP('',(#1134));
#3168=EDGE_LOOP('',(#1135,#1136,#1137,#1138));
#3169=EDGE_LOOP('',(#1139));
#3170=EDGE_LOOP('',(#1140,#1141,#1142,#1143));
#3171=EDGE_LOOP('',(#1144,#1145,#1146,#1147));
#3172=EDGE_LOOP('',(#1148));
#3173=EDGE_LOOP('',(#1149,#1150,#1151,#1152));
#3174=EDGE_LOOP('',(#1153,#1154,#1155,#1156));
#3175=EDGE_LOOP('',(#1157));
#3176=EDGE_LOOP('',(#1158));
#3177=EDGE_LOOP('',(#1159,#1160,#1161,#1162));
#3178=EDGE_LOOP('',(#1163));
#3179=EDGE_LOOP('',(#1164,#1165,#1166,#1167));
#3180=EDGE_LOOP('',(#1168,#1169,#1170,#1171));
#3181=EDGE_LOOP('',(#1172));
#3182=EDGE_LOOP('',(#1173,#1174,#1175,#1176));
#3183=EDGE_LOOP('',(#1177,#1178,#1179,#1180));
#3184=EDGE_LOOP('',(#1181));
#3185=EDGE_LOOP('',(#1182));
#3186=EDGE_LOOP('',(#1183,#1184,#1185,#1186));
#3187=EDGE_LOOP('',(#1187));
#3188=EDGE_LOOP('',(#1188));
#3189=EDGE_LOOP('',(#1189));
#3190=EDGE_LOOP('',(#1190,#1191,#1192,#1193));
#3191=EDGE_LOOP('',(#1194,#1195,#1196,#1197));
#3192=EDGE_LOOP('',(#1198));
#3193=EDGE_LOOP('',(#1199,#1200,#1201,#1202));
#3194=EDGE_LOOP('',(#1203,#1204,#1205,#1206));
#3195=EDGE_LOOP('',(#1207,#1208,#1209,#1210));
#3196=EDGE_LOOP('',(#1211,#1212,#1213,#1214));
#3197=EDGE_LOOP('',(#1215,#1216,#1217,#1218));
#3198=EDGE_LOOP('',(#1219,#1220,#1221,#1222));
#3199=EDGE_LOOP('',(#1223,#1224,#1225,#1226));
#3200=EDGE_LOOP('',(#1227,#1228,#1229,#1230));
#3201=EDGE_LOOP('',(#1231,#1232,#1233,#1234));
#3202=EDGE_LOOP('',(#1235,#1236,#1237,#1238,#1239,#1240,#1241,#1242));
#3203=EDGE_LOOP('',(#1243,#1244,#1245,#1246,#1247,#1248,#1249,#1250,#1251,
#1252,#1253,#1254,#1255,#1256,#1257,#1258,#1259,#1260,#1261,#1262,#1263,
#1264,#1265,#1266));
#3204=EDGE_LOOP('',(#1267));
#3205=EDGE_LOOP('',(#1268,#1269,#1270,#1271,#1272,#1273,#1274,#1275));
#3206=EDGE_LOOP('',(#1276,#1277,#1278,#1279));
#3207=EDGE_LOOP('',(#1280,#1281,#1282,#1283));
#3208=EDGE_LOOP('',(#1284,#1285,#1286,#1287));
#3209=EDGE_LOOP('',(#1288,#1289,#1290));
#3210=EDGE_LOOP('',(#1291,#1292,#1293,#1294));
#3211=EDGE_LOOP('',(#1295,#1296,#1297,#1298));
#3212=EDGE_LOOP('',(#1299,#1300,#1301));
#3213=EDGE_LOOP('',(#1302,#1303,#1304,#1305));
#3214=EDGE_LOOP('',(#1306,#1307,#1308,#1309));
#3215=EDGE_LOOP('',(#1310,#1311,#1312,#1313));
#3216=EDGE_LOOP('',(#1314,#1315,#1316,#1317));
#3217=EDGE_LOOP('',(#1318,#1319,#1320,#1321,#1322));
#3218=EDGE_LOOP('',(#1323,#1324,#1325,#1326,#1327,#1328));
#3219=EDGE_LOOP('',(#1329,#1330,#1331,#1332));
#3220=EDGE_LOOP('',(#1333,#1334,#1335,#1336,#1337));
#3221=EDGE_LOOP('',(#1338,#1339,#1340,#1341));
#3222=FACE_BOUND('',#2949,.T.);
#3223=FACE_BOUND('',#2950,.T.);
#3224=FACE_BOUND('',#2951,.T.);
#3225=FACE_BOUND('',#2952,.T.);
#3226=FACE_BOUND('',#2953,.T.);
#3227=FACE_BOUND('',#2954,.T.);
#3228=FACE_BOUND('',#2955,.T.);
#3229=FACE_BOUND('',#2956,.T.);
#3230=FACE_BOUND('',#2957,.T.);
#3231=FACE_BOUND('',#2958,.T.);
#3232=FACE_BOUND('',#2959,.T.);
#3233=FACE_BOUND('',#2960,.T.);
#3234=FACE_BOUND('',#2961,.T.);
#3235=FACE_BOUND('',#2962,.T.);
#3236=FACE_BOUND('',#2963,.T.);
#3237=FACE_BOUND('',#2964,.T.);
#3238=FACE_BOUND('',#2965,.T.);
#3239=FACE_BOUND('',#2966,.T.);
#3240=FACE_BOUND('',#2967,.T.);
#3241=FACE_BOUND('',#2968,.T.);
#3242=FACE_BOUND('',#2969,.T.);
#3243=FACE_BOUND('',#2970,.T.);
#3244=FACE_BOUND('',#2971,.T.);
#3245=FACE_BOUND('',#2972,.T.);
#3246=FACE_BOUND('',#2973,.T.);
#3247=FACE_BOUND('',#2974,.T.);
#3248=FACE_BOUND('',#2975,.T.);
#3249=FACE_BOUND('',#2976,.T.);
#3250=FACE_BOUND('',#2977,.T.);
#3251=FACE_BOUND('',#2978,.T.);
#3252=FACE_BOUND('',#2979,.T.);
#3253=FACE_BOUND('',#2980,.T.);
#3254=FACE_BOUND('',#2981,.T.);
#3255=FACE_BOUND('',#2982,.T.);
#3256=FACE_BOUND('',#2983,.T.);
#3257=FACE_BOUND('',#2984,.T.);
#3258=FACE_BOUND('',#2985,.T.);
#3259=FACE_BOUND('',#2986,.T.);
#3260=FACE_BOUND('',#2987,.T.);
#3261=FACE_BOUND('',#2988,.T.);
#3262=FACE_BOUND('',#2989,.T.);
#3263=FACE_BOUND('',#2990,.T.);
#3264=FACE_BOUND('',#2991,.T.);
#3265=FACE_BOUND('',#2992,.T.);
#3266=FACE_BOUND('',#2993,.T.);
#3267=FACE_BOUND('',#2994,.T.);
#3268=FACE_BOUND('',#2995,.T.);
#3269=FACE_BOUND('',#2996,.T.);
#3270=FACE_BOUND('',#2997,.T.);
#3271=FACE_BOUND('',#2998,.T.);
#3272=FACE_BOUND('',#2999,.T.);
#3273=FACE_BOUND('',#3000,.T.);
#3274=FACE_BOUND('',#3001,.T.);
#3275=FACE_BOUND('',#3002,.T.);
#3276=FACE_BOUND('',#3003,.T.);
#3277=FACE_BOUND('',#3004,.T.);
#3278=FACE_BOUND('',#3005,.T.);
#3279=FACE_BOUND('',#3006,.T.);
#3280=FACE_BOUND('',#3007,.T.);
#3281=FACE_BOUND('',#3008,.T.);
#3282=FACE_BOUND('',#3009,.T.);
#3283=FACE_BOUND('',#3010,.T.);
#3284=FACE_BOUND('',#3011,.T.);
#3285=FACE_BOUND('',#3012,.T.);
#3286=FACE_BOUND('',#3013,.T.);
#3287=FACE_BOUND('',#3014,.T.);
#3288=FACE_BOUND('',#3015,.T.);
#3289=FACE_BOUND('',#3016,.T.);
#3290=FACE_BOUND('',#3017,.T.);
#3291=FACE_BOUND('',#3018,.T.);
#3292=FACE_BOUND('',#3019,.T.);
#3293=FACE_BOUND('',#3020,.T.);
#3294=FACE_BOUND('',#3021,.T.);
#3295=FACE_BOUND('',#3022,.T.);
#3296=FACE_BOUND('',#3023,.T.);
#3297=FACE_BOUND('',#3024,.T.);
#3298=FACE_BOUND('',#3025,.T.);
#3299=FACE_BOUND('',#3026,.T.);
#3300=FACE_BOUND('',#3027,.T.);
#3301=FACE_BOUND('',#3028,.T.);
#3302=FACE_BOUND('',#3029,.T.);
#3303=FACE_BOUND('',#3030,.T.);
#3304=FACE_BOUND('',#3031,.T.);
#3305=FACE_BOUND('',#3032,.T.);
#3306=FACE_BOUND('',#3033,.T.);
#3307=FACE_BOUND('',#3034,.T.);
#3308=FACE_BOUND('',#3035,.T.);
#3309=FACE_BOUND('',#3036,.T.);
#3310=FACE_BOUND('',#3037,.T.);
#3311=FACE_BOUND('',#3038,.T.);
#3312=FACE_BOUND('',#3039,.T.);
#3313=FACE_BOUND('',#3040,.T.);
#3314=FACE_BOUND('',#3041,.T.);
#3315=FACE_BOUND('',#3042,.T.);
#3316=FACE_BOUND('',#3043,.T.);
#3317=FACE_BOUND('',#3044,.T.);
#3318=FACE_BOUND('',#3045,.T.);
#3319=FACE_BOUND('',#3046,.T.);
#3320=FACE_BOUND('',#3047,.T.);
#3321=FACE_BOUND('',#3048,.T.);
#3322=FACE_BOUND('',#3049,.T.);
#3323=FACE_BOUND('',#3050,.T.);
#3324=FACE_BOUND('',#3051,.T.);
#3325=FACE_BOUND('',#3052,.T.);
#3326=FACE_BOUND('',#3053,.T.);
#3327=FACE_BOUND('',#3054,.T.);
#3328=FACE_BOUND('',#3055,.T.);
#3329=FACE_BOUND('',#3056,.T.);
#3330=FACE_BOUND('',#3057,.T.);
#3331=FACE_BOUND('',#3058,.T.);
#3332=FACE_BOUND('',#3059,.T.);
#3333=FACE_BOUND('',#3060,.T.);
#3334=FACE_BOUND('',#3061,.T.);
#3335=FACE_BOUND('',#3062,.T.);
#3336=FACE_BOUND('',#3063,.T.);
#3337=FACE_BOUND('',#3064,.T.);
#3338=FACE_BOUND('',#3065,.T.);
#3339=FACE_BOUND('',#3066,.T.);
#3340=FACE_BOUND('',#3067,.T.);
#3341=FACE_BOUND('',#3068,.T.);
#3342=FACE_BOUND('',#3069,.T.);
#3343=FACE_BOUND('',#3070,.T.);
#3344=FACE_BOUND('',#3071,.T.);
#3345=FACE_BOUND('',#3072,.T.);
#3346=FACE_BOUND('',#3073,.T.);
#3347=FACE_BOUND('',#3074,.T.);
#3348=FACE_BOUND('',#3075,.T.);
#3349=FACE_BOUND('',#3076,.T.);
#3350=FACE_BOUND('',#3077,.T.);
#3351=FACE_BOUND('',#3078,.T.);
#3352=FACE_BOUND('',#3079,.T.);
#3353=FACE_BOUND('',#3080,.T.);
#3354=FACE_BOUND('',#3081,.T.);
#3355=FACE_BOUND('',#3082,.T.);
#3356=FACE_BOUND('',#3083,.T.);
#3357=FACE_BOUND('',#3084,.T.);
#3358=FACE_BOUND('',#3085,.T.);
#3359=FACE_BOUND('',#3086,.T.);
#3360=FACE_BOUND('',#3087,.T.);
#3361=FACE_BOUND('',#3088,.T.);
#3362=FACE_BOUND('',#3089,.T.);
#3363=FACE_BOUND('',#3090,.T.);
#3364=FACE_BOUND('',#3091,.T.);
#3365=FACE_BOUND('',#3092,.T.);
#3366=FACE_BOUND('',#3093,.T.);
#3367=FACE_BOUND('',#3094,.T.);
#3368=FACE_BOUND('',#3095,.T.);
#3369=FACE_BOUND('',#3096,.T.);
#3370=FACE_BOUND('',#3097,.T.);
#3371=FACE_BOUND('',#3098,.T.);
#3372=FACE_BOUND('',#3099,.T.);
#3373=FACE_BOUND('',#3100,.T.);
#3374=FACE_BOUND('',#3101,.T.);
#3375=FACE_BOUND('',#3102,.T.);
#3376=FACE_BOUND('',#3103,.T.);
#3377=FACE_BOUND('',#3104,.T.);
#3378=FACE_BOUND('',#3105,.T.);
#3379=FACE_BOUND('',#3106,.T.);
#3380=FACE_BOUND('',#3107,.T.);
#3381=FACE_BOUND('',#3108,.T.);
#3382=FACE_BOUND('',#3109,.T.);
#3383=FACE_BOUND('',#3110,.T.);
#3384=FACE_BOUND('',#3111,.T.);
#3385=FACE_BOUND('',#3112,.T.);
#3386=FACE_BOUND('',#3113,.T.);
#3387=FACE_BOUND('',#3114,.T.);
#3388=FACE_BOUND('',#3115,.T.);
#3389=FACE_BOUND('',#3116,.T.);
#3390=FACE_BOUND('',#3117,.T.);
#3391=FACE_BOUND('',#3118,.T.);
#3392=FACE_BOUND('',#3119,.T.);
#3393=FACE_BOUND('',#3120,.T.);
#3394=FACE_BOUND('',#3121,.T.);
#3395=FACE_BOUND('',#3122,.T.);
#3396=FACE_BOUND('',#3123,.T.);
#3397=FACE_BOUND('',#3124,.T.);
#3398=FACE_BOUND('',#3125,.T.);
#3399=FACE_BOUND('',#3126,.T.);
#3400=FACE_BOUND('',#3127,.T.);
#3401=FACE_BOUND('',#3128,.T.);
#3402=FACE_BOUND('',#3129,.T.);
#3403=FACE_BOUND('',#3130,.T.);
#3404=FACE_BOUND('',#3131,.T.);
#3405=FACE_BOUND('',#3132,.T.);
#3406=FACE_BOUND('',#3133,.T.);
#3407=FACE_BOUND('',#3134,.T.);
#3408=FACE_BOUND('',#3135,.T.);
#3409=FACE_BOUND('',#3136,.T.);
#3410=FACE_BOUND('',#3137,.T.);
#3411=FACE_BOUND('',#3138,.T.);
#3412=FACE_BOUND('',#3139,.T.);
#3413=FACE_BOUND('',#3140,.T.);
#3414=FACE_BOUND('',#3141,.T.);
#3415=FACE_BOUND('',#3142,.T.);
#3416=FACE_BOUND('',#3143,.T.);
#3417=FACE_BOUND('',#3144,.T.);
#3418=FACE_BOUND('',#3145,.T.);
#3419=FACE_BOUND('',#3146,.T.);
#3420=FACE_BOUND('',#3147,.T.);
#3421=FACE_BOUND('',#3148,.T.);
#3422=FACE_BOUND('',#3149,.T.);
#3423=FACE_BOUND('',#3150,.T.);
#3424=FACE_BOUND('',#3151,.T.);
#3425=FACE_BOUND('',#3152,.T.);
#3426=FACE_BOUND('',#3153,.T.);
#3427=FACE_BOUND('',#3154,.T.);
#3428=FACE_BOUND('',#3155,.T.);
#3429=FACE_BOUND('',#3156,.T.);
#3430=FACE_BOUND('',#3157,.T.);
#3431=FACE_BOUND('',#3158,.T.);
#3432=FACE_BOUND('',#3159,.T.);
#3433=FACE_BOUND('',#3160,.T.);
#3434=FACE_BOUND('',#3161,.T.);
#3435=FACE_BOUND('',#3162,.T.);
#3436=FACE_BOUND('',#3163,.T.);
#3437=FACE_BOUND('',#3164,.T.);
#3438=FACE_BOUND('',#3165,.T.);
#3439=FACE_BOUND('',#3166,.T.);
#3440=FACE_BOUND('',#3167,.T.);
#3441=FACE_BOUND('',#3168,.T.);
#3442=FACE_BOUND('',#3169,.T.);
#3443=FACE_BOUND('',#3170,.T.);
#3444=FACE_BOUND('',#3171,.T.);
#3445=FACE_BOUND('',#3172,.T.);
#3446=FACE_BOUND('',#3173,.T.);
#3447=FACE_BOUND('',#3174,.T.);
#3448=FACE_BOUND('',#3175,.T.);
#3449=FACE_BOUND('',#3176,.T.);
#3450=FACE_BOUND('',#3177,.T.);
#3451=FACE_BOUND('',#3178,.T.);
#3452=FACE_BOUND('',#3179,.T.);
#3453=FACE_BOUND('',#3180,.T.);
#3454=FACE_BOUND('',#3181,.T.);
#3455=FACE_BOUND('',#3182,.T.);
#3456=FACE_BOUND('',#3183,.T.);
#3457=FACE_BOUND('',#3184,.T.);
#3458=FACE_BOUND('',#3185,.T.);
#3459=FACE_BOUND('',#3186,.T.);
#3460=FACE_BOUND('',#3187,.T.);
#3461=FACE_BOUND('',#3188,.T.);
#3462=FACE_BOUND('',#3189,.T.);
#3463=FACE_BOUND('',#3190,.T.);
#3464=FACE_BOUND('',#3191,.T.);
#3465=FACE_BOUND('',#3192,.T.);
#3466=FACE_BOUND('',#3193,.T.);
#3467=FACE_BOUND('',#3194,.T.);
#3468=FACE_BOUND('',#3195,.T.);
#3469=FACE_BOUND('',#3196,.T.);
#3470=FACE_BOUND('',#3197,.T.);
#3471=FACE_BOUND('',#3198,.T.);
#3472=FACE_BOUND('',#3199,.T.);
#3473=FACE_BOUND('',#3200,.T.);
#3474=FACE_BOUND('',#3201,.T.);
#3475=FACE_BOUND('',#3202,.T.);
#3476=FACE_BOUND('',#3203,.T.);
#3477=FACE_BOUND('',#3204,.T.);
#3478=FACE_BOUND('',#3205,.T.);
#3479=FACE_BOUND('',#3206,.T.);
#3480=FACE_BOUND('',#3207,.T.);
#3481=FACE_BOUND('',#3208,.T.);
#3482=FACE_BOUND('',#3209,.T.);
#3483=FACE_BOUND('',#3210,.T.);
#3484=FACE_BOUND('',#3211,.T.);
#3485=FACE_BOUND('',#3212,.T.);
#3486=FACE_BOUND('',#3213,.T.);
#3487=FACE_BOUND('',#3214,.T.);
#3488=FACE_BOUND('',#3215,.T.);
#3489=FACE_BOUND('',#3216,.T.);
#3490=FACE_BOUND('',#3217,.T.);
#3491=FACE_BOUND('',#3218,.T.);
#3492=FACE_BOUND('',#3219,.T.);
#3493=FACE_BOUND('',#3220,.T.);
#3494=FACE_BOUND('',#3221,.T.);
#3495=CYLINDRICAL_SURFACE('',#3755,0.0396);
#3496=CYLINDRICAL_SURFACE('',#3759,0.0405);
#3497=CYLINDRICAL_SURFACE('',#3788,0.03975);
#3498=CYLINDRICAL_SURFACE('',#3862,0.00635);
#3499=CYLINDRICAL_SURFACE('',#3863,0.0024);
#3500=CYLINDRICAL_SURFACE('',#3877,0.00323695688491794);
#3501=CYLINDRICAL_SURFACE('',#3881,0.00323695688491804);
#3502=CYLINDRICAL_SURFACE('',#3885,0.0032369568849176);
#3503=CYLINDRICAL_SURFACE('',#3888,0.00323695688491796);
#3504=CYLINDRICAL_SURFACE('',#3891,0.00323695688491813);
#3505=CYLINDRICAL_SURFACE('',#3894,0.00323695688491807);
#3506=CYLINDRICAL_SURFACE('',#3897,0.00323695688491812);
#3507=CYLINDRICAL_SURFACE('',#3901,0.0032369568849178);
#3508=CYLINDRICAL_SURFACE('',#3919,0.001575);
#3509=CYLINDRICAL_SURFACE('',#3921,0.001575);
#3510=CYLINDRICAL_SURFACE('',#3923,0.001575);
#3511=CYLINDRICAL_SURFACE('',#3926,0.001575);
#3512=CYLINDRICAL_SURFACE('',#3952,0.00235000000000005);
#3513=CYLINDRICAL_SURFACE('',#3955,0.00235);
#3514=CYLINDRICAL_SURFACE('',#3958,0.00235000000000005);
#3515=CYLINDRICAL_SURFACE('',#3961,0.00235000000000005);
#3516=CYLINDRICAL_SURFACE('',#3964,0.00235);
#3517=CYLINDRICAL_SURFACE('',#3967,0.00235);
#3518=CYLINDRICAL_SURFACE('',#3971,0.00235000000000005);
#3519=CYLINDRICAL_SURFACE('',#3975,0.00235);
#3520=CYLINDRICAL_SURFACE('',#4007,0.00635);
#3521=CYLINDRICAL_SURFACE('',#4008,0.0024);
#3522=CYLINDRICAL_SURFACE('',#4017,0.00635);
#3523=CYLINDRICAL_SURFACE('',#4018,0.0024);
#3524=CYLINDRICAL_SURFACE('',#4027,0.00635);
#3525=CYLINDRICAL_SURFACE('',#4028,0.0024);
#3526=CYLINDRICAL_SURFACE('',#4037,0.00635);
#3527=CYLINDRICAL_SURFACE('',#4038,0.0024);
#3528=CYLINDRICAL_SURFACE('',#4047,0.00635);
#3529=CYLINDRICAL_SURFACE('',#4048,0.0024);
#3530=CYLINDRICAL_SURFACE('',#4057,0.00635);
#3531=CYLINDRICAL_SURFACE('',#4058,0.0024);
#3532=CYLINDRICAL_SURFACE('',#4059,0.00635);
#3533=CYLINDRICAL_SURFACE('',#4062,0.0024);
#3534=CYLINDRICAL_SURFACE('',#4069,0.0396);
#3535=CYLINDRICAL_SURFACE('',#4070,0.0396);
#3536=CYLINDRICAL_SURFACE('',#4071,0.0396);
#3537=CYLINDRICAL_SURFACE('',#4072,0.0396);
#3538=CYLINDRICAL_SURFACE('',#4073,0.0396);
#3539=CYLINDRICAL_SURFACE('',#4074,0.0396);
#3540=CYLINDRICAL_SURFACE('',#4085,0.0405);
#3541=CYLINDRICAL_SURFACE('',#4088,0.0405);
#3542=ADVANCED_FACE('',(#3222),#3495,.F.);
#3543=ADVANCED_FACE('',(#3223,#3224,#3225,#3226,#3227,#3228,#3229,#3230),
#3496,.T.);
#3544=ADVANCED_FACE('',(#3231),#15,.T.);
#3545=ADVANCED_FACE('',(#3232,#3233,#3234,#3235,#3236,#3237,#3238,#3239,
#3240,#3241,#3242,#3243),#3497,.F.);
#3546=ADVANCED_FACE('',(#3244),#16,.F.);
#3547=ADVANCED_FACE('',(#3245),#17,.F.);
#3548=ADVANCED_FACE('',(#3246,#3247),#18,.F.);
#3549=ADVANCED_FACE('',(#3248),#19,.F.);
#3550=ADVANCED_FACE('',(#3249),#20,.F.);
#3551=ADVANCED_FACE('',(#3250),#21,.F.);
#3552=ADVANCED_FACE('',(#3251),#22,.F.);
#3553=ADVANCED_FACE('',(#3252),#23,.F.);
#3554=ADVANCED_FACE('',(#3253),#24,.F.);
#3555=ADVANCED_FACE('',(#3254),#25,.F.);
#3556=ADVANCED_FACE('',(#3255),#26,.F.);
#3557=ADVANCED_FACE('',(#3256),#27,.F.);
#3558=ADVANCED_FACE('',(#3257),#28,.F.);
#3559=ADVANCED_FACE('',(#3258),#29,.F.);
#3560=ADVANCED_FACE('',(#3259),#30,.F.);
#3561=ADVANCED_FACE('',(#3260),#31,.T.);
#3562=ADVANCED_FACE('',(#3261),#32,.F.);
#3563=ADVANCED_FACE('',(#3262),#33,.F.);
#3564=ADVANCED_FACE('',(#3263),#34,.F.);
#3565=ADVANCED_FACE('',(#3264),#35,.F.);
#3566=ADVANCED_FACE('',(#3265),#36,.F.);
#3567=ADVANCED_FACE('',(#3266),#37,.F.);
#3568=ADVANCED_FACE('',(#3267),#38,.F.);
#3569=ADVANCED_FACE('',(#3268),#39,.F.);
#3570=ADVANCED_FACE('',(#3269),#40,.T.);
#3571=ADVANCED_FACE('',(#3270),#41,.F.);
#3572=ADVANCED_FACE('',(#3271),#42,.F.);
#3573=ADVANCED_FACE('',(#3272),#43,.T.);
#3574=ADVANCED_FACE('',(#3273),#44,.F.);
#3575=ADVANCED_FACE('',(#3274),#45,.F.);
#3576=ADVANCED_FACE('',(#3275),#46,.F.);
#3577=ADVANCED_FACE('',(#3276,#3277),#47,.F.);
#3578=ADVANCED_FACE('',(#3278,#3279),#48,.T.);
#3579=ADVANCED_FACE('',(#3280),#49,.T.);
#3580=ADVANCED_FACE('',(#3281),#3498,.T.);
#3581=ADVANCED_FACE('',(#3282,#3283),#3499,.F.);
#3582=ADVANCED_FACE('',(#3284),#50,.T.);
#3583=ADVANCED_FACE('',(#3285),#51,.T.);
#3584=ADVANCED_FACE('',(#3286),#52,.F.);
#3585=ADVANCED_FACE('',(#3287),#53,.F.);
#3586=ADVANCED_FACE('',(#3288),#54,.F.);
#3587=ADVANCED_FACE('',(#3289),#55,.T.);
#3588=ADVANCED_FACE('',(#3290),#56,.T.);
#3589=ADVANCED_FACE('',(#3291),#57,.F.);
#3590=ADVANCED_FACE('',(#3292),#58,.F.);
#3591=ADVANCED_FACE('',(#3293),#59,.F.);
#3592=ADVANCED_FACE('',(#3294),#60,.F.);
#3593=ADVANCED_FACE('',(#3295),#61,.F.);
#3594=ADVANCED_FACE('',(#3296),#62,.T.);
#3595=ADVANCED_FACE('',(#3297),#3500,.T.);
#3596=ADVANCED_FACE('',(#3298),#3501,.T.);
#3597=ADVANCED_FACE('',(#3299),#3502,.T.);
#3598=ADVANCED_FACE('',(#3300),#3503,.T.);
#3599=ADVANCED_FACE('',(#3301),#3504,.T.);
#3600=ADVANCED_FACE('',(#3302),#3505,.T.);
#3601=ADVANCED_FACE('',(#3303),#3506,.T.);
#3602=ADVANCED_FACE('',(#3304),#3507,.T.);
#3603=ADVANCED_FACE('',(#3305),#63,.F.);
#3604=ADVANCED_FACE('',(#3306,#3307),#64,.T.);
#3605=ADVANCED_FACE('',(#3308),#65,.F.);
#3606=ADVANCED_FACE('',(#3309,#3310),#66,.F.);
#3607=ADVANCED_FACE('',(#3311),#67,.T.);
#3608=ADVANCED_FACE('',(#3312),#68,.F.);
#3609=ADVANCED_FACE('',(#3313),#69,.F.);
#3610=ADVANCED_FACE('',(#3314,#3315),#70,.T.);
#3611=ADVANCED_FACE('',(#3316),#71,.T.);
#3612=ADVANCED_FACE('',(#3317),#72,.T.);
#3613=ADVANCED_FACE('',(#3318),#73,.F.);
#3614=ADVANCED_FACE('',(#3319),#74,.F.);
#3615=ADVANCED_FACE('',(#3320),#75,.F.);
#3616=ADVANCED_FACE('',(#3321),#76,.F.);
#3617=ADVANCED_FACE('',(#3322,#3323),#3508,.F.);
#3618=ADVANCED_FACE('',(#3324,#3325),#3509,.F.);
#3619=ADVANCED_FACE('',(#3326,#3327),#3510,.F.);
#3620=ADVANCED_FACE('',(#3328,#3329),#3511,.F.);
#3621=ADVANCED_FACE('',(#3330,#3331),#77,.F.);
#3622=ADVANCED_FACE('',(#3332),#78,.F.);
#3623=ADVANCED_FACE('',(#3333,#3334),#79,.F.);
#3624=ADVANCED_FACE('',(#3335),#80,.T.);
#3625=ADVANCED_FACE('',(#3336,#3337),#81,.F.);
#3626=ADVANCED_FACE('',(#3338),#82,.F.);
#3627=ADVANCED_FACE('',(#3339,#3340),#83,.T.);
#3628=ADVANCED_FACE('',(#3341),#84,.T.);
#3629=ADVANCED_FACE('',(#3342,#3343),#85,.F.);
#3630=ADVANCED_FACE('',(#3344),#86,.T.);
#3631=ADVANCED_FACE('',(#3345,#3346),#87,.T.);
#3632=ADVANCED_FACE('',(#3347),#88,.T.);
#3633=ADVANCED_FACE('',(#3348,#3349),#89,.T.);
#3634=ADVANCED_FACE('',(#3350,#3351),#90,.T.);
#3635=ADVANCED_FACE('',(#3352),#91,.F.);
#3636=ADVANCED_FACE('',(#3353),#92,.T.);
#3637=ADVANCED_FACE('',(#3354,#3355),#3512,.F.);
#3638=ADVANCED_FACE('',(#3356),#93,.T.);
#3639=ADVANCED_FACE('',(#3357,#3358),#3513,.F.);
#3640=ADVANCED_FACE('',(#3359),#94,.T.);
#3641=ADVANCED_FACE('',(#3360,#3361),#3514,.F.);
#3642=ADVANCED_FACE('',(#3362),#95,.T.);
#3643=ADVANCED_FACE('',(#3363,#3364),#3515,.F.);
#3644=ADVANCED_FACE('',(#3365),#96,.T.);
#3645=ADVANCED_FACE('',(#3366,#3367),#3516,.F.);
#3646=ADVANCED_FACE('',(#3368),#97,.T.);
#3647=ADVANCED_FACE('',(#3369,#3370),#3517,.F.);
#3648=ADVANCED_FACE('',(#3371),#98,.T.);
#3649=ADVANCED_FACE('',(#3372,#3373),#3518,.F.);
#3650=ADVANCED_FACE('',(#3374),#99,.T.);
#3651=ADVANCED_FACE('',(#3375,#3376),#3519,.F.);
#3652=ADVANCED_FACE('',(#3377),#100,.T.);
#3653=ADVANCED_FACE('',(#3378),#101,.T.);
#3654=ADVANCED_FACE('',(#3379),#102,.F.);
#3655=ADVANCED_FACE('',(#3380),#103,.F.);
#3656=ADVANCED_FACE('',(#3381),#104,.T.);
#3657=ADVANCED_FACE('',(#3382,#3383),#105,.T.);
#3658=ADVANCED_FACE('',(#3384),#106,.T.);
#3659=ADVANCED_FACE('',(#3385),#107,.F.);
#3660=ADVANCED_FACE('',(#3386),#108,.F.);
#3661=ADVANCED_FACE('',(#3387),#109,.T.);
#3662=ADVANCED_FACE('',(#3388,#3389),#110,.T.);
#3663=ADVANCED_FACE('',(#3390),#111,.T.);
#3664=ADVANCED_FACE('',(#3391),#112,.F.);
#3665=ADVANCED_FACE('',(#3392),#113,.F.);
#3666=ADVANCED_FACE('',(#3393),#114,.T.);
#3667=ADVANCED_FACE('',(#3394,#3395),#115,.T.);
#3668=ADVANCED_FACE('',(#3396),#116,.T.);
#3669=ADVANCED_FACE('',(#3397),#117,.F.);
#3670=ADVANCED_FACE('',(#3398),#118,.F.);
#3671=ADVANCED_FACE('',(#3399),#119,.T.);
#3672=ADVANCED_FACE('',(#3400,#3401),#120,.T.);
#3673=ADVANCED_FACE('',(#3402,#3403),#121,.T.);
#3674=ADVANCED_FACE('',(#3404,#3405),#122,.T.);
#3675=ADVANCED_FACE('',(#3406,#3407),#123,.F.);
#3676=ADVANCED_FACE('',(#3408,#3409),#124,.F.);
#3677=ADVANCED_FACE('',(#3410),#125,.F.);
#3678=ADVANCED_FACE('',(#3411),#3520,.T.);
#3679=ADVANCED_FACE('',(#3412,#3413),#3521,.F.);
#3680=ADVANCED_FACE('',(#3414,#3415),#126,.F.);
#3681=ADVANCED_FACE('',(#3416),#127,.F.);
#3682=ADVANCED_FACE('',(#3417,#3418),#128,.F.);
#3683=ADVANCED_FACE('',(#3419),#129,.F.);
#3684=ADVANCED_FACE('',(#3420),#3522,.T.);
#3685=ADVANCED_FACE('',(#3421,#3422),#3523,.F.);
#3686=ADVANCED_FACE('',(#3423,#3424),#130,.T.);
#3687=ADVANCED_FACE('',(#3425),#131,.F.);
#3688=ADVANCED_FACE('',(#3426,#3427),#132,.F.);
#3689=ADVANCED_FACE('',(#3428),#133,.F.);
#3690=ADVANCED_FACE('',(#3429),#3524,.T.);
#3691=ADVANCED_FACE('',(#3430,#3431),#3525,.F.);
#3692=ADVANCED_FACE('',(#3432,#3433),#134,.T.);
#3693=ADVANCED_FACE('',(#3434),#135,.F.);
#3694=ADVANCED_FACE('',(#3435,#3436),#136,.F.);
#3695=ADVANCED_FACE('',(#3437),#137,.F.);
#3696=ADVANCED_FACE('',(#3438),#3526,.T.);
#3697=ADVANCED_FACE('',(#3439,#3440),#3527,.F.);
#3698=ADVANCED_FACE('',(#3441,#3442),#138,.F.);
#3699=ADVANCED_FACE('',(#3443),#139,.F.);
#3700=ADVANCED_FACE('',(#3444,#3445),#140,.F.);
#3701=ADVANCED_FACE('',(#3446),#141,.F.);
#3702=ADVANCED_FACE('',(#3447),#3528,.T.);
#3703=ADVANCED_FACE('',(#3448,#3449),#3529,.F.);
#3704=ADVANCED_FACE('',(#3450,#3451),#142,.F.);
#3705=ADVANCED_FACE('',(#3452),#143,.F.);
#3706=ADVANCED_FACE('',(#3453,#3454),#144,.F.);
#3707=ADVANCED_FACE('',(#3455),#145,.F.);
#3708=ADVANCED_FACE('',(#3456),#3530,.T.);
#3709=ADVANCED_FACE('',(#3457,#3458),#3531,.F.);
#3710=ADVANCED_FACE('',(#3459),#3532,.T.);
#3711=ADVANCED_FACE('',(#3460,#3461),#3533,.F.);
#3712=ADVANCED_FACE('',(#3462,#3463),#146,.T.);
#3713=ADVANCED_FACE('',(#3464),#147,.F.);
#3714=ADVANCED_FACE('',(#3465,#3466),#148,.F.);
#3715=ADVANCED_FACE('',(#3467),#149,.F.);
#3716=ADVANCED_FACE('',(#3468),#3534,.F.);
#3717=ADVANCED_FACE('',(#3469),#3535,.F.);
#3718=ADVANCED_FACE('',(#3470),#3536,.F.);
#3719=ADVANCED_FACE('',(#3471),#3537,.F.);
#3720=ADVANCED_FACE('',(#3472),#3538,.F.);
#3721=ADVANCED_FACE('',(#3473),#3539,.F.);
#3722=ADVANCED_FACE('',(#3474),#150,.F.);
#3723=ADVANCED_FACE('',(#3475),#151,.F.);
#3724=ADVANCED_FACE('',(#3476,#3477),#152,.F.);
#3725=ADVANCED_FACE('',(#3478),#153,.T.);
#3726=ADVANCED_FACE('',(#3479),#154,.T.);
#3727=ADVANCED_FACE('',(#3480),#155,.F.);
#3728=ADVANCED_FACE('',(#3481),#156,.F.);
#3729=ADVANCED_FACE('',(#3482),#3540,.F.);
#3730=ADVANCED_FACE('',(#3483),#157,.F.);
#3731=ADVANCED_FACE('',(#3484),#158,.T.);
#3732=ADVANCED_FACE('',(#3485),#3541,.F.);
#3733=ADVANCED_FACE('',(#3486),#159,.T.);
#3734=ADVANCED_FACE('',(#3487),#160,.T.);
#3735=ADVANCED_FACE('',(#3488),#161,.T.);
#3736=ADVANCED_FACE('',(#3489),#162,.F.);
#3737=ADVANCED_FACE('',(#3490),#163,.F.);
#3738=ADVANCED_FACE('',(#3491),#164,.F.);
#3739=ADVANCED_FACE('',(#3492),#165,.T.);
#3740=ADVANCED_FACE('',(#3493),#166,.F.);
#3741=ADVANCED_FACE('',(#3494),#167,.F.);
#3742=CLOSED_SHELL('',(#3542,#3543,#3544,#3545,#3546,#3547,#3548,#3549,
#3550,#3551,#3552,#3553,#3554,#3555,#3556,#3557,#3558,#3559,#3560,#3561,
#3562,#3563,#3564,#3565,#3566,#3567,#3568,#3569,#3570,#3571,#3572,#3573,
#3574,#3575,#3576,#3577,#3578,#3579,#3580,#3581,#3582,#3583,#3584,#3585,
#3586,#3587,#3588,#3589,#3590,#3591,#3592,#3593,#3594,#3595,#3596,#3597,
#3598,#3599,#3600,#3601,#3602,#3603,#3604,#3605,#3606,#3607,#3608,#3609,
#3610,#3611,#3612,#3613,#3614,#3615,#3616,#3617,#3618,#3619,#3620,#3621,
#3622,#3623,#3624,#3625,#3626,#3627,#3628,#3629,#3630,#3631,#3632,#3633,
#3634,#3635,#3636,#3637,#3638,#3639,#3640,#3641,#3642,#3643,#3644,#3645,
#3646,#3647,#3648,#3649,#3650,#3651,#3652,#3653,#3654,#3655,#3656,#3657,
#3658,#3659,#3660,#3661,#3662,#3663,#3664,#3665,#3666,#3667,#3668,#3669,
#3670,#3671,#3672,#3673,#3674,#3675,#3676,#3677,#3678,#3679,#3680,#3681,
#3682,#3683,#3684,#3685,#3686,#3687,#3688,#3689,#3690,#3691,#3692,#3693,
#3694,#3695,#3696,#3697,#3698,#3699,#3700,#3701,#3702,#3703,#3704,#3705,
#3706,#3707,#3708,#3709,#3710,#3711,#3712,#3713,#3714,#3715,#3716,#3717,
#3718,#3719,#3720,#3721,#3722,#3723,#3724,#3725,#3726,#3727,#3728,#3729,
#3730,#3731,#3732,#3733,#3734,#3735,#3736,#3737,#3738,#3739,#3740,#3741));
#3743=STYLED_ITEM('',(#3744),#3751);
#3744=PRESENTATION_STYLE_ASSIGNMENT((#3745));
#3745=SURFACE_STYLE_USAGE(.BOTH.,#3746);
#3746=SURFACE_SIDE_STYLE('',(#3747));
#3747=SURFACE_STYLE_FILL_AREA(#3748);
#3748=FILL_AREA_STYLE('',(#3749));
#3749=FILL_AREA_STYLE_COLOUR('',#3750);
#3750=COLOUR_RGB('',0.231372549019608,0.380392156862745,0.705882352941177);
#3751=MANIFOLD_SOLID_BREP('Landing Mount',#3742);
#3752=SHAPE_DEFINITION_REPRESENTATION(#6265,#3753);
#3753=SHAPE_REPRESENTATION('Landing Mount',(#3754),#6260);
#3754=AXIS2_PLACEMENT_3D('',#5157,#4099,#4100);
#3755=AXIS2_PLACEMENT_3D('',#5158,#4101,#4102);
#3756=AXIS2_PLACEMENT_3D('',#5162,#4104,#4105);
#3757=AXIS2_PLACEMENT_3D('',#5166,#4107,#4108);
#3758=AXIS2_PLACEMENT_3D('',#5170,#4110,#4111);
#3759=AXIS2_PLACEMENT_3D('',#5173,#4113,#4114);
#3760=AXIS2_PLACEMENT_3D('',#5174,#4115,#4116);
#3761=AXIS2_PLACEMENT_3D('',#5179,#4118,#4119);
#3762=AXIS2_PLACEMENT_3D('',#5183,#4121,#4122);
#3763=AXIS2_PLACEMENT_3D('',#5187,#4124,#4125);
#3764=AXIS2_PLACEMENT_3D('',#5191,#4127,#4128);
#3765=AXIS2_PLACEMENT_3D('',#5195,#4130,#4131);
#3766=AXIS2_PLACEMENT_3D('',#5199,#4133,#4134);
#3767=AXIS2_PLACEMENT_3D('',#5203,#4136,#4137);
#3768=AXIS2_PLACEMENT_3D('',#5207,#4139,#4140);
#3769=AXIS2_PLACEMENT_3D('',#5211,#4142,#4143);
#3770=AXIS2_PLACEMENT_3D('',#5215,#4145,#4146);
#3771=AXIS2_PLACEMENT_3D('',#5219,#4148,#4149);
#3772=AXIS2_PLACEMENT_3D('',#5223,#4151,#4152);
#3773=AXIS2_PLACEMENT_3D('',#5227,#4154,#4155);
#3774=AXIS2_PLACEMENT_3D('',#5233,#4158,#4159);
#3775=AXIS2_PLACEMENT_3D('',#5237,#4161,#4162);
#3776=AXIS2_PLACEMENT_3D('',#5241,#4164,#4165);
#3777=AXIS2_PLACEMENT_3D('',#5243,#4166,#4167);
#3778=AXIS2_PLACEMENT_3D('',#5247,#4169,#4170);
#3779=AXIS2_PLACEMENT_3D('',#5251,#4172,#4173);
#3780=AXIS2_PLACEMENT_3D('',#5255,#4175,#4176);
#3781=AXIS2_PLACEMENT_3D('',#5257,#4177,#4178);
#3782=AXIS2_PLACEMENT_3D('',#5259,#4179,#4180);
#3783=AXIS2_PLACEMENT_3D('',#5261,#4181,#4182);
#3784=AXIS2_PLACEMENT_3D('',#5265,#4184,#4185);
#3785=AXIS2_PLACEMENT_3D('',#5269,#4187,#4188);
#3786=AXIS2_PLACEMENT_3D('',#5270,#4189,#4190);
#3787=AXIS2_PLACEMENT_3D('',#5271,#4191,#4192);
#3788=AXIS2_PLACEMENT_3D('',#5276,#4195,#4196);
#3789=AXIS2_PLACEMENT_3D('',#5277,#4197,#4198);
#3790=AXIS2_PLACEMENT_3D('',#5282,#4200,#4201);
#3791=AXIS2_PLACEMENT_3D('',#5286,#4203,#4204);
#3792=AXIS2_PLACEMENT_3D('',#5291,#4207,#4208);
#3793=AXIS2_PLACEMENT_3D('',#5295,#4210,#4211);
#3794=AXIS2_PLACEMENT_3D('',#5298,#4213,#4214);
#3795=AXIS2_PLACEMENT_3D('',#5303,#4216,#4217);
#3796=AXIS2_PLACEMENT_3D('',#5306,#4219,#4220);
#3797=AXIS2_PLACEMENT_3D('',#5311,#4222,#4223);
#3798=AXIS2_PLACEMENT_3D('',#5314,#4225,#4226);
#3799=AXIS2_PLACEMENT_3D('',#5319,#4228,#4229);
#3800=AXIS2_PLACEMENT_3D('',#5322,#4231,#4232);
#3801=AXIS2_PLACEMENT_3D('',#5360,#4233,#4234);
#3802=AXIS2_PLACEMENT_3D('',#5362,#4235,#4236);
#3803=AXIS2_PLACEMENT_3D('',#5367,#4238,#4239);
#3804=AXIS2_PLACEMENT_3D('',#5370,#4241,#4242);
#3805=AXIS2_PLACEMENT_3D('',#5375,#4244,#4245);
#3806=AXIS2_PLACEMENT_3D('',#5378,#4247,#4248);
#3807=AXIS2_PLACEMENT_3D('',#5383,#4250,#4251);
#3808=AXIS2_PLACEMENT_3D('',#5386,#4253,#4254);
#3809=AXIS2_PLACEMENT_3D('',#5395,#4261,#4262);
#3810=AXIS2_PLACEMENT_3D('',#5408,#4269,#4270);
#3811=AXIS2_PLACEMENT_3D('',#5416,#4274,#4275);
#3812=AXIS2_PLACEMENT_3D('',#5423,#4279,#4280);
#3813=AXIS2_PLACEMENT_3D('',#5454,#4297,#4298);
#3814=AXIS2_PLACEMENT_3D('',#5461,#4302,#4303);
#3815=AXIS2_PLACEMENT_3D('',#5469,#4307,#4308);
#3816=AXIS2_PLACEMENT_3D('',#5479,#4314,#4315);
#3817=AXIS2_PLACEMENT_3D('',#5481,#4317,#4318);
#3818=AXIS2_PLACEMENT_3D('',#5484,#4321,#4322);
#3819=AXIS2_PLACEMENT_3D('',#5485,#4323,#4324);
#3820=AXIS2_PLACEMENT_3D('',#5490,#4327,#4328);
#3821=AXIS2_PLACEMENT_3D('',#5491,#4329,#4330);
#3822=AXIS2_PLACEMENT_3D('',#5496,#4333,#4334);
#3823=AXIS2_PLACEMENT_3D('',#5497,#4335,#4336);
#3824=AXIS2_PLACEMENT_3D('',#5502,#4339,#4340);
#3825=AXIS2_PLACEMENT_3D('',#5503,#4341,#4342);
#3826=AXIS2_PLACEMENT_3D('',#5508,#4345,#4346);
#3827=AXIS2_PLACEMENT_3D('',#5509,#4347,#4348);
#3828=AXIS2_PLACEMENT_3D('',#5514,#4351,#4352);
#3829=AXIS2_PLACEMENT_3D('',#5515,#4353,#4354);
#3830=AXIS2_PLACEMENT_3D('',#5520,#4357,#4358);
#3831=AXIS2_PLACEMENT_3D('',#5523,#4361,#4362);
#3832=AXIS2_PLACEMENT_3D('',#5526,#4364,#4365);
#3833=AXIS2_PLACEMENT_3D('',#5529,#4367,#4368);
#3834=AXIS2_PLACEMENT_3D('',#5531,#4370,#4371);
#3835=AXIS2_PLACEMENT_3D('',#5533,#4373,#4374);
#3836=AXIS2_PLACEMENT_3D('',#5536,#4376,#4377);
#3837=AXIS2_PLACEMENT_3D('',#5539,#4379,#4380);
#3838=AXIS2_PLACEMENT_3D('',#5541,#4382,#4383);
#3839=AXIS2_PLACEMENT_3D('',#5543,#4385,#4386);
#3840=AXIS2_PLACEMENT_3D('',#5546,#4388,#4389);
#3841=AXIS2_PLACEMENT_3D('',#5549,#4391,#4392);
#3842=AXIS2_PLACEMENT_3D('',#5551,#4394,#4395);
#3843=AXIS2_PLACEMENT_3D('',#5553,#4397,#4398);
#3844=AXIS2_PLACEMENT_3D('',#5556,#4400,#4401);
#3845=AXIS2_PLACEMENT_3D('',#5559,#4403,#4404);
#3846=AXIS2_PLACEMENT_3D('',#5561,#4406,#4407);
#3847=AXIS2_PLACEMENT_3D('',#5563,#4409,#4410);
#3848=AXIS2_PLACEMENT_3D('',#5566,#4412,#4413);
#3849=AXIS2_PLACEMENT_3D('',#5569,#4415,#4416);
#3850=AXIS2_PLACEMENT_3D('',#5571,#4418,#4419);
#3851=AXIS2_PLACEMENT_3D('',#5573,#4421,#4422);
#3852=AXIS2_PLACEMENT_3D('',#5576,#4424,#4425);
#3853=AXIS2_PLACEMENT_3D('',#5579,#4427,#4428);
#3854=AXIS2_PLACEMENT_3D('',#5581,#4430,#4431);
#3855=AXIS2_PLACEMENT_3D('',#5583,#4433,#4434);
#3856=AXIS2_PLACEMENT_3D('',#5584,#4435,#4436);
#3857=AXIS2_PLACEMENT_3D('',#5586,#4437,#4438);
#3858=AXIS2_PLACEMENT_3D('',#5593,#4442,#4443);
#3859=AXIS2_PLACEMENT_3D('',#5605,#4450,#4451);
#3860=AXIS2_PLACEMENT_3D('',#5608,#4453,#4454);
#3861=AXIS2_PLACEMENT_3D('',#5610,#4455,#4456);
#3862=AXIS2_PLACEMENT_3D('',#5612,#4458,#4459);
#3863=AXIS2_PLACEMENT_3D('',#5614,#4461,#4462);
#3864=AXIS2_PLACEMENT_3D('',#5615,#4463,#4464);
#3865=AXIS2_PLACEMENT_3D('',#5616,#4465,#4466);
#3866=AXIS2_PLACEMENT_3D('',#5625,#4471,#4472);
#3867=AXIS2_PLACEMENT_3D('',#5634,#4477,#4478);
#3868=AXIS2_PLACEMENT_3D('',#5640,#4482,#4483);
#3869=AXIS2_PLACEMENT_3D('',#5646,#4487,#4488);
#3870=AXIS2_PLACEMENT_3D('',#5655,#4493,#4494);
#3871=AXIS2_PLACEMENT_3D('',#5664,#4499,#4500);
#3872=AXIS2_PLACEMENT_3D('',#5670,#4504,#4505);
#3873=AXIS2_PLACEMENT_3D('',#5679,#4510,#4511);
#3874=AXIS2_PLACEMENT_3D('',#5685,#4515,#4516);
#3875=AXIS2_PLACEMENT_3D('',#5694,#4521,#4522);
#3876=AXIS2_PLACEMENT_3D('',#5703,#4527,#4528);
#3877=AXIS2_PLACEMENT_3D('',#5712,#4533,#4534);
#3878=AXIS2_PLACEMENT_3D('',#5713,#4535,#4536);
#3879=AXIS2_PLACEMENT_3D('',#5714,#4537,#4538);
#3880=AXIS2_PLACEMENT_3D('',#5718,#4540,#4541);
#3881=AXIS2_PLACEMENT_3D('',#5719,#4542,#4543);
#3882=AXIS2_PLACEMENT_3D('',#5720,#4544,#4545);
#3883=AXIS2_PLACEMENT_3D('',#5721,#4546,#4547);
#3884=AXIS2_PLACEMENT_3D('',#5725,#4549,#4550);
#3885=AXIS2_PLACEMENT_3D('',#5726,#4551,#4552);
#3886=AXIS2_PLACEMENT_3D('',#5727,#4553,#4554);
#3887=AXIS2_PLACEMENT_3D('',#5730,#4556,#4557);
#3888=AXIS2_PLACEMENT_3D('',#5731,#4558,#4559);
#3889=AXIS2_PLACEMENT_3D('',#5732,#4560,#4561);
#3890=AXIS2_PLACEMENT_3D('',#5733,#4562,#4563);
#3891=AXIS2_PLACEMENT_3D('',#5736,#4565,#4566);
#3892=AXIS2_PLACEMENT_3D('',#5737,#4567,#4568);
#3893=AXIS2_PLACEMENT_3D('',#5740,#4570,#4571);
#3894=AXIS2_PLACEMENT_3D('',#5741,#4572,#4573);
#3895=AXIS2_PLACEMENT_3D('',#5742,#4574,#4575);
#3896=AXIS2_PLACEMENT_3D('',#5743,#4576,#4577);
#3897=AXIS2_PLACEMENT_3D('',#5746,#4579,#4580);
#3898=AXIS2_PLACEMENT_3D('',#5747,#4581,#4582);
#3899=AXIS2_PLACEMENT_3D('',#5748,#4583,#4584);
#3900=AXIS2_PLACEMENT_3D('',#5752,#4586,#4587);
#3901=AXIS2_PLACEMENT_3D('',#5753,#4588,#4589);
#3902=AXIS2_PLACEMENT_3D('',#5754,#4590,#4591);
#3903=AXIS2_PLACEMENT_3D('',#5755,#4592,#4593);
#3904=AXIS2_PLACEMENT_3D('',#5759,#4595,#4596);
#3905=AXIS2_PLACEMENT_3D('',#5760,#4597,#4598);
#3906=AXIS2_PLACEMENT_3D('',#5766,#4602,#4603);
#3907=AXIS2_PLACEMENT_3D('',#5781,#4612,#4613);
#3908=AXIS2_PLACEMENT_3D('',#5784,#4616,#4617);
#3909=AXIS2_PLACEMENT_3D('',#5800,#4626,#4627);
#3910=AXIS2_PLACEMENT_3D('',#5802,#4629,#4630);
#3911=AXIS2_PLACEMENT_3D('',#5805,#4633,#4634);
#3912=AXIS2_PLACEMENT_3D('',#5809,#4637,#4638);
#3913=AXIS2_PLACEMENT_3D('',#5823,#4646,#4647);
#3914=AXIS2_PLACEMENT_3D('',#5826,#4650,#4651);
#3915=AXIS2_PLACEMENT_3D('',#5828,#4653,#4654);
#3916=AXIS2_PLACEMENT_3D('',#5830,#4656,#4657);
#3917=AXIS2_PLACEMENT_3D('',#5832,#4659,#4660);
#3918=AXIS2_PLACEMENT_3D('',#5838,#4664,#4665);
#3919=AXIS2_PLACEMENT_3D('',#5844,#4669,#4670);
#3920=AXIS2_PLACEMENT_3D('',#5845,#4671,#4672);
#3921=AXIS2_PLACEMENT_3D('',#5847,#4673,#4674);
#3922=AXIS2_PLACEMENT_3D('',#5848,#4675,#4676);
#3923=AXIS2_PLACEMENT_3D('',#5850,#4677,#4678);
#3924=AXIS2_PLACEMENT_3D('',#5851,#4679,#4680);
#3925=AXIS2_PLACEMENT_3D('',#5853,#4681,#4682);
#3926=AXIS2_PLACEMENT_3D('',#5855,#4683,#4684);
#3927=AXIS2_PLACEMENT_3D('',#5856,#4685,#4686);
#3928=AXIS2_PLACEMENT_3D('',#5858,#4687,#4688);
#3929=AXIS2_PLACEMENT_3D('',#5859,#4689,#4690);
#3930=AXIS2_PLACEMENT_3D('',#5864,#4693,#4694);
#3931=AXIS2_PLACEMENT_3D('',#5868,#4697,#4698);
#3932=AXIS2_PLACEMENT_3D('',#5869,#4699,#4700);
#3933=AXIS2_PLACEMENT_3D('',#5872,#4702,#4703);
#3934=AXIS2_PLACEMENT_3D('',#5873,#4704,#4705);
#3935=AXIS2_PLACEMENT_3D('',#5874,#4706,#4707);
#3936=AXIS2_PLACEMENT_3D('',#5879,#4710,#4711);
#3937=AXIS2_PLACEMENT_3D('',#5883,#4714,#4715);
#3938=AXIS2_PLACEMENT_3D('',#5884,#4716,#4717);
#3939=AXIS2_PLACEMENT_3D('',#5887,#4719,#4720);
#3940=AXIS2_PLACEMENT_3D('',#5888,#4721,#4722);
#3941=AXIS2_PLACEMENT_3D('',#5889,#4723,#4724);
#3942=AXIS2_PLACEMENT_3D('',#5894,#4727,#4728);
#3943=AXIS2_PLACEMENT_3D('',#5898,#4731,#4732);
#3944=AXIS2_PLACEMENT_3D('',#5899,#4733,#4734);
#3945=AXIS2_PLACEMENT_3D('',#5902,#4736,#4737);
#3946=AXIS2_PLACEMENT_3D('',#5903,#4738,#4739);
#3947=AXIS2_PLACEMENT_3D('',#5904,#4740,#4741);
#3948=AXIS2_PLACEMENT_3D('',#5909,#4744,#4745);
#3949=AXIS2_PLACEMENT_3D('',#5910,#4746,#4747);
#3950=AXIS2_PLACEMENT_3D('',#5915,#4750,#4751);
#3951=AXIS2_PLACEMENT_3D('',#5917,#4753,#4754);
#3952=AXIS2_PLACEMENT_3D('',#5918,#4755,#4756);
#3953=AXIS2_PLACEMENT_3D('',#5919,#4757,#4758);
#3954=AXIS2_PLACEMENT_3D('',#5921,#4759,#4760);
#3955=AXIS2_PLACEMENT_3D('',#5922,#4761,#4762);
#3956=AXIS2_PLACEMENT_3D('',#5923,#4763,#4764);
#3957=AXIS2_PLACEMENT_3D('',#5925,#4765,#4766);
#3958=AXIS2_PLACEMENT_3D('',#5926,#4767,#4768);
#3959=AXIS2_PLACEMENT_3D('',#5927,#4769,#4770);
#3960=AXIS2_PLACEMENT_3D('',#5929,#4771,#4772);
#3961=AXIS2_PLACEMENT_3D('',#5930,#4773,#4774);
#3962=AXIS2_PLACEMENT_3D('',#5931,#4775,#4776);
#3963=AXIS2_PLACEMENT_3D('',#5933,#4777,#4778);
#3964=AXIS2_PLACEMENT_3D('',#5934,#4779,#4780);
#3965=AXIS2_PLACEMENT_3D('',#5935,#4781,#4782);
#3966=AXIS2_PLACEMENT_3D('',#5937,#4783,#4784);
#3967=AXIS2_PLACEMENT_3D('',#5938,#4785,#4786);
#3968=AXIS2_PLACEMENT_3D('',#5939,#4787,#4788);
#3969=AXIS2_PLACEMENT_3D('',#5944,#4790,#4791);
#3970=AXIS2_PLACEMENT_3D('',#5947,#4793,#4794);
#3971=AXIS2_PLACEMENT_3D('',#5949,#4796,#4797);
#3972=AXIS2_PLACEMENT_3D('',#5950,#4798,#4799);
#3973=AXIS2_PLACEMENT_3D('',#5955,#4801,#4802);
#3974=AXIS2_PLACEMENT_3D('',#5958,#4804,#4805);
#3975=AXIS2_PLACEMENT_3D('',#5960,#4807,#4808);
#3976=AXIS2_PLACEMENT_3D('',#5961,#4809,#4810);
#3977=AXIS2_PLACEMENT_3D('',#5963,#4811,#4812);
#3978=AXIS2_PLACEMENT_3D('',#5964,#4813,#4814);
#3979=AXIS2_PLACEMENT_3D('',#5970,#4818,#4819);
#3980=AXIS2_PLACEMENT_3D('',#5974,#4822,#4823);
#3981=AXIS2_PLACEMENT_3D('',#5978,#4826,#4827);
#3982=AXIS2_PLACEMENT_3D('',#5980,#4829,#4830);
#3983=AXIS2_PLACEMENT_3D('',#5981,#4831,#4832);
#3984=AXIS2_PLACEMENT_3D('',#5987,#4836,#4837);
#3985=AXIS2_PLACEMENT_3D('',#5991,#4840,#4841);
#3986=AXIS2_PLACEMENT_3D('',#5995,#4844,#4845);
#3987=AXIS2_PLACEMENT_3D('',#5997,#4847,#4848);
#3988=AXIS2_PLACEMENT_3D('',#5998,#4849,#4850);
#3989=AXIS2_PLACEMENT_3D('',#6004,#4854,#4855);
#3990=AXIS2_PLACEMENT_3D('',#6008,#4858,#4859);
#3991=AXIS2_PLACEMENT_3D('',#6012,#4862,#4863);
#3992=AXIS2_PLACEMENT_3D('',#6014,#4865,#4866);
#3993=AXIS2_PLACEMENT_3D('',#6015,#4867,#4868);
#3994=AXIS2_PLACEMENT_3D('',#6021,#4872,#4873);
#3995=AXIS2_PLACEMENT_3D('',#6025,#4876,#4877);
#3996=AXIS2_PLACEMENT_3D('',#6029,#4880,#4881);
#3997=AXIS2_PLACEMENT_3D('',#6031,#4883,#4884);
#3998=AXIS2_PLACEMENT_3D('',#6032,#4885,#4886);
#3999=AXIS2_PLACEMENT_3D('',#6033,#4887,#4888);
#4000=AXIS2_PLACEMENT_3D('',#6034,#4889,#4890);
#4001=AXIS2_PLACEMENT_3D('',#6039,#4893,#4894);
#4002=AXIS2_PLACEMENT_3D('',#6042,#4896,#4897);
#4003=AXIS2_PLACEMENT_3D('',#6044,#4898,#4899);
#4004=AXIS2_PLACEMENT_3D('',#6049,#4902,#4903);
#4005=AXIS2_PLACEMENT_3D('',#6059,#4909,#4910);
#4006=AXIS2_PLACEMENT_3D('',#6061,#4911,#4912);
#4007=AXIS2_PLACEMENT_3D('',#6063,#4914,#4915);
#4008=AXIS2_PLACEMENT_3D('',#6065,#4917,#4918);
#4009=AXIS2_PLACEMENT_3D('',#6066,#4919,#4920);
#4010=AXIS2_PLACEMENT_3D('',#6069,#4922,#4923);
#4011=AXIS2_PLACEMENT_3D('',#6072,#4925,#4926);
#4012=AXIS2_PLACEMENT_3D('',#6074,#4927,#4928);
#4013=AXIS2_PLACEMENT_3D('',#6078,#4931,#4932);
#4014=AXIS2_PLACEMENT_3D('',#6081,#4934,#4935);
#4015=AXIS2_PLACEMENT_3D('',#6082,#4936,#4937);
#4016=AXIS2_PLACEMENT_3D('',#6084,#4938,#4939);
#4017=AXIS2_PLACEMENT_3D('',#6086,#4941,#4942);
#4018=AXIS2_PLACEMENT_3D('',#6087,#4943,#4944);
#4019=AXIS2_PLACEMENT_3D('',#6088,#4945,#4946);
#4020=AXIS2_PLACEMENT_3D('',#6093,#4949,#4950);
#4021=AXIS2_PLACEMENT_3D('',#6094,#4951,#4952);
#4022=AXIS2_PLACEMENT_3D('',#6096,#4953,#4954);
#4023=AXIS2_PLACEMENT_3D('',#6100,#4957,#4958);
#4024=AXIS2_PLACEMENT_3D('',#6103,#4960,#4961);
#4025=AXIS2_PLACEMENT_3D('',#6104,#4962,#4963);
#4026=AXIS2_PLACEMENT_3D('',#6106,#4964,#4965);
#4027=AXIS2_PLACEMENT_3D('',#6108,#4967,#4968);
#4028=AXIS2_PLACEMENT_3D('',#6109,#4969,#4970);
#4029=AXIS2_PLACEMENT_3D('',#6110,#4971,#4972);
#4030=AXIS2_PLACEMENT_3D('',#6115,#4975,#4976);
#4031=AXIS2_PLACEMENT_3D('',#6116,#4977,#4978);
#4032=AXIS2_PLACEMENT_3D('',#6118,#4979,#4980);
#4033=AXIS2_PLACEMENT_3D('',#6122,#4983,#4984);
#4034=AXIS2_PLACEMENT_3D('',#6125,#4986,#4987);
#4035=AXIS2_PLACEMENT_3D('',#6126,#4988,#4989);
#4036=AXIS2_PLACEMENT_3D('',#6128,#4990,#4991);
#4037=AXIS2_PLACEMENT_3D('',#6130,#4993,#4994);
#4038=AXIS2_PLACEMENT_3D('',#6131,#4995,#4996);
#4039=AXIS2_PLACEMENT_3D('',#6132,#4997,#4998);
#4040=AXIS2_PLACEMENT_3D('',#6135,#5000,#5001);
#4041=AXIS2_PLACEMENT_3D('',#6138,#5003,#5004);
#4042=AXIS2_PLACEMENT_3D('',#6140,#5005,#5006);
#4043=AXIS2_PLACEMENT_3D('',#6144,#5009,#5010);
#4044=AXIS2_PLACEMENT_3D('',#6147,#5012,#5013);
#4045=AXIS2_PLACEMENT_3D('',#6148,#5014,#5015);
#4046=AXIS2_PLACEMENT_3D('',#6150,#5016,#5017);
#4047=AXIS2_PLACEMENT_3D('',#6152,#5019,#5020);
#4048=AXIS2_PLACEMENT_3D('',#6153,#5021,#5022);
#4049=AXIS2_PLACEMENT_3D('',#6154,#5023,#5024);
#4050=AXIS2_PLACEMENT_3D('',#6157,#5026,#5027);
#4051=AXIS2_PLACEMENT_3D('',#6160,#5029,#5030);
#4052=AXIS2_PLACEMENT_3D('',#6162,#5031,#5032);
#4053=AXIS2_PLACEMENT_3D('',#6166,#5035,#5036);
#4054=AXIS2_PLACEMENT_3D('',#6169,#5038,#5039);
#4055=AXIS2_PLACEMENT_3D('',#6170,#5040,#5041);
#4056=AXIS2_PLACEMENT_3D('',#6172,#5042,#5043);
#4057=AXIS2_PLACEMENT_3D('',#6174,#5045,#5046);
#4058=AXIS2_PLACEMENT_3D('',#6175,#5047,#5048);
#4059=AXIS2_PLACEMENT_3D('',#6176,#5049,#5050);
#4060=AXIS2_PLACEMENT_3D('',#6177,#5051,#5052);
#4061=AXIS2_PLACEMENT_3D('',#6182,#5054,#5055);
#4062=AXIS2_PLACEMENT_3D('',#6185,#5057,#5058);
#4063=AXIS2_PLACEMENT_3D('',#6186,#5059,#5060);
#4064=AXIS2_PLACEMENT_3D('',#6188,#5061,#5062);
#4065=AXIS2_PLACEMENT_3D('',#6190,#5063,#5064);
#4066=AXIS2_PLACEMENT_3D('',#6193,#5067,#5068);
#4067=AXIS2_PLACEMENT_3D('',#6195,#5070,#5071);
#4068=AXIS2_PLACEMENT_3D('',#6197,#5073,#5074);
#4069=AXIS2_PLACEMENT_3D('',#6198,#5075,#5076);
#4070=AXIS2_PLACEMENT_3D('',#6199,#5077,#5078);
#4071=AXIS2_PLACEMENT_3D('',#6200,#5079,#5080);
#4072=AXIS2_PLACEMENT_3D('',#6201,#5081,#5082);
#4073=AXIS2_PLACEMENT_3D('',#6202,#5083,#5084);
#4074=AXIS2_PLACEMENT_3D('',#6203,#5085,#5086);
#4075=AXIS2_PLACEMENT_3D('',#6204,#5087,#5088);
#4076=AXIS2_PLACEMENT_3D('',#6205,#5089,#5090);
#4077=AXIS2_PLACEMENT_3D('',#6210,#5094,#5095);
#4078=AXIS2_PLACEMENT_3D('',#6213,#5097,#5098);
#4079=AXIS2_PLACEMENT_3D('',#6218,#5101,#5102);
#4080=AXIS2_PLACEMENT_3D('',#6225,#5107,#5108);
#4081=AXIS2_PLACEMENT_3D('',#6227,#5110,#5111);
#4082=AXIS2_PLACEMENT_3D('',#6228,#5112,#5113);
#4083=AXIS2_PLACEMENT_3D('',#6230,#5115,#5116);
#4084=AXIS2_PLACEMENT_3D('',#6231,#5117,#5118);
#4085=AXIS2_PLACEMENT_3D('',#6234,#5120,#5121);
#4086=AXIS2_PLACEMENT_3D('',#6236,#5123,#5124);
#4087=AXIS2_PLACEMENT_3D('',#6237,#5125,#5126);
#4088=AXIS2_PLACEMENT_3D('',#6238,#5127,#5128);
#4089=AXIS2_PLACEMENT_3D('',#6241,#5130,#5131);
#4090=AXIS2_PLACEMENT_3D('',#6242,#5132,#5133);
#4091=AXIS2_PLACEMENT_3D('',#6244,#5135,#5136);
#4092=AXIS2_PLACEMENT_3D('',#6246,#5138,#5139);
#4093=AXIS2_PLACEMENT_3D('',#6247,#5140,#5141);
#4094=AXIS2_PLACEMENT_3D('',#6248,#5142,#5143);
#4095=AXIS2_PLACEMENT_3D('',#6252,#5146,#5147);
#4096=AXIS2_PLACEMENT_3D('',#6256,#5151,#5152);
#4097=AXIS2_PLACEMENT_3D('',#6257,#5153,#5154);
#4098=AXIS2_PLACEMENT_3D('',#6258,#5155,#5156);
#4099=DIRECTION('',(0.,0.,1.));
#4100=DIRECTION('',(1.,0.,0.));
#4101=DIRECTION('',(0.,0.,1.));
#4102=DIRECTION('',(1.,0.,0.));
#4103=DIRECTION('',(0.,0.,1.));
#4104=DIRECTION('',(0.,0.,-1.));
#4105=DIRECTION('',(-1.,0.,0.));
#4106=DIRECTION('',(0.,0.,1.));
#4107=DIRECTION('',(0.,0.,1.));
#4108=DIRECTION('',(1.,0.,0.));
#4109=DIRECTION('',(0.,0.,1.));
#4110=DIRECTION('',(0.,-0.0174524064372843,0.999847695156391));
#4111=DIRECTION('',(0.,0.999847695156391,0.0174524064372843));
#4112=DIRECTION('',(0.,0.,1.));
#4113=DIRECTION('',(0.,0.,-1.));
#4114=DIRECTION('',(-1.,0.,0.));
#4115=DIRECTION('',(0.,0.,1.));
#4116=DIRECTION('',(1.,0.,0.));
#4117=DIRECTION('',(0.,0.,-1.));
#4118=DIRECTION('',(0.,0.,-1.));
#4119=DIRECTION('',(-1.,0.,0.));
#4120=DIRECTION('',(0.,0.,-1.));
#4121=DIRECTION('',(2.67643912095845E-31,-4.37095678986282E-15,1.));
#4122=DIRECTION('',(0.,-1.,-4.37095678986282E-15));
#4123=DIRECTION('',(0.,0.,-1.));
#4124=DIRECTION('',(0.,0.,1.));
#4125=DIRECTION('',(1.,0.,0.));
#4126=DIRECTION('',(0.,0.,-1.));
#4127=DIRECTION('',(0.,0.,-1.));
#4128=DIRECTION('',(-1.,0.,0.));
#4129=DIRECTION('',(0.,0.,-1.));
#4130=DIRECTION('',(0.,0.,1.));
#4131=DIRECTION('',(1.,0.,0.));
#4132=DIRECTION('',(0.,0.,-1.));
#4133=DIRECTION('',(0.,0.,-1.));
#4134=DIRECTION('',(-1.,0.,0.));
#4135=DIRECTION('',(0.,0.,-1.));
#4136=DIRECTION('',(0.,0.,-1.));
#4137=DIRECTION('',(-1.,0.,0.));
#4138=DIRECTION('',(0.,0.,-1.));
#4139=DIRECTION('',(-8.02931736287534E-31,4.37095678986282E-15,1.));
#4140=DIRECTION('',(0.,-1.,4.37095678986282E-15));
#4141=DIRECTION('',(0.,0.,-1.));
#4142=DIRECTION('',(0.,0.,-1.));
#4143=DIRECTION('',(-1.,0.,0.));
#4144=DIRECTION('',(0.,0.,-1.));
#4145=DIRECTION('',(-4.37095678986282E-15,-5.35287824191689E-31,1.));
#4146=DIRECTION('',(1.,0.,4.37095678986282E-15));
#4147=DIRECTION('',(0.,0.,-1.));
#4148=DIRECTION('',(0.,0.,1.));
#4149=DIRECTION('',(1.,0.,0.));
#4150=DIRECTION('',(0.,0.,-1.));
#4151=DIRECTION('',(0.,0.,-1.));
#4152=DIRECTION('',(-1.,0.,0.));
#4153=DIRECTION('',(0.,0.,-1.));
#4154=DIRECTION('',(0.,0.,1.));
#4155=DIRECTION('',(1.,0.,0.));
#4156=DIRECTION('',(0.,0.,-1.));
#4157=DIRECTION('',(0.,0.,-1.));
#4158=DIRECTION('',(0.,-0.0174524064372843,0.999847695156391));
#4159=DIRECTION('',(0.,-0.999847695156391,-0.0174524064372843));
#4160=DIRECTION('',(0.,0.,-1.));
#4161=DIRECTION('',(0.,0.,-1.));
#4162=DIRECTION('',(-1.,0.,0.));
#4163=DIRECTION('',(0.,0.,-1.));
#4164=DIRECTION('',(0.,0.,1.));
#4165=DIRECTION('',(1.,0.,0.));
#4166=DIRECTION('',(0.,0.,1.));
#4167=DIRECTION('',(1.,0.,0.));
#4168=DIRECTION('',(0.,0.,-1.));
#4169=DIRECTION('',(0.,0.,-1.));
#4170=DIRECTION('',(-1.,0.,0.));
#4171=DIRECTION('',(0.,0.,-1.));
#4172=DIRECTION('',(0.,-0.0174524064372843,0.999847695156391));
#4173=DIRECTION('',(0.,-0.999847695156391,-0.0174524064372843));
#4174=DIRECTION('',(0.,0.,-1.));
#4175=DIRECTION('',(0.,0.,1.));
#4176=DIRECTION('',(1.,0.,0.));
#4177=DIRECTION('',(0.,0.,1.));
#4178=DIRECTION('',(1.,0.,0.));
#4179=DIRECTION('',(0.,0.,1.));
#4180=DIRECTION('',(1.,0.,0.));
#4181=DIRECTION('',(0.,0.,1.));
#4182=DIRECTION('',(1.,0.,0.));
#4183=DIRECTION('',(0.,0.,-1.));
#4184=DIRECTION('',(0.,0.,-1.));
#4185=DIRECTION('',(-1.,0.,0.));
#4186=DIRECTION('',(0.,0.,-1.));
#4187=DIRECTION('',(0.,0.,-1.));
#4188=DIRECTION('',(-1.,0.,0.));
#4189=DIRECTION('',(0.,0.,-1.));
#4190=DIRECTION('',(-1.,0.,0.));
#4191=DIRECTION('',(0.,0.,-1.));
#4192=DIRECTION('',(-1.,0.,0.));
#4193=DIRECTION('',(1.,0.,0.));
#4194=DIRECTION('',(0.,1.,0.));
#4195=DIRECTION('',(0.,0.,1.));
#4196=DIRECTION('',(1.,0.,0.));
#4197=DIRECTION('',(0.,-0.0174524064372843,0.999847695156391));
#4198=DIRECTION('',(0.,0.999847695156391,0.0174524064372843));
#4199=DIRECTION('',(0.,0.,1.));
#4200=DIRECTION('',(0.,0.,-1.));
#4201=DIRECTION('',(-1.,0.,0.));
#4202=DIRECTION('',(0.,0.,1.));
#4203=DIRECTION('',(0.,0.,1.));
#4204=DIRECTION('',(1.,0.,0.));
#4205=DIRECTION('',(0.,0.,1.));
#4206=DIRECTION('',(0.,0.,1.));
#4207=DIRECTION('',(0.,0.,-1.));
#4208=DIRECTION('',(-1.,0.,0.));
#4209=DIRECTION('',(0.,0.,1.));
#4210=DIRECTION('',(0.,-0.0174524064372843,0.999847695156391));
#4211=DIRECTION('',(0.,0.999847695156391,0.0174524064372843));
#4212=DIRECTION('',(0.,0.,1.));
#4213=DIRECTION('',(0.,0.,-1.));
#4214=DIRECTION('',(-1.,0.,0.));
#4215=DIRECTION('',(0.,0.,1.));
#4216=DIRECTION('',(-4.37095678986282E-15,-5.35287824191689E-31,1.));
#4217=DIRECTION('',(1.,0.,4.37095678986282E-15));
#4218=DIRECTION('',(0.,0.,1.));
#4219=DIRECTION('',(0.,0.,1.));
#4220=DIRECTION('',(1.,0.,0.));
#4221=DIRECTION('',(0.,0.,1.));
#4222=DIRECTION('',(0.,0.,-1.));
#4223=DIRECTION('',(-1.,0.,0.));
#4224=DIRECTION('',(0.,0.,1.));
#4225=DIRECTION('',(0.,0.,-1.));
#4226=DIRECTION('',(-1.,0.,0.));
#4227=DIRECTION('',(0.,0.,1.));
#4228=DIRECTION('',(2.67643912095845E-31,-4.37095678986282E-15,1.));
#4229=DIRECTION('',(0.,-1.,-4.37095678986282E-15));
#4230=DIRECTION('',(0.,0.,1.));
#4231=DIRECTION('',(0.,0.,-1.));
#4232=DIRECTION('',(-1.,0.,0.));
#4233=DIRECTION('',(0.,0.,-1.));
#4234=DIRECTION('',(-1.,0.,0.));
#4235=DIRECTION('',(0.,0.,1.));
#4236=DIRECTION('',(1.,0.,0.));
#4237=DIRECTION('',(0.,0.,1.));
#4238=DIRECTION('',(0.,0.,-1.));
#4239=DIRECTION('',(-1.,0.,0.));
#4240=DIRECTION('',(0.,0.,1.));
#4241=DIRECTION('',(0.,0.,-1.));
#4242=DIRECTION('',(-1.,0.,0.));
#4243=DIRECTION('',(0.,0.,1.));
#4244=DIRECTION('',(-8.02931736287534E-31,4.37095678986282E-15,1.));
#4245=DIRECTION('',(0.,-1.,4.37095678986282E-15));
#4246=DIRECTION('',(0.,0.,1.));
#4247=DIRECTION('',(0.,0.,1.));
#4248=DIRECTION('',(1.,0.,0.));
#4249=DIRECTION('',(0.,0.,1.));
#4250=DIRECTION('',(0.,0.,-1.));
#4251=DIRECTION('',(-1.,0.,0.));
#4252=DIRECTION('',(0.,0.,1.));
#4253=DIRECTION('',(0.,-0.0174524064372843,0.999847695156391));
#4254=DIRECTION('',(0.,-0.999847695156391,-0.0174524064372843));
#4255=DIRECTION('',(0.,0.999847695156391,0.0174524064372843));
#4256=DIRECTION('',(-3.70191802470921E-18,-0.999847695156391,-0.0174524064372843));
#4257=DIRECTION('',(0.,-0.999847695156391,-0.0174524064372843));
#4258=DIRECTION('',(-1.,3.7013542046634E-18,6.46073779647336E-20));
#4259=DIRECTION('',(0.,-0.999847695156391,-0.0174524064372843));
#4260=DIRECTION('',(-1.,0.,0.));
#4261=DIRECTION('',(0.,0.,-1.));
#4262=DIRECTION('',(1.,0.,0.));
#4263=DIRECTION('',(0.,1.,0.));
#4264=DIRECTION('',(1.,-3.70248193064062E-18,0.));
#4265=DIRECTION('',(3.7013542046634E-18,1.,0.));
#4266=DIRECTION('',(0.,-1.,0.));
#4267=DIRECTION('',(1.,0.,0.));
#4268=DIRECTION('',(0.,-1.,0.));
#4269=DIRECTION('',(0.,0.,-1.));
#4270=DIRECTION('',(-1.,0.,0.));
#4271=DIRECTION('',(-1.,0.,0.));
#4272=DIRECTION('',(0.707106781186548,-0.707106781186548,0.));
#4273=DIRECTION('',(0.,1.,0.));
#4274=DIRECTION('',(0.,0.,-1.));
#4275=DIRECTION('',(-1.,0.,0.));
#4276=DIRECTION('',(1.,0.,0.));
#4277=DIRECTION('',(3.90263999094893E-16,1.,0.));
#4278=DIRECTION('',(1.,0.,0.));
#4279=DIRECTION('',(0.,-1.,0.));
#4280=DIRECTION('',(0.,0.,-1.));
#4281=DIRECTION('',(0.,0.,1.));
#4282=DIRECTION('',(1.,0.,0.));
#4283=DIRECTION('',(0.,0.,1.));
#4284=DIRECTION('',(1.,0.,0.));
#4285=DIRECTION('',(1.,0.,0.));
#4286=DIRECTION('',(0.,0.,-1.));
#4287=DIRECTION('',(1.,0.,0.));
#4288=DIRECTION('',(0.,0.,-1.));
#4289=DIRECTION('',(0.,0.,1.));
#4290=DIRECTION('',(-1.,0.,0.));
#4291=DIRECTION('',(0.,0.,1.));
#4292=DIRECTION('',(1.,0.,0.));
#4293=DIRECTION('',(0.,0.,1.));
#4294=DIRECTION('',(-1.,0.,4.37095678986282E-15));
#4295=DIRECTION('',(0.,0.,1.));
#4296=DIRECTION('',(1.,0.,0.));
#4297=DIRECTION('',(0.,0.,-1.));
#4298=DIRECTION('',(1.,0.,0.));
#4299=DIRECTION('',(0.,-1.,0.));
#4300=DIRECTION('',(-3.90263999094893E-16,1.,0.));
#4301=DIRECTION('',(1.,0.,0.));
#4302=DIRECTION('',(0.,0.,-1.));
#4303=DIRECTION('',(-1.,0.,0.));
#4304=DIRECTION('',(0.,1.,0.));
#4305=DIRECTION('',(0.707106781186548,0.707106781186548,0.));
#4306=DIRECTION('',(1.,-1.70740499604017E-15,0.));
#4307=DIRECTION('',(0.,0.,-1.));
#4308=DIRECTION('',(-1.,0.,0.));
#4309=DIRECTION('',(0.,1.,0.));
#4310=DIRECTION('',(-1.,0.,0.));
#4311=DIRECTION('',(0.,-1.,0.));
#4312=DIRECTION('',(3.7013542046634E-18,1.,0.));
#4313=DIRECTION('',(1.,-3.70248193064062E-18,0.));
#4314=DIRECTION('',(0.,0.,-1.));
#4315=DIRECTION('',(1.,0.,0.));
#4316=DIRECTION('',(0.,1.,0.));
#4317=DIRECTION('',(0.,0.,-1.));
#4318=DIRECTION('',(-1.,0.,0.));
#4319=DIRECTION('',(3.7013542046634E-18,1.,0.));
#4320=DIRECTION('',(0.,1.,0.));
#4321=DIRECTION('',(0.,0.,-1.));
#4322=DIRECTION('',(-1.,0.,0.));
#4323=DIRECTION('',(0.,0.,1.));
#4324=DIRECTION('',(1.,0.,0.));
#4325=DIRECTION('',(1.22464679914735E-16,-1.,0.));
#4326=DIRECTION('',(1.22464679914735E-16,-1.,0.));
#4327=DIRECTION('',(0.,0.,-1.));
#4328=DIRECTION('',(-1.,0.,0.));
#4329=DIRECTION('',(0.,0.,1.));
#4330=DIRECTION('',(1.,0.,0.));
#4331=DIRECTION('',(1.22464679914735E-16,-1.,0.));
#4332=DIRECTION('',(1.22464679914735E-16,-1.,0.));
#4333=DIRECTION('',(0.,0.,-1.));
#4334=DIRECTION('',(-1.,0.,0.));
#4335=DIRECTION('',(0.,0.,1.));
#4336=DIRECTION('',(1.,0.,0.));
#4337=DIRECTION('',(-1.,-1.83697019872103E-16,0.));
#4338=DIRECTION('',(-1.,-1.83697019872103E-16,0.));
#4339=DIRECTION('',(0.,0.,-1.));
#4340=DIRECTION('',(-1.,0.,0.));
#4341=DIRECTION('',(0.,0.,1.));
#4342=DIRECTION('',(1.,0.,0.));
#4343=DIRECTION('',(-1.,-1.83697019872103E-16,0.));
#4344=DIRECTION('',(-1.,-1.83697019872103E-16,0.));
#4345=DIRECTION('',(0.,0.,-1.));
#4346=DIRECTION('',(-1.,0.,0.));
#4347=DIRECTION('',(0.,0.,1.));
#4348=DIRECTION('',(1.,0.,0.));
#4349=DIRECTION('',(1.,6.12323399573677E-17,0.));
#4350=DIRECTION('',(1.,6.12323399573677E-17,0.));
#4351=DIRECTION('',(0.,0.,-1.));
#4352=DIRECTION('',(-1.,0.,0.));
#4353=DIRECTION('',(0.,0.,1.));
#4354=DIRECTION('',(1.,0.,0.));
#4355=DIRECTION('',(1.,6.12323399573677E-17,0.));
#4356=DIRECTION('',(1.,6.12323399573677E-17,0.));
#4357=DIRECTION('',(0.,0.,-1.));
#4358=DIRECTION('',(-1.,0.,0.));
#4359=DIRECTION('',(1.,0.,0.));
#4360=DIRECTION('',(0.,1.,0.));
#4361=DIRECTION('',(0.,0.,1.));
#4362=DIRECTION('',(1.,0.,0.));
#4363=DIRECTION('',(1.22464679914735E-16,-1.,0.));
#4364=DIRECTION('',(0.,0.,1.));
#4365=DIRECTION('',(1.,0.,0.));
#4366=DIRECTION('',(1.22464679914735E-16,-1.,0.));
#4367=DIRECTION('',(1.,1.22464679914735E-16,0.));
#4368=DIRECTION('',(-1.22464679914735E-16,1.,0.));
#4369=DIRECTION('',(0.,0.,1.));
#4370=DIRECTION('',(1.,1.22464679914735E-16,0.));
#4371=DIRECTION('',(-1.22464679914735E-16,1.,0.));
#4372=DIRECTION('',(0.,0.,1.));
#4373=DIRECTION('',(-4.37095678986282E-15,-5.35287824191689E-31,1.));
#4374=DIRECTION('',(1.,0.,4.37095678986282E-15));
#4375=DIRECTION('',(1.22464679914735E-16,-1.,0.));
#4376=DIRECTION('',(-4.37095678986282E-15,-5.35287824191689E-31,1.));
#4377=DIRECTION('',(1.,0.,4.37095678986282E-15));
#4378=DIRECTION('',(1.22464679914735E-16,-1.,0.));
#4379=DIRECTION('',(-1.,-1.22464679914735E-16,0.));
#4380=DIRECTION('',(1.22464679914735E-16,-1.,0.));
#4381=DIRECTION('',(0.,0.,1.));
#4382=DIRECTION('',(1.,1.22464679914735E-16,5.69134998680052E-17));
#4383=DIRECTION('',(-1.22464679914735E-16,1.,0.));
#4384=DIRECTION('',(0.,0.,1.));
#4385=DIRECTION('',(-8.02931736287534E-31,4.37095678986282E-15,1.));
#4386=DIRECTION('',(0.,-1.,4.37095678986282E-15));
#4387=DIRECTION('',(-1.,-1.83697019872103E-16,0.));
#4388=DIRECTION('',(-8.02931736287534E-31,4.37095678986282E-15,1.));
#4389=DIRECTION('',(0.,-1.,4.37095678986282E-15));
#4390=DIRECTION('',(-1.,-1.83697019872103E-16,0.));
#4391=DIRECTION('',(-1.83697019872103E-16,1.,0.));
#4392=DIRECTION('',(-1.,-1.83697019872103E-16,0.));
#4393=DIRECTION('',(0.,0.,1.));
#4394=DIRECTION('',(1.83697019872103E-16,-1.,5.69134998680052E-17));
#4395=DIRECTION('',(1.,1.83697019872103E-16,0.));
#4396=DIRECTION('',(0.,0.,1.));
#4397=DIRECTION('',(0.,0.,1.));
#4398=DIRECTION('',(1.,0.,0.));
#4399=DIRECTION('',(-1.,-1.83697019872103E-16,0.));
#4400=DIRECTION('',(0.,0.,1.));
#4401=DIRECTION('',(1.,0.,0.));
#4402=DIRECTION('',(-1.,-1.83697019872103E-16,0.));
#4403=DIRECTION('',(1.83697019872103E-16,-1.,0.));
#4404=DIRECTION('',(1.,1.83697019872103E-16,0.));
#4405=DIRECTION('',(0.,0.,1.));
#4406=DIRECTION('',(1.83697019872103E-16,-1.,0.));
#4407=DIRECTION('',(1.,1.83697019872103E-16,0.));
#4408=DIRECTION('',(0.,0.,1.));
#4409=DIRECTION('',(0.,0.,1.));
#4410=DIRECTION('',(1.,0.,0.));
#4411=DIRECTION('',(1.,6.12323399573677E-17,0.));
#4412=DIRECTION('',(0.,0.,1.));
#4413=DIRECTION('',(1.,0.,0.));
#4414=DIRECTION('',(1.,6.12323399573677E-17,0.));
#4415=DIRECTION('',(-6.12323399573677E-17,1.,0.));
#4416=DIRECTION('',(-1.,-6.12323399573677E-17,0.));
#4417=DIRECTION('',(0.,0.,1.));
#4418=DIRECTION('',(-6.12323399573677E-17,1.,0.));
#4419=DIRECTION('',(-1.,-6.12323399573677E-17,0.));
#4420=DIRECTION('',(0.,0.,1.));
#4421=DIRECTION('',(2.67643912095845E-31,-4.37095678986282E-15,1.));
#4422=DIRECTION('',(0.,-1.,-4.37095678986282E-15));
#4423=DIRECTION('',(1.,6.12323399573677E-17,0.));
#4424=DIRECTION('',(2.67643912095845E-31,-4.37095678986282E-15,1.));
#4425=DIRECTION('',(0.,-1.,-4.37095678986282E-15));
#4426=DIRECTION('',(1.,6.12323399573677E-17,0.));
#4427=DIRECTION('',(6.12323399573677E-17,-1.,0.));
#4428=DIRECTION('',(1.,6.12323399573677E-17,0.));
#4429=DIRECTION('',(0.,0.,1.));
#4430=DIRECTION('',(-6.12323399573677E-17,1.,5.69134998680052E-17));
#4431=DIRECTION('',(-1.,-6.12323399573677E-17,0.));
#4432=DIRECTION('',(0.,0.,1.));
#4433=DIRECTION('',(1.,0.,0.));
#4434=DIRECTION('',(0.,0.,-1.));
#4435=DIRECTION('',(1.,0.,0.));
#4436=DIRECTION('',(0.,0.,-1.));
#4437=DIRECTION('',(1.,0.,0.));
#4438=DIRECTION('',(0.,0.,-1.));
#4439=DIRECTION('',(0.,0.,1.));
#4440=DIRECTION('',(0.,-1.,0.));
#4441=DIRECTION('',(0.,-1.,0.));
#4442=DIRECTION('',(1.,0.,0.));
#4443=DIRECTION('',(0.,0.,-1.));
#4444=DIRECTION('',(-1.28436082072095E-35,-0.0174524064372843,0.999847695156391));
#4445=DIRECTION('',(0.,0.,1.));
#4446=DIRECTION('',(0.,-1.,0.));
#4447=DIRECTION('',(0.,-0.0174524064372843,0.999847695156391));
#4448=DIRECTION('',(0.,-1.,0.));
#4449=DIRECTION('',(0.,0.,1.));
#4450=DIRECTION('',(1.,0.,0.));
#4451=DIRECTION('',(0.,0.,-1.));
#4452=DIRECTION('',(0.,-1.,0.));
#4453=DIRECTION('',(1.,0.,0.));
#4454=DIRECTION('',(0.,0.,-1.));
#4455=DIRECTION('',(0.,0.,1.));
#4456=DIRECTION('',(1.,0.,0.));
#4457=DIRECTION('',(1.,0.,0.));
#4458=DIRECTION('',(1.,0.,0.));
#4459=DIRECTION('',(0.,0.,-1.));
#4460=DIRECTION('',(1.,0.,0.));
#4461=DIRECTION('',(1.,0.,0.));
#4462=DIRECTION('',(0.,0.,-1.));
#4463=DIRECTION('',(-1.,0.,0.));
#4464=DIRECTION('',(0.,0.,1.));
#4465=DIRECTION('',(0.,-1.,0.));
#4466=DIRECTION('',(0.,0.,-1.));
#4467=DIRECTION('',(0.,0.,1.));
#4468=DIRECTION('',(1.,0.,0.));
#4469=DIRECTION('',(0.,0.,1.));
#4470=DIRECTION('',(1.,0.,0.));
#4471=DIRECTION('',(1.,0.,0.));
#4472=DIRECTION('',(0.,0.,-1.));
#4473=DIRECTION('',(0.,1.,0.));
#4474=DIRECTION('',(0.,0.,1.));
#4475=DIRECTION('',(0.,1.,0.));
#4476=DIRECTION('',(0.,0.,1.));
#4477=DIRECTION('',(0.,-1.,0.));
#4478=DIRECTION('',(0.,0.,-1.));
#4479=DIRECTION('',(1.,0.,0.));
#4480=DIRECTION('',(0.,0.,1.));
#4481=DIRECTION('',(0.,0.,1.));
#4482=DIRECTION('',(-1.,0.,0.));
#4483=DIRECTION('',(0.,0.,1.));
#4484=DIRECTION('',(0.,-1.,0.));
#4485=DIRECTION('',(0.,0.,1.));
#4486=DIRECTION('',(0.,0.,1.));
#4487=DIRECTION('',(0.,-1.,0.));
#4488=DIRECTION('',(0.,0.,-1.));
#4489=DIRECTION('',(0.,0.,1.));
#4490=DIRECTION('',(1.,0.,0.));
#4491=DIRECTION('',(0.,0.,1.));
#4492=DIRECTION('',(1.,0.,0.));
#4493=DIRECTION('',(-0.707106781186547,-0.707106781186548,0.));
#4494=DIRECTION('',(0.707106781186548,-0.707106781186547,0.));
#4495=DIRECTION('',(0.,0.,1.));
#4496=DIRECTION('',(0.707106781186548,-0.707106781186547,0.));
#4497=DIRECTION('',(0.,0.,1.));
#4498=DIRECTION('',(0.707106781186548,-0.707106781186547,0.));
#4499=DIRECTION('',(1.,0.,0.));
#4500=DIRECTION('',(0.,0.,-1.));
#4501=DIRECTION('',(0.,1.,0.));
#4502=DIRECTION('',(0.,0.,1.));
#4503=DIRECTION('',(0.,0.,1.));
#4504=DIRECTION('',(0.707106781186548,-0.707106781186547,0.));
#4505=DIRECTION('',(0.707106781186547,0.707106781186548,0.));
#4506=DIRECTION('',(0.707106781186547,0.707106781186548,0.));
#4507=DIRECTION('',(0.,0.,1.));
#4508=DIRECTION('',(0.707106781186547,0.707106781186548,0.));
#4509=DIRECTION('',(0.,0.,1.));
#4510=DIRECTION('',(0.,-1.,0.));
#4511=DIRECTION('',(0.,0.,-1.));
#4512=DIRECTION('',(1.,0.,0.));
#4513=DIRECTION('',(0.,0.,1.));
#4514=DIRECTION('',(0.,0.,1.));
#4515=DIRECTION('',(-0.707106781186548,-0.707106781186548,0.));
#4516=DIRECTION('',(0.707106781186548,-0.707106781186548,0.));
#4517=DIRECTION('',(0.707106781186548,-0.707106781186548,0.));
#4518=DIRECTION('',(0.,0.,1.));
#4519=DIRECTION('',(0.707106781186548,-0.707106781186548,0.));
#4520=DIRECTION('',(0.,0.,1.));
#4521=DIRECTION('',(-1.,0.,0.));
#4522=DIRECTION('',(0.,0.,1.));
#4523=DIRECTION('',(0.,-1.,0.));
#4524=DIRECTION('',(0.,0.,1.));
#4525=DIRECTION('',(0.,-1.,0.));
#4526=DIRECTION('',(0.,0.,1.));
#4527=DIRECTION('',(0.707106781186548,-0.707106781186547,0.));
#4528=DIRECTION('',(0.707106781186547,0.707106781186548,0.));
#4529=DIRECTION('',(0.,0.,1.));
#4530=DIRECTION('',(0.707106781186547,0.707106781186548,0.));
#4531=DIRECTION('',(0.,0.,1.));
#4532=DIRECTION('',(0.707106781186547,0.707106781186548,0.));
#4533=DIRECTION('',(0.,0.,1.));
#4534=DIRECTION('',(1.,0.,0.));
#4535=DIRECTION('',(0.,0.,-1.));
#4536=DIRECTION('',(-1.,0.,0.));
#4537=DIRECTION('',(0.,0.,-1.));
#4538=DIRECTION('',(-1.,0.,0.));
#4539=DIRECTION('',(0.,0.,1.));
#4540=DIRECTION('',(0.,0.,-1.));
#4541=DIRECTION('',(-1.,0.,0.));
#4542=DIRECTION('',(0.,0.,1.));
#4543=DIRECTION('',(1.,0.,0.));
#4544=DIRECTION('',(0.,0.,-1.));
#4545=DIRECTION('',(-1.,0.,0.));
#4546=DIRECTION('',(0.,0.,-1.));
#4547=DIRECTION('',(-1.,0.,0.));
#4548=DIRECTION('',(0.,0.,1.));
#4549=DIRECTION('',(0.,0.,-1.));
#4550=DIRECTION('',(-1.,0.,0.));
#4551=DIRECTION('',(0.,0.,1.));
#4552=DIRECTION('',(1.,0.,0.));
#4553=DIRECTION('',(0.,0.,-1.));
#4554=DIRECTION('',(-1.,0.,0.));
#4555=DIRECTION('',(0.,0.,1.));
#4556=DIRECTION('',(0.,0.,-1.));
#4557=DIRECTION('',(-1.,0.,0.));
#4558=DIRECTION('',(0.,0.,1.));
#4559=DIRECTION('',(1.,0.,0.));
#4560=DIRECTION('',(0.,0.,-1.));
#4561=DIRECTION('',(-1.,0.,0.));
#4562=DIRECTION('',(0.,0.,-1.));
#4563=DIRECTION('',(-1.,0.,0.));
#4564=DIRECTION('',(0.,0.,1.));
#4565=DIRECTION('',(0.,0.,1.));
#4566=DIRECTION('',(1.,0.,0.));
#4567=DIRECTION('',(0.,0.,-1.));
#4568=DIRECTION('',(-1.,0.,0.));
#4569=DIRECTION('',(0.,0.,1.));
#4570=DIRECTION('',(0.,0.,-1.));
#4571=DIRECTION('',(-1.,0.,0.));
#4572=DIRECTION('',(0.,0.,1.));
#4573=DIRECTION('',(1.,0.,0.));
#4574=DIRECTION('',(0.,0.,-1.));
#4575=DIRECTION('',(-1.,0.,0.));
#4576=DIRECTION('',(0.,0.,-1.));
#4577=DIRECTION('',(-1.,0.,0.));
#4578=DIRECTION('',(0.,0.,1.));
#4579=DIRECTION('',(0.,0.,1.));
#4580=DIRECTION('',(1.,0.,0.));
#4581=DIRECTION('',(0.,0.,-1.));
#4582=DIRECTION('',(-1.,0.,0.));
#4583=DIRECTION('',(0.,0.,-1.));
#4584=DIRECTION('',(-1.,0.,0.));
#4585=DIRECTION('',(0.,0.,1.));
#4586=DIRECTION('',(0.,0.,-1.));
#4587=DIRECTION('',(-1.,0.,0.));
#4588=DIRECTION('',(0.,0.,1.));
#4589=DIRECTION('',(1.,0.,0.));
#4590=DIRECTION('',(0.,0.,-1.));
#4591=DIRECTION('',(-1.,0.,0.));
#4592=DIRECTION('',(0.,0.,-1.));
#4593=DIRECTION('',(-1.,0.,0.));
#4594=DIRECTION('',(0.,0.,1.));
#4595=DIRECTION('',(0.,0.,-1.));
#4596=DIRECTION('',(-1.,0.,0.));
#4597=DIRECTION('',(-1.,0.,0.));
#4598=DIRECTION('',(0.,0.,1.));
#4599=DIRECTION('',(0.,1.,0.));
#4600=DIRECTION('',(0.,0.,1.));
#4601=DIRECTION('',(0.,-1.,0.));
#4602=DIRECTION('',(0.,-1.,0.));
#4603=DIRECTION('',(0.,0.,-1.));
#4604=DIRECTION('',(-1.,0.,0.));
#4605=DIRECTION('',(0.,0.,1.));
#4606=DIRECTION('',(-1.,0.,0.));
#4607=DIRECTION('',(0.,0.,1.));
#4608=DIRECTION('',(-1.,0.,0.));
#4609=DIRECTION('',(0.,0.,1.));
#4610=DIRECTION('',(1.,0.,0.));
#4611=DIRECTION('',(1.,0.,0.));
#4612=DIRECTION('',(1.,0.,0.));
#4613=DIRECTION('',(0.,0.,-1.));
#4614=DIRECTION('',(0.,-1.,0.));
#4615=DIRECTION('',(0.,1.,0.));
#4616=DIRECTION('',(-1.,0.,0.));
#4617=DIRECTION('',(0.,0.,1.));
#4618=DIRECTION('',(0.,0.,1.));
#4619=DIRECTION('',(0.,-1.,0.));
#4620=DIRECTION('',(0.,0.,1.));
#4621=DIRECTION('',(0.,-1.,0.));
#4622=DIRECTION('',(0.,1.,0.));
#4623=DIRECTION('',(0.,0.,1.));
#4624=DIRECTION('',(0.,-1.,0.));
#4625=DIRECTION('',(0.,0.,1.));
#4626=DIRECTION('',(0.,-1.,0.));
#4627=DIRECTION('',(0.,0.,-1.));
#4628=DIRECTION('',(-1.,0.,0.));
#4629=DIRECTION('',(0.,-1.,0.));
#4630=DIRECTION('',(0.,0.,-1.));
#4631=DIRECTION('',(-1.,0.,0.));
#4632=DIRECTION('',(1.,0.,0.));
#4633=DIRECTION('',(0.,1.,0.));
#4634=DIRECTION('',(0.,0.,1.));
#4635=DIRECTION('',(1.,0.,0.));
#4636=DIRECTION('',(0.,0.,1.));
#4637=DIRECTION('',(-1.,0.,0.));
#4638=DIRECTION('',(0.,0.,1.));
#4639=DIRECTION('',(0.,1.,0.));
#4640=DIRECTION('',(0.,0.,1.));
#4641=DIRECTION('',(0.,1.,0.));
#4642=DIRECTION('',(0.,0.,1.));
#4643=DIRECTION('',(0.,1.,0.));
#4644=DIRECTION('',(0.,0.,1.));
#4645=DIRECTION('',(0.,-1.,0.));
#4646=DIRECTION('',(-3.90263999094894E-16,1.,0.));
#4647=DIRECTION('',(-1.,-3.90263999094894E-16,0.));
#4648=DIRECTION('',(1.,3.90263999094894E-16,0.));
#4649=DIRECTION('',(-1.,-3.90263999094894E-16,0.));
#4650=DIRECTION('',(1.,3.90263999094893E-16,0.));
#4651=DIRECTION('',(-3.90263999094893E-16,1.,0.));
#4652=DIRECTION('',(3.90263999094893E-16,-1.,0.));
#4653=DIRECTION('',(1.,-3.90263999094893E-16,0.));
#4654=DIRECTION('',(3.90263999094893E-16,1.,0.));
#4655=DIRECTION('',(-3.90263999094893E-16,-1.,0.));
#4656=DIRECTION('',(0.,0.,-1.));
#4657=DIRECTION('',(1.,0.,0.));
#4658=DIRECTION('',(0.,-1.,0.));
#4659=DIRECTION('',(0.,0.,-1.));
#4660=DIRECTION('',(1.,0.,0.));
#4661=DIRECTION('',(1.,0.,0.));
#4662=DIRECTION('',(-0.707106781186547,0.707106781186548,0.));
#4663=DIRECTION('',(0.,1.,0.));
#4664=DIRECTION('',(0.,0.,-1.));
#4665=DIRECTION('',(1.,0.,0.));
#4666=DIRECTION('',(0.,1.,0.));
#4667=DIRECTION('',(0.707106781186547,0.707106781186548,0.));
#4668=DIRECTION('',(-1.,0.,0.));
#4669=DIRECTION('',(1.,0.,0.));
#4670=DIRECTION('',(0.,0.,-1.));
#4671=DIRECTION('',(-1.,0.,0.));
#4672=DIRECTION('',(0.,0.,1.));
#4673=DIRECTION('',(1.,0.,0.));
#4674=DIRECTION('',(0.,0.,-1.));
#4675=DIRECTION('',(1.,0.,0.));
#4676=DIRECTION('',(0.,0.,-1.));
#4677=DIRECTION('',(0.,1.,0.));
#4678=DIRECTION('',(0.,0.,1.));
#4679=DIRECTION('',(3.70191802470921E-18,0.999847695156391,0.0174524064372843));
#4680=DIRECTION('',(-2.12082741595798E-16,0.0174524064372843,-0.999847695156391));
#4681=DIRECTION('',(0.,1.,0.));
#4682=DIRECTION('',(0.,0.,1.));
#4683=DIRECTION('',(0.,1.,0.));
#4684=DIRECTION('',(0.,0.,1.));
#4685=DIRECTION('',(0.,-1.,0.));
#4686=DIRECTION('',(0.,0.,-1.));
#4687=DIRECTION('',(-1.70740499604017E-15,-1.,0.));
#4688=DIRECTION('',(1.,-1.70740499604017E-15,0.));
#4689=DIRECTION('',(1.70740499604017E-15,1.,0.));
#4690=DIRECTION('',(-1.,1.70740499604017E-15,0.));
#4691=DIRECTION('',(0.,0.,1.));
#4692=DIRECTION('',(1.,-1.70740499604017E-15,0.));
#4693=DIRECTION('',(0.707106781186548,-0.707106781186548,0.));
#4694=DIRECTION('',(0.707106781186548,0.707106781186548,0.));
#4695=DIRECTION('',(0.,0.,1.));
#4696=DIRECTION('',(0.707106781186548,0.707106781186548,0.));
#4697=DIRECTION('',(1.,0.,0.));
#4698=DIRECTION('',(0.,0.,-1.));
#4699=DIRECTION('',(-1.,0.,0.));
#4700=DIRECTION('',(0.,0.,1.));
#4701=DIRECTION('',(0.,1.,0.));
#4702=DIRECTION('',(0.,0.,1.));
#4703=DIRECTION('',(1.,0.,0.));
#4704=DIRECTION('',(1.,0.,0.));
#4705=DIRECTION('',(0.,0.,-1.));
#4706=DIRECTION('',(-1.,0.,0.));
#4707=DIRECTION('',(0.,0.,1.));
#4708=DIRECTION('',(0.,0.,1.));
#4709=DIRECTION('',(0.,1.,0.));
#4710=DIRECTION('',(0.707106781186548,0.707106781186547,0.));
#4711=DIRECTION('',(-0.707106781186547,0.707106781186548,0.));
#4712=DIRECTION('',(0.,0.,1.));
#4713=DIRECTION('',(-0.707106781186547,0.707106781186548,0.));
#4714=DIRECTION('',(0.,-1.,0.));
#4715=DIRECTION('',(0.,0.,-1.));
#4716=DIRECTION('',(0.,-1.,0.));
#4717=DIRECTION('',(0.,0.,-1.));
#4718=DIRECTION('',(1.,0.,0.));
#4719=DIRECTION('',(0.,0.,1.));
#4720=DIRECTION('',(1.,0.,0.));
#4721=DIRECTION('',(0.,1.,0.));
#4722=DIRECTION('',(0.,0.,1.));
#4723=DIRECTION('',(0.,-1.,0.));
#4724=DIRECTION('',(0.,0.,-1.));
#4725=DIRECTION('',(0.,0.,1.));
#4726=DIRECTION('',(-1.,0.,0.));
#4727=DIRECTION('',(0.707106781186548,-0.707106781186547,0.));
#4728=DIRECTION('',(0.707106781186547,0.707106781186548,0.));
#4729=DIRECTION('',(0.,0.,1.));
#4730=DIRECTION('',(0.707106781186547,0.707106781186548,0.));
#4731=DIRECTION('',(1.,0.,0.));
#4732=DIRECTION('',(0.,0.,-1.));
#4733=DIRECTION('',(1.,0.,0.));
#4734=DIRECTION('',(0.,0.,-1.));
#4735=DIRECTION('',(0.,1.,0.));
#4736=DIRECTION('',(0.,0.,1.));
#4737=DIRECTION('',(1.,0.,0.));
#4738=DIRECTION('',(0.,1.,0.));
#4739=DIRECTION('',(0.,0.,1.));
#4740=DIRECTION('',(0.,1.,0.));
#4741=DIRECTION('',(0.,0.,1.));
#4742=DIRECTION('',(-1.,0.,0.));
#4743=DIRECTION('',(0.,0.,1.));
#4744=DIRECTION('',(1.,0.,0.));
#4745=DIRECTION('',(0.,0.,-1.));
#4746=DIRECTION('',(1.,0.,0.));
#4747=DIRECTION('',(0.,0.,-1.));
#4748=DIRECTION('',(0.,0.,1.));
#4749=DIRECTION('',(0.,1.,0.));
#4750=DIRECTION('',(-0.707106781186548,-0.707106781186548,0.));
#4751=DIRECTION('',(0.707106781186548,-0.707106781186548,0.));
#4752=DIRECTION('',(0.707106781186548,-0.707106781186548,0.));
#4753=DIRECTION('',(0.,0.,1.));
#4754=DIRECTION('',(1.,0.,0.));
#4755=DIRECTION('',(0.,-1.,0.));
#4756=DIRECTION('',(0.,0.,-1.));
#4757=DIRECTION('',(0.,-1.,0.));
#4758=DIRECTION('',(0.,0.,-1.));
#4759=DIRECTION('',(0.,-1.,0.));
#4760=DIRECTION('',(1.,0.,0.));
#4761=DIRECTION('',(-1.,0.,0.));
#4762=DIRECTION('',(0.,0.,1.));
#4763=DIRECTION('',(-1.,0.,0.));
#4764=DIRECTION('',(0.,0.,1.));
#4765=DIRECTION('',(-1.,0.,0.));
#4766=DIRECTION('',(0.,-1.,0.));
#4767=DIRECTION('',(1.,0.,0.));
#4768=DIRECTION('',(0.,0.,-1.));
#4769=DIRECTION('',(1.,0.,0.));
#4770=DIRECTION('',(0.,0.,-1.));
#4771=DIRECTION('',(1.,0.,0.));
#4772=DIRECTION('',(0.,1.,0.));
#4773=DIRECTION('',(0.,-1.,0.));
#4774=DIRECTION('',(0.,0.,-1.));
#4775=DIRECTION('',(0.,-1.,0.));
#4776=DIRECTION('',(0.,0.,-1.));
#4777=DIRECTION('',(0.,-1.,0.));
#4778=DIRECTION('',(1.,0.,0.));
#4779=DIRECTION('',(0.,1.,0.));
#4780=DIRECTION('',(0.,0.,1.));
#4781=DIRECTION('',(0.,1.,0.));
#4782=DIRECTION('',(0.,0.,1.));
#4783=DIRECTION('',(0.,1.,0.));
#4784=DIRECTION('',(-1.,0.,0.));
#4785=DIRECTION('',(1.,0.,0.));
#4786=DIRECTION('',(0.,0.,-1.));
#4787=DIRECTION('',(-1.,3.7013542046634E-18,6.46073779647335E-20));
#4788=DIRECTION('',(-3.7013542046634E-18,-1.,0.));
#4789=DIRECTION('',(1.,0.,0.));
#4790=DIRECTION('',(1.,0.,0.));
#4791=DIRECTION('',(0.,0.,-1.));
#4792=DIRECTION('',(1.,0.,0.));
#4793=DIRECTION('',(1.,0.,0.));
#4794=DIRECTION('',(0.,1.,0.));
#4795=DIRECTION('',(0.,-0.0174524064372843,0.999847695156391));
#4796=DIRECTION('',(-1.,0.,0.));
#4797=DIRECTION('',(0.,0.,1.));
#4798=DIRECTION('',(-1.,3.7013542046634E-18,6.46073779647335E-20));
#4799=DIRECTION('',(-3.7013542046634E-18,-1.,0.));
#4800=DIRECTION('',(-1.,0.,0.));
#4801=DIRECTION('',(-1.,0.,0.));
#4802=DIRECTION('',(0.,0.,1.));
#4803=DIRECTION('',(-1.,0.,0.));
#4804=DIRECTION('',(-1.,0.,0.));
#4805=DIRECTION('',(0.,-1.,0.));
#4806=DIRECTION('',(0.,0.0174524064372843,-0.999847695156391));
#4807=DIRECTION('',(1.70740499604017E-15,1.,0.));
#4808=DIRECTION('',(-1.,1.70740499604017E-15,0.));
#4809=DIRECTION('',(1.70740499604017E-15,1.,0.));
#4810=DIRECTION('',(-1.,1.70740499604017E-15,0.));
#4811=DIRECTION('',(1.70740499604017E-15,1.,0.));
#4812=DIRECTION('',(-1.,1.70740499604017E-15,0.));
#4813=DIRECTION('',(0.,0.,-1.));
#4814=DIRECTION('',(-1.,0.,0.));
#4815=DIRECTION('',(0.,-1.,0.));
#4816=DIRECTION('',(1.,0.,0.));
#4817=DIRECTION('',(0.,-1.,0.));
#4818=DIRECTION('',(1.,0.,0.));
#4819=DIRECTION('',(0.,0.,-1.));
#4820=DIRECTION('',(0.,-1.,0.));
#4821=DIRECTION('',(0.,0.,1.));
#4822=DIRECTION('',(0.,0.,-1.));
#4823=DIRECTION('',(-1.,0.,0.));
#4824=DIRECTION('',(0.,-1.,0.));
#4825=DIRECTION('',(1.,0.,0.));
#4826=DIRECTION('',(1.,0.,0.));
#4827=DIRECTION('',(0.,0.,-1.));
#4828=DIRECTION('',(0.,0.,1.));
#4829=DIRECTION('',(0.,1.,0.));
#4830=DIRECTION('',(-1.,0.,0.));
#4831=DIRECTION('',(0.,0.,-1.));
#4832=DIRECTION('',(-1.,0.,0.));
#4833=DIRECTION('',(1.,0.,0.));
#4834=DIRECTION('',(0.,1.,0.));
#4835=DIRECTION('',(1.,0.,0.));
#4836=DIRECTION('',(0.,1.,0.));
#4837=DIRECTION('',(0.,0.,1.));
#4838=DIRECTION('',(1.,0.,0.));
#4839=DIRECTION('',(0.,0.,1.));
#4840=DIRECTION('',(0.,0.,-1.));
#4841=DIRECTION('',(-1.,0.,0.));
#4842=DIRECTION('',(1.,0.,0.));
#4843=DIRECTION('',(0.,1.,0.));
#4844=DIRECTION('',(0.,1.,0.));
#4845=DIRECTION('',(0.,0.,1.));
#4846=DIRECTION('',(0.,0.,1.));
#4847=DIRECTION('',(-1.,0.,0.));
#4848=DIRECTION('',(0.,-1.,0.));
#4849=DIRECTION('',(0.,0.,-1.));
#4850=DIRECTION('',(-1.,0.,0.));
#4851=DIRECTION('',(0.,1.,0.));
#4852=DIRECTION('',(-1.,0.,0.));
#4853=DIRECTION('',(0.,1.,0.));
#4854=DIRECTION('',(-1.,0.,0.));
#4855=DIRECTION('',(0.,0.,1.));
#4856=DIRECTION('',(0.,1.,0.));
#4857=DIRECTION('',(0.,0.,1.));
#4858=DIRECTION('',(0.,0.,-1.));
#4859=DIRECTION('',(-1.,0.,0.));
#4860=DIRECTION('',(0.,1.,0.));
#4861=DIRECTION('',(-1.,0.,0.));
#4862=DIRECTION('',(-1.,0.,0.));
#4863=DIRECTION('',(0.,0.,1.));
#4864=DIRECTION('',(0.,0.,1.));
#4865=DIRECTION('',(0.,-1.,0.));
#4866=DIRECTION('',(1.,0.,0.));
#4867=DIRECTION('',(0.,0.,-1.));
#4868=DIRECTION('',(-1.,0.,0.));
#4869=DIRECTION('',(-1.,0.,0.));
#4870=DIRECTION('',(0.,-1.,0.));
#4871=DIRECTION('',(-1.,0.,0.));
#4872=DIRECTION('',(0.,-1.,0.));
#4873=DIRECTION('',(0.,0.,-1.));
#4874=DIRECTION('',(-1.,0.,0.));
#4875=DIRECTION('',(0.,0.,1.));
#4876=DIRECTION('',(0.,0.,-1.));
#4877=DIRECTION('',(-1.,0.,0.));
#4878=DIRECTION('',(-1.,0.,0.));
#4879=DIRECTION('',(0.,-1.,0.));
#4880=DIRECTION('',(0.,-1.,0.));
#4881=DIRECTION('',(0.,0.,-1.));
#4882=DIRECTION('',(0.,0.,1.));
#4883=DIRECTION('',(1.,0.,0.));
#4884=DIRECTION('',(0.,1.,0.));
#4885=DIRECTION('',(0.,0.,1.));
#4886=DIRECTION('',(1.,0.,0.));
#4887=DIRECTION('',(0.,0.,-1.));
#4888=DIRECTION('',(1.,0.,0.));
#4889=DIRECTION('',(-1.,0.,5.69134998680052E-17));
#4890=DIRECTION('',(5.69134998680052E-17,0.,1.));
#4891=DIRECTION('',(0.,1.,0.));
#4892=DIRECTION('',(0.,0.,1.));
#4893=DIRECTION('',(1.,0.,-5.69134998680052E-17));
#4894=DIRECTION('',(-5.69134998680052E-17,0.,-1.));
#4895=DIRECTION('',(0.,1.,0.));
#4896=DIRECTION('',(1.,0.,-5.69134998680052E-17));
#4897=DIRECTION('',(-5.69134998680052E-17,0.,-1.));
#4898=DIRECTION('',(1.,0.,0.));
#4899=DIRECTION('',(0.,0.,-1.));
#4900=DIRECTION('',(-1.28436082072095E-35,-0.0174524064372843,0.999847695156391));
#4901=DIRECTION('',(0.,1.,0.));
#4902=DIRECTION('',(-1.,0.,0.));
#4903=DIRECTION('',(0.,0.,1.));
#4904=DIRECTION('',(0.,0.,1.));
#4905=DIRECTION('',(0.,1.,0.));
#4906=DIRECTION('',(0.,0.0174524064372843,-0.999847695156391));
#4907=DIRECTION('',(0.,1.,0.));
#4908=DIRECTION('',(0.,0.,1.));
#4909=DIRECTION('',(-1.,0.,0.));
#4910=DIRECTION('',(0.,0.,1.));
#4911=DIRECTION('',(0.,0.,-1.));
#4912=DIRECTION('',(-1.,0.,0.));
#4913=DIRECTION('',(-1.,0.,0.));
#4914=DIRECTION('',(-1.,0.,0.));
#4915=DIRECTION('',(0.,0.,1.));
#4916=DIRECTION('',(-1.,0.,0.));
#4917=DIRECTION('',(-1.,0.,0.));
#4918=DIRECTION('',(0.,0.,1.));
#4919=DIRECTION('',(-6.12323399573677E-17,1.,5.69134998680052E-17));
#4920=DIRECTION('',(-1.,-6.12323399573677E-17,0.));
#4921=DIRECTION('',(1.,6.12323399573677E-17,0.));
#4922=DIRECTION('',(6.12323399573677E-17,-1.,-5.69134998680052E-17));
#4923=DIRECTION('',(-3.4849467720813E-33,5.69134998680052E-17,-1.));
#4924=DIRECTION('',(1.,6.12323399573677E-17,0.));
#4925=DIRECTION('',(6.12323399573677E-17,-1.,-5.69134998680052E-17));
#4926=DIRECTION('',(-3.4849467720813E-33,5.69134998680052E-17,-1.));
#4927=DIRECTION('',(2.67643912095845E-31,-4.37095678986282E-15,1.));
#4928=DIRECTION('',(0.,-1.,-4.37095678986282E-15));
#4929=DIRECTION('',(1.,6.12323399573677E-17,0.));
#4930=DIRECTION('',(-6.12323399573677E-17,1.,0.));
#4931=DIRECTION('',(6.12323399573677E-17,-1.,0.));
#4932=DIRECTION('',(1.,6.12323399573677E-17,0.));
#4933=DIRECTION('',(1.,6.12323399573677E-17,0.));
#4934=DIRECTION('',(-6.12323399573677E-17,1.,0.));
#4935=DIRECTION('',(0.,0.,1.));
#4936=DIRECTION('',(-6.12323399573677E-17,1.,0.));
#4937=DIRECTION('',(0.,0.,1.));
#4938=DIRECTION('',(0.,0.,-1.));
#4939=DIRECTION('',(-1.,0.,0.));
#4940=DIRECTION('',(-6.12323399573677E-17,1.,0.));
#4941=DIRECTION('',(-6.12323399573677E-17,1.,0.));
#4942=DIRECTION('',(0.,0.,1.));
#4943=DIRECTION('',(-6.12323399573677E-17,1.,0.));
#4944=DIRECTION('',(0.,0.,1.));
#4945=DIRECTION('',(-6.12323399573677E-17,1.,0.));
#4946=DIRECTION('',(-1.,-6.12323399573677E-17,0.));
#4947=DIRECTION('',(1.,6.12323399573677E-17,0.));
#4948=DIRECTION('',(1.,6.12323399573677E-17,0.));
#4949=DIRECTION('',(6.12323399573677E-17,-1.,0.));
#4950=DIRECTION('',(0.,0.,-1.));
#4951=DIRECTION('',(6.12323399573677E-17,-1.,0.));
#4952=DIRECTION('',(0.,0.,-1.));
#4953=DIRECTION('',(0.,0.,-1.));
#4954=DIRECTION('',(-1.,0.,0.));
#4955=DIRECTION('',(1.,6.12323399573677E-17,0.));
#4956=DIRECTION('',(6.12323399573677E-17,-1.,0.));
#4957=DIRECTION('',(-6.12323399573677E-17,1.,0.));
#4958=DIRECTION('',(-1.,-6.12323399573677E-17,0.));
#4959=DIRECTION('',(1.,6.12323399573677E-17,0.));
#4960=DIRECTION('',(6.12323399573677E-17,-1.,0.));
#4961=DIRECTION('',(0.,0.,-1.));
#4962=DIRECTION('',(6.12323399573677E-17,-1.,0.));
#4963=DIRECTION('',(0.,0.,-1.));
#4964=DIRECTION('',(0.,0.,1.));
#4965=DIRECTION('',(1.,0.,0.));
#4966=DIRECTION('',(6.12323399573677E-17,-1.,0.));
#4967=DIRECTION('',(6.12323399573677E-17,-1.,0.));
#4968=DIRECTION('',(0.,0.,-1.));
#4969=DIRECTION('',(6.12323399573677E-17,-1.,0.));
#4970=DIRECTION('',(0.,0.,-1.));
#4971=DIRECTION('',(1.83697019872103E-16,-1.,0.));
#4972=DIRECTION('',(1.,1.83697019872103E-16,0.));
#4973=DIRECTION('',(-1.,-1.83697019872103E-16,0.));
#4974=DIRECTION('',(-1.,-1.83697019872103E-16,0.));
#4975=DIRECTION('',(-1.83697019872103E-16,1.,0.));
#4976=DIRECTION('',(0.,0.,-1.));
#4977=DIRECTION('',(-1.83697019872103E-16,1.,0.));
#4978=DIRECTION('',(0.,0.,-1.));
#4979=DIRECTION('',(0.,0.,-1.));
#4980=DIRECTION('',(-1.,0.,0.));
#4981=DIRECTION('',(-1.,-1.83697019872103E-16,0.));
#4982=DIRECTION('',(-1.83697019872103E-16,1.,0.));
#4983=DIRECTION('',(1.83697019872103E-16,-1.,0.));
#4984=DIRECTION('',(1.,1.83697019872103E-16,0.));
#4985=DIRECTION('',(-1.,-1.83697019872103E-16,0.));
#4986=DIRECTION('',(-1.83697019872103E-16,1.,0.));
#4987=DIRECTION('',(0.,0.,-1.));
#4988=DIRECTION('',(-1.83697019872103E-16,1.,0.));
#4989=DIRECTION('',(0.,0.,-1.));
#4990=DIRECTION('',(0.,0.,1.));
#4991=DIRECTION('',(1.,0.,0.));
#4992=DIRECTION('',(-1.83697019872103E-16,1.,0.));
#4993=DIRECTION('',(-1.83697019872103E-16,1.,0.));
#4994=DIRECTION('',(0.,0.,-1.));
#4995=DIRECTION('',(-1.83697019872103E-16,1.,0.));
#4996=DIRECTION('',(0.,0.,-1.));
#4997=DIRECTION('',(1.83697019872103E-16,-1.,5.69134998680052E-17));
#4998=DIRECTION('',(1.,1.83697019872103E-16,0.));
#4999=DIRECTION('',(-1.,-1.83697019872103E-16,0.));
#5000=DIRECTION('',(-1.83697019872103E-16,1.,-5.69134998680052E-17));
#5001=DIRECTION('',(1.04548403162439E-32,-5.69134998680052E-17,-1.));
#5002=DIRECTION('',(-1.,-1.83697019872103E-16,0.));
#5003=DIRECTION('',(-1.83697019872103E-16,1.,-5.69134998680052E-17));
#5004=DIRECTION('',(1.04548403162439E-32,-5.69134998680052E-17,-1.));
#5005=DIRECTION('',(-8.02931736287534E-31,4.37095678986282E-15,1.));
#5006=DIRECTION('',(0.,-1.,4.37095678986282E-15));
#5007=DIRECTION('',(-1.,-1.83697019872103E-16,0.));
#5008=DIRECTION('',(1.83697019872103E-16,-1.,0.));
#5009=DIRECTION('',(-1.83697019872103E-16,1.,0.));
#5010=DIRECTION('',(-1.,-1.83697019872103E-16,0.));
#5011=DIRECTION('',(-1.,-1.83697019872103E-16,0.));
#5012=DIRECTION('',(1.83697019872103E-16,-1.,0.));
#5013=DIRECTION('',(0.,0.,1.));
#5014=DIRECTION('',(1.83697019872103E-16,-1.,0.));
#5015=DIRECTION('',(0.,0.,1.));
#5016=DIRECTION('',(0.,0.,-1.));
#5017=DIRECTION('',(-1.,0.,0.));
#5018=DIRECTION('',(1.83697019872103E-16,-1.,0.));
#5019=DIRECTION('',(1.83697019872103E-16,-1.,0.));
#5020=DIRECTION('',(0.,0.,1.));
#5021=DIRECTION('',(1.83697019872103E-16,-1.,0.));
#5022=DIRECTION('',(0.,0.,1.));
#5023=DIRECTION('',(1.,1.22464679914735E-16,5.69134998680052E-17));
#5024=DIRECTION('',(-1.22464679914735E-16,1.,0.));
#5025=DIRECTION('',(1.22464679914735E-16,-1.,0.));
#5026=DIRECTION('',(-1.,-1.22464679914735E-16,-5.69134998680052E-17));
#5027=DIRECTION('',(5.69134998680052E-17,6.96989354416259E-33,-1.));
#5028=DIRECTION('',(1.22464679914735E-16,-1.,0.));
#5029=DIRECTION('',(-1.,-1.22464679914735E-16,-5.69134998680052E-17));
#5030=DIRECTION('',(5.69134998680052E-17,6.96989354416259E-33,-1.));
#5031=DIRECTION('',(-4.37095678986282E-15,-5.35287824191689E-31,1.));
#5032=DIRECTION('',(1.,0.,4.37095678986282E-15));
#5033=DIRECTION('',(1.22464679914735E-16,-1.,0.));
#5034=DIRECTION('',(1.,1.22464679914735E-16,0.));
#5035=DIRECTION('',(-1.,-1.22464679914735E-16,0.));
#5036=DIRECTION('',(1.22464679914735E-16,-1.,0.));
#5037=DIRECTION('',(1.22464679914735E-16,-1.,0.));
#5038=DIRECTION('',(1.,1.22464679914735E-16,0.));
#5039=DIRECTION('',(0.,0.,1.));
#5040=DIRECTION('',(1.,1.22464679914735E-16,0.));
#5041=DIRECTION('',(0.,0.,1.));
#5042=DIRECTION('',(0.,0.,-1.));
#5043=DIRECTION('',(-1.,0.,0.));
#5044=DIRECTION('',(1.,1.22464679914735E-16,0.));
#5045=DIRECTION('',(1.,1.22464679914735E-16,0.));
#5046=DIRECTION('',(0.,0.,1.));
#5047=DIRECTION('',(1.,1.22464679914735E-16,0.));
#5048=DIRECTION('',(0.,0.,1.));
#5049=DIRECTION('',(-1.,-1.22464679914735E-16,0.));
#5050=DIRECTION('',(0.,0.,-1.));
#5051=DIRECTION('',(-1.,-1.22464679914735E-16,0.));
#5052=DIRECTION('',(0.,0.,-1.));
#5053=DIRECTION('',(-1.,-1.22464679914735E-16,0.));
#5054=DIRECTION('',(-1.,-1.22464679914735E-16,0.));
#5055=DIRECTION('',(0.,0.,-1.));
#5056=DIRECTION('',(-1.,-1.22464679914735E-16,0.));
#5057=DIRECTION('',(-1.,-1.22464679914735E-16,0.));
#5058=DIRECTION('',(0.,0.,-1.));
#5059=DIRECTION('',(-1.,-1.22464679914735E-16,0.));
#5060=DIRECTION('',(0.,0.,-1.));
#5061=DIRECTION('',(-1.,-1.22464679914735E-16,0.));
#5062=DIRECTION('',(0.,0.,-1.));
#5063=DIRECTION('',(1.,1.22464679914735E-16,0.));
#5064=DIRECTION('',(-1.22464679914735E-16,1.,0.));
#5065=DIRECTION('',(1.22464679914735E-16,-1.,0.));
#5066=DIRECTION('',(1.22464679914735E-16,-1.,0.));
#5067=DIRECTION('',(0.,0.,-1.));
#5068=DIRECTION('',(-1.,0.,0.));
#5069=DIRECTION('',(1.22464679914735E-16,-1.,0.));
#5070=DIRECTION('',(1.,1.22464679914735E-16,0.));
#5071=DIRECTION('',(-1.22464679914735E-16,1.,0.));
#5072=DIRECTION('',(1.22464679914735E-16,-1.,0.));
#5073=DIRECTION('',(0.,0.,1.));
#5074=DIRECTION('',(1.,0.,0.));
#5075=DIRECTION('',(0.,0.,1.));
#5076=DIRECTION('',(1.,0.,0.));
#5077=DIRECTION('',(0.,0.,1.));
#5078=DIRECTION('',(1.,0.,0.));
#5079=DIRECTION('',(0.,0.,1.));
#5080=DIRECTION('',(1.,0.,0.));
#5081=DIRECTION('',(0.,0.,1.));
#5082=DIRECTION('',(1.,0.,0.));
#5083=DIRECTION('',(0.,0.,1.));
#5084=DIRECTION('',(1.,0.,0.));
#5085=DIRECTION('',(0.,0.,1.));
#5086=DIRECTION('',(1.,0.,0.));
#5087=DIRECTION('',(1.,0.,0.));
#5088=DIRECTION('',(0.,0.,-1.));
#5089=DIRECTION('',(-1.,3.7013542046634E-18,6.46073779647335E-20));
#5090=DIRECTION('',(-3.7013542046634E-18,-1.,0.));
#5091=DIRECTION('',(-3.70191802470921E-18,-0.999847695156391,-0.0174524064372843));
#5092=DIRECTION('',(3.85308246216285E-35,0.0174524064372843,-0.999847695156391));
#5093=DIRECTION('',(3.85308246216285E-35,0.0174524064372843,-0.999847695156391));
#5094=DIRECTION('',(3.70191802470921E-18,0.999847695156391,0.0174524064372843));
#5095=DIRECTION('',(-1.,3.7013542046634E-18,6.46073779647336E-20));
#5096=DIRECTION('',(-1.,3.70248193064062E-18,5.34634369422462E-51));
#5097=DIRECTION('',(3.70191802470921E-18,0.999847695156391,0.0174524064372843));
#5098=DIRECTION('',(6.46172194802409E-20,0.0174524064372843,-0.999847695156391));
#5099=DIRECTION('',(1.,-3.70248193064062E-18,-1.34468928905916E-35));
#5100=DIRECTION('',(-1.,-7.25928526348516E-17,4.37095678986282E-15));
#5101=DIRECTION('',(3.70191802470921E-18,0.999847695156391,0.0174524064372843));
#5102=DIRECTION('',(6.46172194802409E-20,0.0174524064372843,-0.999847695156391));
#5103=DIRECTION('',(1.,7.25928526348516E-17,-4.37095678986282E-15));
#5104=DIRECTION('',(-1.,3.7013542046634E-18,6.46073779647336E-20));
#5105=DIRECTION('',(3.85308246216285E-35,0.0174524064372843,-0.999847695156391));
#5106=DIRECTION('',(3.85308246216285E-35,0.0174524064372843,-0.999847695156391));
#5107=DIRECTION('',(-1.,3.7013542046634E-18,6.46073779647335E-20));
#5108=DIRECTION('',(-3.7013542046634E-18,-1.,0.));
#5109=DIRECTION('',(-3.70191802470921E-18,-0.999847695156391,-0.0174524064372843));
#5110=DIRECTION('',(0.,-0.0174524064372843,0.999847695156391));
#5111=DIRECTION('',(0.,-0.999847695156391,-0.0174524064372843));
#5112=DIRECTION('',(4.37095678986282E-15,0.,1.));
#5113=DIRECTION('',(1.,0.,-4.37095678986282E-15));
#5114=DIRECTION('',(-1.,0.,0.));
#5115=DIRECTION('',(4.37095678986282E-15,0.,1.));
#5116=DIRECTION('',(1.,0.,-4.37095678986282E-15));
#5117=DIRECTION('',(4.37095678986282E-15,0.,1.));
#5118=DIRECTION('',(1.,0.,-4.37095678986282E-15));
#5119=DIRECTION('',(-1.,-7.25928526348516E-17,4.37095678986282E-15));
#5120=DIRECTION('',(0.,0.,1.));
#5121=DIRECTION('',(1.,0.,0.));
#5122=DIRECTION('',(0.,0.,1.));
#5123=DIRECTION('',(-7.25928526348516E-17,1.,0.));
#5124=DIRECTION('',(-1.,-7.25928526348517E-17,0.));
#5125=DIRECTION('',(0.,1.,0.));
#5126=DIRECTION('',(0.,0.,1.));
#5127=DIRECTION('',(0.,0.,1.));
#5128=DIRECTION('',(1.,0.,0.));
#5129=DIRECTION('',(0.,0.,1.));
#5130=DIRECTION('',(0.,0.,1.));
#5131=DIRECTION('',(1.,0.,0.));
#5132=DIRECTION('',(0.,0.,-1.));
#5133=DIRECTION('',(-1.,0.,0.));
#5134=DIRECTION('',(1.,0.,0.));
#5135=DIRECTION('',(0.,0.,-1.));
#5136=DIRECTION('',(-1.,0.,0.));
#5137=DIRECTION('',(1.,-3.70248193064062E-18,-1.34468928905916E-35));
#5138=DIRECTION('',(-3.70248193064062E-18,-1.,0.));
#5139=DIRECTION('',(1.,-3.70248193064062E-18,0.));
#5140=DIRECTION('',(0.,-1.,0.));
#5141=DIRECTION('',(0.,0.,-1.));
#5142=DIRECTION('',(0.,1.,0.));
#5143=DIRECTION('',(0.,0.,1.));
#5144=DIRECTION('',(1.,0.,0.));
#5145=DIRECTION('',(1.,0.,0.));
#5146=DIRECTION('',(0.,0.,1.));
#5147=DIRECTION('',(1.,0.,0.));
#5148=DIRECTION('',(-1.,0.,0.));
#5149=DIRECTION('',(1.,0.,0.));
#5150=DIRECTION('',(-1.,0.,0.));
#5151=DIRECTION('',(0.,1.,0.));
#5152=DIRECTION('',(0.,0.,1.));
#5153=DIRECTION('',(0.,1.,0.));
#5154=DIRECTION('',(0.,0.,1.));
#5155=DIRECTION('',(0.,1.,0.));
#5156=DIRECTION('',(0.,0.,1.));
#5157=CARTESIAN_POINT('',(0.,0.,0.));
#5158=CARTESIAN_POINT('',(0.,2.42480066231176E-18,0.149158848411721));
#5159=CARTESIAN_POINT('',(0.00281265596441813,0.0394999869167804,0.149158848411721));
#5160=CARTESIAN_POINT('',(0.00281265596441813,0.0394999869167804,0.173234581947326));
#5161=CARTESIAN_POINT('',(0.00281084086306042,0.0394999881989654,0.172913193702698));
#5162=CARTESIAN_POINT('',(0.,2.42480066231176E-18,0.173234581947326));
#5163=CARTESIAN_POINT('',(0.00819326552725091,0.0387431335851911,0.173234581947326));
#5164=CARTESIAN_POINT('',(0.00819326552725091,0.0387431335851911,0.149158848411721));
#5165=CARTESIAN_POINT('',(0.00819326552725087,0.0387431335851911,0.174558848411722));
#5166=CARTESIAN_POINT('',(0.,2.42480066231176E-18,0.174558848411722));
#5167=CARTESIAN_POINT('',(0.00254,0.0395184564475891,0.174558848411722));
#5168=CARTESIAN_POINT('',(0.00254,0.0395184564475891,0.149158848411721));
#5169=CARTESIAN_POINT('',(0.00254,0.0395184564475891,0.171751804339001));
#5170=CARTESIAN_POINT('',(0.,2.42480066231176E-18,0.171062007115845));
#5171=CARTESIAN_POINT('',(0.00280904377990249,0.0395002439618111,0.171751486438878));
#5172=CARTESIAN_POINT('',(0.00280904377990247,0.0395002439618111,0.149158848411721));
#5173=CARTESIAN_POINT('',(-7.1893116043637E-18,-1.04083408558608E-16,0.176022));
#5174=CARTESIAN_POINT('',(-7.1893116043637E-18,-1.04083408558608E-16,0.176022));
#5175=CARTESIAN_POINT('',(0.0405,-1.04083408558608E-16,0.176022));
#5176=CARTESIAN_POINT('',(0.0404202721415875,0.00254,0.176022));
#5177=CARTESIAN_POINT('',(0.0404202721415875,0.00254,0.166938848411722));
#5178=CARTESIAN_POINT('',(0.0404202721415875,0.00254,0.174558848411722));
#5179=CARTESIAN_POINT('',(-7.1893116043637E-18,-1.04083408558608E-16,0.174558848411722));
#5180=CARTESIAN_POINT('',(0.0395122499992089,0.00889,0.174558848411722));
#5181=CARTESIAN_POINT('',(0.0395122499992089,0.00889,0.176022));
#5182=CARTESIAN_POINT('',(0.0395122499992089,0.00889,0.166938848411722));
#5183=CARTESIAN_POINT('',(-7.1893116043637E-18,-1.04083408558608E-16,0.166938848411722));
#5184=CARTESIAN_POINT('',(0.0404202721415875,-0.00254,0.176022));
#5185=CARTESIAN_POINT('',(0.0404202721415875,-0.00254,0.166938848411722));
#5186=CARTESIAN_POINT('',(0.0404202721415875,-0.00254,0.174558848411722));
#5187=CARTESIAN_POINT('',(-7.1893116043637E-18,-1.04083408558608E-16,0.166938848411722));
#5188=CARTESIAN_POINT('',(0.039512249999209,-0.00889,0.166938848411722));
#5189=CARTESIAN_POINT('',(0.039512249999209,-0.00889,0.176022));
#5190=CARTESIAN_POINT('',(0.039512249999209,-0.00889,0.174558848411722));
#5191=CARTESIAN_POINT('',(-7.1893116043637E-18,-1.04083408558608E-16,0.174558848411722));
#5192=CARTESIAN_POINT('',(-0.0404202721415875,0.00254,0.176022));
#5193=CARTESIAN_POINT('',(-0.0404202721415875,0.00254,0.166938848411722));
#5194=CARTESIAN_POINT('',(-0.0404202721415875,0.00254,0.174558848411722));
#5195=CARTESIAN_POINT('',(-7.1893116043637E-18,-1.04083408558608E-16,0.166938848411722));
#5196=CARTESIAN_POINT('',(-0.039512249999209,0.00889,0.166938848411722));
#5197=CARTESIAN_POINT('',(-0.039512249999209,0.00889,0.176022));
#5198=CARTESIAN_POINT('',(-0.0395122499992089,0.00889,0.174558848411722));
#5199=CARTESIAN_POINT('',(-7.1893116043637E-18,-1.04083408558608E-16,0.174558848411722));
#5200=CARTESIAN_POINT('',(-0.0404202721415875,-0.00254,0.176022));
#5201=CARTESIAN_POINT('',(-0.0404202721415875,-0.00254,0.166938848411722));
#5202=CARTESIAN_POINT('',(-0.0404202721415875,-0.00254,0.174558848411722));
#5203=CARTESIAN_POINT('',(-7.1893116043637E-18,-1.04083408558608E-16,0.174558848411722));
#5204=CARTESIAN_POINT('',(-0.039512249999209,-0.00889,0.174558848411722));
#5205=CARTESIAN_POINT('',(-0.039512249999209,-0.00889,0.176022));
#5206=CARTESIAN_POINT('',(-0.039512249999209,-0.00889,0.166938848411722));
#5207=CARTESIAN_POINT('',(-7.1893116043637E-18,-1.04083408558608E-16,0.166938848411722));
#5208=CARTESIAN_POINT('',(0.00254,-0.0404202721415876,0.176022));
#5209=CARTESIAN_POINT('',(0.00254,-0.0404202721415876,0.166938848411722));
#5210=CARTESIAN_POINT('',(0.00254,-0.0404202721415876,0.174558848411722));
#5211=CARTESIAN_POINT('',(-7.1893116043637E-18,-1.04083408558608E-16,0.174558848411722));
#5212=CARTESIAN_POINT('',(0.00889,-0.0395122499992091,0.174558848411722));
#5213=CARTESIAN_POINT('',(0.00889,-0.0395122499992091,0.176022));
#5214=CARTESIAN_POINT('',(0.00889,-0.0395122499992091,0.166938848411722));
#5215=CARTESIAN_POINT('',(-7.1893116043637E-18,-1.04083408558608E-16,0.166938848411722));
#5216=CARTESIAN_POINT('',(-0.00254,-0.0404202721415876,0.176022));
#5217=CARTESIAN_POINT('',(-0.00254,-0.0404202721415876,0.166938848411722));
#5218=CARTESIAN_POINT('',(-0.00254,-0.0404202721415876,0.174558848411722));
#5219=CARTESIAN_POINT('',(-7.1893116043637E-18,-1.04083408558608E-16,0.166938848411722));
#5220=CARTESIAN_POINT('',(-0.00889,-0.0395122499992091,0.166938848411722));
#5221=CARTESIAN_POINT('',(-0.00889,-0.0395122499992091,0.176022));
#5222=CARTESIAN_POINT('',(-0.00889,-0.0395122499992091,0.174558848411722));
#5223=CARTESIAN_POINT('',(-7.1893116043637E-18,-1.04083408558608E-16,0.174558848411722));
#5224=CARTESIAN_POINT('',(0.0202138683591912,0.0350948646664619,0.176022));
#5225=CARTESIAN_POINT('',(0.0202138683591912,0.0350948646664619,0.173234581947326));
#5226=CARTESIAN_POINT('',(0.0202138683591912,0.0350948646664618,0.172581166028976));
#5227=CARTESIAN_POINT('',(-7.1893116043637E-18,-1.04083408558608E-16,0.173234581947326));
#5228=CARTESIAN_POINT('',(0.00894432968836458,0.0394999869167804,0.173234581947326));
#5229=CARTESIAN_POINT('',(0.00894432968836457,0.0394999869167804,0.176022));
#5230=CARTESIAN_POINT('',(0.00894319444926654,0.0395001154392957,0.172913193702698));
#5231=CARTESIAN_POINT('',(0.00894319444926654,0.0395002439618111,0.176022));
#5232=CARTESIAN_POINT('',(0.00894319444926652,0.0395002439618111,0.171751486438878));
#5233=CARTESIAN_POINT('',(-7.1893116043637E-18,-1.04083408558608E-16,0.171062007115845));
#5234=CARTESIAN_POINT('',(0.00889,0.0395122499992089,0.171751696005041));
#5235=CARTESIAN_POINT('',(0.00889,0.0395122499992089,0.176022));
#5236=CARTESIAN_POINT('',(0.00889,0.0395122499992089,0.174558848411722));
#5237=CARTESIAN_POINT('',(-7.1893116043637E-18,-1.04083408558608E-16,0.174558848411722));
#5238=CARTESIAN_POINT('',(0.00254,0.0404202721415874,0.174558848411722));
#5239=CARTESIAN_POINT('',(0.00254,0.0404202721415874,0.176022));
#5240=CARTESIAN_POINT('',(0.00254,0.0404202721415874,0.158242));
#5241=CARTESIAN_POINT('',(-7.1893116043637E-18,-1.04083408558608E-16,0.158242));
#5242=CARTESIAN_POINT('',(-6.93889390390723E-18,0.0405,0.158242));
#5243=CARTESIAN_POINT('',(-7.1893116043637E-18,-1.04083408558608E-16,0.158242));
#5244=CARTESIAN_POINT('',(-0.00254,0.0404202721415874,0.158242));
#5245=CARTESIAN_POINT('',(-0.00254,0.0404202721415874,0.176022));
#5246=CARTESIAN_POINT('',(-0.00254,0.0404202721415874,0.174558848411722));
#5247=CARTESIAN_POINT('',(-7.1893116043637E-18,-1.04083408558608E-16,0.174558848411722));
#5248=CARTESIAN_POINT('',(-0.00889,0.0395122499992089,0.174558848411722));
#5249=CARTESIAN_POINT('',(-0.00889,0.0395122499992089,0.176022));
#5250=CARTESIAN_POINT('',(-0.00889,0.0395122499992089,0.171751696005041));
#5251=CARTESIAN_POINT('',(-7.1893116043637E-18,-1.04083408558608E-16,0.171062007115845));
#5252=CARTESIAN_POINT('',(-0.0175718907266856,0.0364894321179353,0.171698932522657));
#5253=CARTESIAN_POINT('',(-0.0175718907266856,0.0364894321179353,0.176022));
#5254=CARTESIAN_POINT('',(-0.0175718907266856,0.0364894321179353,0.158242));
#5255=CARTESIAN_POINT('',(-7.1893116043637E-18,-1.04083408558608E-16,0.158242));
#5256=CARTESIAN_POINT('',(-0.0405,-1.04083408558608E-16,0.158242));
#5257=CARTESIAN_POINT('',(-7.1893116043637E-18,-1.04083408558608E-16,0.158242));
#5258=CARTESIAN_POINT('',(-6.93889390390723E-18,-0.0405,0.158242));
#5259=CARTESIAN_POINT('',(-7.1893116043637E-18,-1.04083408558608E-16,0.158242));
#5260=CARTESIAN_POINT('',(0.0405,-1.04083408558608E-16,0.158242));
#5261=CARTESIAN_POINT('',(-7.1893116043637E-18,-1.04083408558608E-16,0.158242));
#5262=CARTESIAN_POINT('',(0.0199884567409754,0.0352237362741964,0.158242));
#5263=CARTESIAN_POINT('',(0.0199884567409754,0.0352237362741964,0.176022));
#5264=CARTESIAN_POINT('',(0.0199884567409753,0.0352237362741964,0.159512));
#5265=CARTESIAN_POINT('',(-7.1893116043637E-18,-1.04083408558608E-16,0.159512));
#5266=CARTESIAN_POINT('',(0.0202492085574501,0.035074485780933,0.159512));
#5267=CARTESIAN_POINT('',(0.0202492085574501,0.035074485780933,0.176022));
#5268=CARTESIAN_POINT('',(0.0202492085574501,0.035074485780933,0.172581166028976));
#5269=CARTESIAN_POINT('',(-7.1893116043637E-18,-1.04083408558608E-16,0.172581166028976));
#5270=CARTESIAN_POINT('',(0.0150474702297084,0.019545,0.172581166028976));
#5271=CARTESIAN_POINT('',(-5.64474853895482E-17,-2.28983498828938E-16,0.172581166028976));
#5272=CARTESIAN_POINT('',(0.0186658236904426,0.0350948646664618,0.172581166028976));
#5273=CARTESIAN_POINT('',(0.0202492085574501,0.0342057312858073,0.172581166028976));
#5274=CARTESIAN_POINT('',(0.0150474702297084,0.0350948646664619,0.172581166028976));
#5275=CARTESIAN_POINT('',(0.0202492085574501,0.019545,0.172581166028976));
#5276=CARTESIAN_POINT('',(-5.64474853895482E-17,-2.28983498828938E-16,0.140462));
#5277=CARTESIAN_POINT('',(-5.64474853895482E-17,-2.28983498828938E-16,0.171062007115845));
#5278=CARTESIAN_POINT('',(0.00254,0.0396687647904489,0.171754427980884));
#5279=CARTESIAN_POINT('',(-0.0175718907266856,0.0356551701200455,0.171684370425317));
#5280=CARTESIAN_POINT('',(0.00254,0.0396687647904489,0.140462));
#5281=CARTESIAN_POINT('',(0.00254,0.0396687647904489,0.174558848411722));
#5282=CARTESIAN_POINT('',(-5.64474853895482E-17,-2.28983498828938E-16,0.174558848411722));
#5283=CARTESIAN_POINT('',(0.00889,0.0387431335851911,0.174558848411722));
#5284=CARTESIAN_POINT('',(0.00889,0.0387431335851911,0.140462));
#5285=CARTESIAN_POINT('',(0.00889,0.0387431335851911,0.173234581947326));
#5286=CARTESIAN_POINT('',(-5.64474853895482E-17,-2.28983498828938E-16,0.173234581947326));
#5287=CARTESIAN_POINT('',(0.0186658236904426,0.0350948646664619,0.173234581947326));
#5288=CARTESIAN_POINT('',(0.0186658236904426,0.0350948646664619,0.140462));
#5289=CARTESIAN_POINT('',(0.0202492085574501,0.0342057312858073,0.140462));
#5290=CARTESIAN_POINT('',(0.0202492085574501,0.0342057312858073,0.159512));
#5291=CARTESIAN_POINT('',(-5.64474853895482E-17,-2.28983498828938E-16,0.159512));
#5292=CARTESIAN_POINT('',(0.0199884567409753,0.0343587557561987,0.159512));
#5293=CARTESIAN_POINT('',(0.0199884567409754,0.0343587557561987,0.140462));
#5294=CARTESIAN_POINT('',(0.0199884567409754,0.0343587557561987,0.147208461514048));
#5295=CARTESIAN_POINT('',(-5.64474853895482E-17,-2.28983498828938E-16,0.14660872720147));
#5296=CARTESIAN_POINT('',(-0.0175718907266856,0.0356551701200455,0.147231090510942));
#5297=CARTESIAN_POINT('',(-0.0175718907266856,0.0356551701200455,0.140462));
#5298=CARTESIAN_POINT('',(-5.64474853895482E-17,-2.28983498828938E-16,0.174558848411722));
#5299=CARTESIAN_POINT('',(0.00254,-0.0396687647904494,0.174558848411722));
#5300=CARTESIAN_POINT('',(0.00889,-0.0387431335851915,0.174558848411722));
#5301=CARTESIAN_POINT('',(0.00254,-0.0396687647904494,0.140462));
#5302=CARTESIAN_POINT('',(0.00254,-0.0396687647904494,0.166938848411722));
#5303=CARTESIAN_POINT('',(-5.64474853895482E-17,-2.28983498828938E-16,0.166938848411722));
#5304=CARTESIAN_POINT('',(0.00889,-0.0387431335851915,0.166938848411722));
#5305=CARTESIAN_POINT('',(0.00889,-0.0387431335851915,0.140462));
#5306=CARTESIAN_POINT('',(-5.64474853895482E-17,-2.28983498828938E-16,0.166938848411722));
#5307=CARTESIAN_POINT('',(-0.0396687647904492,0.00254,0.166938848411722));
#5308=CARTESIAN_POINT('',(-0.0387431335851913,0.00889,0.166938848411722));
#5309=CARTESIAN_POINT('',(-0.0396687647904492,0.00254,0.140462));
#5310=CARTESIAN_POINT('',(-0.0396687647904492,0.00254,0.174558848411722));
#5311=CARTESIAN_POINT('',(-5.64474853895482E-17,-2.28983498828938E-16,0.174558848411722));
#5312=CARTESIAN_POINT('',(-0.0387431335851913,0.00889,0.174558848411722));
#5313=CARTESIAN_POINT('',(-0.0387431335851913,0.00889,0.140462));
#5314=CARTESIAN_POINT('',(-5.64474853895482E-17,-2.28983498828938E-16,0.174558848411722));
#5315=CARTESIAN_POINT('',(0.0396687647904491,0.00254,0.174558848411722));
#5316=CARTESIAN_POINT('',(0.0387431335851912,0.00889,0.174558848411722));
#5317=CARTESIAN_POINT('',(0.0396687647904491,0.00254,0.140462));
#5318=CARTESIAN_POINT('',(0.0396687647904491,0.00254,0.166938848411722));
#5319=CARTESIAN_POINT('',(-5.64474853895482E-17,-2.28983498828938E-16,0.166938848411722));
#5320=CARTESIAN_POINT('',(0.0387431335851912,0.00889,0.166938848411722));
#5321=CARTESIAN_POINT('',(0.0387431335851912,0.00889,0.140462));
#5322=CARTESIAN_POINT('',(-5.64474853895482E-17,-2.28983498828938E-16,0.176022));
#5323=CARTESIAN_POINT('',(-0.0397500000000001,-2.28983498828938E-16,0.176022));
#5324=CARTESIAN_POINT('',(-0.0397343586201997,-0.00123558797599483,0.148118778328924));
#5325=CARTESIAN_POINT('',(-0.039757813069377,3.16178300658189E-7,0.147606209867346));
#5326=CARTESIAN_POINT('',(-0.0397343891022922,0.00123432326279216,0.14811838220169));
#5327=CARTESIAN_POINT('',(-0.0397109864889124,0.00174516222538335,0.149350714672444));
#5328=CARTESIAN_POINT('',(-0.0397343744760013,0.00123502649126445,0.150585718340144));
#5329=CARTESIAN_POINT('',(-0.039757794904527,2.37889808047006E-7,0.151097222373854));
#5330=CARTESIAN_POINT('',(-0.0397344458822058,-0.00123261683175462,0.150587391566674));
#5331=CARTESIAN_POINT('',(-0.0397109762924419,-0.00174544759047896,0.149353846214337));
#5332=CARTESIAN_POINT('',(-0.0397343586201997,-0.00123558797599483,0.148118778328924));
#5333=CARTESIAN_POINT('',(-0.039757813069377,3.16178300658189E-7,0.147606209867346));
#5334=CARTESIAN_POINT('',(-0.0397343891022922,0.00123432326279216,0.14811838220169));
#5335=CARTESIAN_POINT('',(-0.03975,-1.01368216977947E-17,0.147777));
#5336=CARTESIAN_POINT('',(0.0397343586201995,0.00123558797599464,0.148118778328923));
#5337=CARTESIAN_POINT('',(0.0397578130693771,-3.16178300912868E-7,0.147606209867346));
#5338=CARTESIAN_POINT('',(0.039734389102292,-0.00123432326279236,0.148118382201691));
#5339=CARTESIAN_POINT('',(0.0397109864889123,-0.00174516222538336,0.149350714672444));
#5340=CARTESIAN_POINT('',(0.0397343744760012,-0.0012350264912643,0.150585718340144));
#5341=CARTESIAN_POINT('',(0.0397577949045269,-2.37889807878915E-7,0.151097222373854));
#5342=CARTESIAN_POINT('',(0.0397344458822057,0.00123261683175481,0.150587391566673));
#5343=CARTESIAN_POINT('',(0.0397109762924418,0.00174544759047894,0.149353846214337));
#5344=CARTESIAN_POINT('',(0.0397343586201995,0.00123558797599464,0.148118778328923));
#5345=CARTESIAN_POINT('',(0.0397578130693771,-3.16178300912868E-7,0.147606209867346));
#5346=CARTESIAN_POINT('',(0.039734389102292,-0.00123432326279236,0.148118382201691));
#5347=CARTESIAN_POINT('',(0.03975,-2.26213567104713E-16,0.147777));
#5348=CARTESIAN_POINT('',(-0.00123558797599482,-0.0397343586201999,0.150585221671076));
#5349=CARTESIAN_POINT('',(3.16178300658839E-7,-0.0397578130693769,0.151097790132654));
#5350=CARTESIAN_POINT('',(0.00123432326279222,-0.0397343891022924,0.15058561779831));
#5351=CARTESIAN_POINT('',(0.00174516222538335,-0.0397109864889126,0.149353285327556));
#5352=CARTESIAN_POINT('',(0.00123502649126449,-0.0397343744760014,0.148118281659856));
#5353=CARTESIAN_POINT('',(2.37889808086074E-7,-0.0397577949045272,0.147606777626146));
#5354=CARTESIAN_POINT('',(-0.00123261683175461,-0.039734445882206,0.148116608433327));
#5355=CARTESIAN_POINT('',(-0.00174544759047894,-0.0397109762924421,0.149350153785663));
#5356=CARTESIAN_POINT('',(-0.00123558797599482,-0.0397343586201999,0.150585221671076));
#5357=CARTESIAN_POINT('',(3.16178300658839E-7,-0.0397578130693769,0.151097790132654));
#5358=CARTESIAN_POINT('',(0.00123432326279222,-0.0397343891022924,0.15058561779831));
#5359=CARTESIAN_POINT('',(2.31398901633592E-18,-0.03975,0.150927));
#5360=CARTESIAN_POINT('',(-5.64474853895482E-17,-2.28983498828938E-16,0.14224));
#5361=CARTESIAN_POINT('',(-0.0397500000000001,-2.28983498828938E-16,0.14224));
#5362=CARTESIAN_POINT('',(-5.64474853895482E-17,-2.28983498828938E-16,0.166938848411722));
#5363=CARTESIAN_POINT('',(0.0396687647904491,-0.00254,0.166938848411722));
#5364=CARTESIAN_POINT('',(0.0387431335851913,-0.00889,0.166938848411722));
#5365=CARTESIAN_POINT('',(0.0396687647904491,-0.00254,0.140462));
#5366=CARTESIAN_POINT('',(0.0396687647904491,-0.00254,0.174558848411722));
#5367=CARTESIAN_POINT('',(-5.64474853895482E-17,-2.28983498828938E-16,0.174558848411722));
#5368=CARTESIAN_POINT('',(0.0387431335851913,-0.00889,0.174558848411722));
#5369=CARTESIAN_POINT('',(0.0387431335851913,-0.00889,0.140462));
#5370=CARTESIAN_POINT('',(-5.64474853895482E-17,-2.28983498828938E-16,0.174558848411722));
#5371=CARTESIAN_POINT('',(-0.0396687647904492,-0.00254,0.174558848411722));
#5372=CARTESIAN_POINT('',(-0.0387431335851914,-0.00889,0.174558848411722));
#5373=CARTESIAN_POINT('',(-0.0396687647904492,-0.00254,0.140462));
#5374=CARTESIAN_POINT('',(-0.0396687647904492,-0.00254,0.166938848411722));
#5375=CARTESIAN_POINT('',(-5.64474853895482E-17,-2.28983498828938E-16,0.166938848411722));
#5376=CARTESIAN_POINT('',(-0.0387431335851914,-0.00889,0.166938848411722));
#5377=CARTESIAN_POINT('',(-0.0387431335851914,-0.00889,0.140462));
#5378=CARTESIAN_POINT('',(-5.64474853895482E-17,-2.28983498828938E-16,0.166938848411722));
#5379=CARTESIAN_POINT('',(-0.00254,-0.0396687647904494,0.166938848411722));
#5380=CARTESIAN_POINT('',(-0.00889,-0.0387431335851916,0.166938848411722));
#5381=CARTESIAN_POINT('',(-0.00254,-0.0396687647904494,0.140462));
#5382=CARTESIAN_POINT('',(-0.00254,-0.0396687647904494,0.174558848411722));
#5383=CARTESIAN_POINT('',(-5.64474853895482E-17,-2.28983498828938E-16,0.174558848411722));
#5384=CARTESIAN_POINT('',(-0.00889,-0.0387431335851916,0.174558848411722));
#5385=CARTESIAN_POINT('',(-0.00889,-0.0387431335851916,0.140462));
#5386=CARTESIAN_POINT('',(0.00120828300714493,0.0399622991621994,0.171759551642402));
#5387=CARTESIAN_POINT('',(0.00254,0.0381461114642666,0.171727849968212));
#5388=CARTESIAN_POINT('',(-0.0175718907266856,0.0399622991621994,0.171759551642402));
#5389=CARTESIAN_POINT('',(-0.00889,0.0150899362034132,0.171325402932038));
#5390=CARTESIAN_POINT('',(-0.00889,0.0399622991621994,0.171759551642402));
#5391=CARTESIAN_POINT('',(0.00120828300714493,0.0399622991621994,0.171759551642402));
#5392=CARTESIAN_POINT('',(0.00889,0.0399622991621994,0.171759551642402));
#5393=CARTESIAN_POINT('',(0.00889,0.0468302655823414,0.17187943244219));
#5394=CARTESIAN_POINT('',(0.00120828300714493,0.0395002439618111,0.171751486438878));
#5395=CARTESIAN_POINT('',(0.,0.,0.158242));
#5396=CARTESIAN_POINT('',(0.00889,0.,0.158242));
#5397=CARTESIAN_POINT('',(0.00889,0.0401982489037881,0.158242));
#5398=CARTESIAN_POINT('',(0.00889,0.0405,0.158242));
#5399=CARTESIAN_POINT('',(1.48833290209669E-19,0.0401982489037881,0.158242));
#5400=CARTESIAN_POINT('',(0.0199884567409754,0.0401982489037881,0.158242));
#5401=CARTESIAN_POINT('',(0.0199884567409754,-7.39843584029418E-20,0.158242));
#5402=CARTESIAN_POINT('',(0.0405,-0.006985,0.158242));
#5403=CARTESIAN_POINT('',(0.0405,0.01397,0.158242));
#5404=CARTESIAN_POINT('',(0.0427225,0.01397,0.158242));
#5405=CARTESIAN_POINT('',(0.044945,0.01397,0.158242));
#5406=CARTESIAN_POINT('',(0.044945,-0.017109604278725,0.158242));
#5407=CARTESIAN_POINT('',(0.044945,0.0202492085574501,0.158242));
#5408=CARTESIAN_POINT('',(0.041708043115082,0.02024920855745,0.158242));
#5409=CARTESIAN_POINT('',(0.0446542556298886,0.02159,0.158242));
#5410=CARTESIAN_POINT('',(0.0425771278149444,0.02159,0.158242));
#5411=CARTESIAN_POINT('',(0.0373374218023448,0.02159,0.158242));
#5412=CARTESIAN_POINT('',(0.0355558278208153,0.0233715939815296,0.158242));
#5413=CARTESIAN_POINT('',(0.02159,0.0373374218023448,0.158242));
#5414=CARTESIAN_POINT('',(0.02159,0.039484,0.158242));
#5415=CARTESIAN_POINT('',(0.02159,0.0446542556298886,0.158242));
#5416=CARTESIAN_POINT('',(0.02024920855745,0.041708043115082,0.158242));
#5417=CARTESIAN_POINT('',(0.0202492085574501,0.044945,0.158242));
#5418=CARTESIAN_POINT('',(0.017109604278725,0.044945,0.158242));
#5419=CARTESIAN_POINT('',(0.01397,0.044945,0.158242));
#5420=CARTESIAN_POINT('',(0.01397,0.0427225,0.158242));
#5421=CARTESIAN_POINT('',(0.01397,0.0405,0.158242));
#5422=CARTESIAN_POINT('',(0.006985,0.0405,0.158242));
#5423=CARTESIAN_POINT('',(0.006985,0.0405,0.031242));
#5424=CARTESIAN_POINT('',(-0.00254,0.0405,0.151430181818182));
#5425=CARTESIAN_POINT('',(-0.00254,0.0405,0.146812));
#5426=CARTESIAN_POINT('',(-0.00254,0.0405,0.151892));
#5427=CARTESIAN_POINT('',(8.67361737988404E-18,0.0405,0.146812));
#5428=CARTESIAN_POINT('',(0.00254,0.0405,0.146812));
#5429=CARTESIAN_POINT('',(0.00254,0.0405,0.151430181818182));
#5430=CARTESIAN_POINT('',(0.00254,0.0405,0.151892));
#5431=CARTESIAN_POINT('',(-0.00127,0.0405,0.151892));
#5432=CARTESIAN_POINT('',(0.006985,0.0405,0.158242));
#5433=CARTESIAN_POINT('',(0.00254,0.0405,0.158242));
#5434=CARTESIAN_POINT('',(0.00254,0.0405,0.031242));
#5435=CARTESIAN_POINT('',(0.00254,0.0405,0.154238848411722));
#5436=CARTESIAN_POINT('',(0.006985,0.0405,0.154238848411722));
#5437=CARTESIAN_POINT('',(0.00889,0.0405,0.154238848411722));
#5438=CARTESIAN_POINT('',(0.00889,0.0405,0.031242));
#5439=CARTESIAN_POINT('',(0.01397,0.0405,0.031242));
#5440=CARTESIAN_POINT('',(0.01397,0.0405,0.14224));
#5441=CARTESIAN_POINT('',(0.,0.0405,0.14224));
#5442=CARTESIAN_POINT('',(-0.01397,0.0405,0.14224));
#5443=CARTESIAN_POINT('',(-0.01397,0.0405,0.031242));
#5444=CARTESIAN_POINT('',(-0.01397,0.0405,0.158242));
#5445=CARTESIAN_POINT('',(0.006985,0.0405,0.158242));
#5446=CARTESIAN_POINT('',(-0.00889,0.0405,0.158242));
#5447=CARTESIAN_POINT('',(-0.00889,0.0405,0.031242));
#5448=CARTESIAN_POINT('',(-0.00889,0.0405,0.154238848411722));
#5449=CARTESIAN_POINT('',(0.00698500000000054,0.0405,0.154238848411722));
#5450=CARTESIAN_POINT('',(-0.00254,0.0405,0.154238848411722));
#5451=CARTESIAN_POINT('',(-0.00254,0.0405,0.031242));
#5452=CARTESIAN_POINT('',(-0.00254,0.0405,0.158242));
#5453=CARTESIAN_POINT('',(0.006985,0.0405,0.158242));
#5454=CARTESIAN_POINT('',(0.,0.,0.158242));
#5455=CARTESIAN_POINT('',(-0.00889,0.,0.158242));
#5456=CARTESIAN_POINT('',(-0.00889,0.0401982489037881,0.158242));
#5457=CARTESIAN_POINT('',(-0.01397,0.0427225,0.158242));
#5458=CARTESIAN_POINT('',(-0.01397,0.044945,0.158242));
#5459=CARTESIAN_POINT('',(0.017109604278725,0.044945,0.158242));
#5460=CARTESIAN_POINT('',(-0.0202492085574501,0.044945,0.158242));
#5461=CARTESIAN_POINT('',(-0.0202492085574501,0.0417080431150821,0.158242));
#5462=CARTESIAN_POINT('',(-0.02159,0.0446542556298886,0.158242));
#5463=CARTESIAN_POINT('',(-0.02159,0.0378797634064556,0.158242));
#5464=CARTESIAN_POINT('',(-0.02159,0.0372915268129111,0.158242));
#5465=CARTESIAN_POINT('',(-0.0233601202341711,0.0355214065787399,0.158242));
#5466=CARTESIAN_POINT('',(-0.037291526812911,0.02159,0.158242));
#5467=CARTESIAN_POINT('',(-0.039484,0.02159,0.158242));
#5468=CARTESIAN_POINT('',(-0.0446542556298886,0.02159,0.158242));
#5469=CARTESIAN_POINT('',(-0.0417080431150824,0.0202492085574503,0.158242));
#5470=CARTESIAN_POINT('',(-0.044945,0.0202492085574501,0.158242));
#5471=CARTESIAN_POINT('',(-0.044945,0.017109604278725,0.158242));
#5472=CARTESIAN_POINT('',(-0.044945,0.01397,0.158242));
#5473=CARTESIAN_POINT('',(-0.0427225,0.01397,0.158242));
#5474=CARTESIAN_POINT('',(-0.0405,0.01397,0.158242));
#5475=CARTESIAN_POINT('',(-0.0405,0.006985,0.158242));
#5476=CARTESIAN_POINT('',(-0.0175718907266856,6.50397916251033E-20,0.158242));
#5477=CARTESIAN_POINT('',(-0.0175718907266856,0.0401982489037881,0.158242));
#5478=CARTESIAN_POINT('',(1.48833290209669E-19,0.0401982489037881,0.158242));
#5479=CARTESIAN_POINT('',(0.,0.,0.158242));
#5480=CARTESIAN_POINT('',(0.00254,0.,0.158242));
#5481=CARTESIAN_POINT('',(0.0150474702297084,0.019545,0.159512));
#5482=CARTESIAN_POINT('',(0.0199884567409754,0.019545,0.159512));
#5483=CARTESIAN_POINT('',(0.0202492085574501,0.019545,0.159512));
#5484=CARTESIAN_POINT('',(-0.005715,-0.0151,0.174558848411722));
#5485=CARTESIAN_POINT('',(0.,2.42480066231176E-18,0.174558848411722));
#5486=CARTESIAN_POINT('',(-0.00889,-0.0385892199972998,0.174558848411722));
#5487=CARTESIAN_POINT('',(-0.00254,-0.0395184564475891,0.174558848411722));
#5488=CARTESIAN_POINT('',(-0.00889,-0.0151,0.174558848411722));
#5489=CARTESIAN_POINT('',(-0.00254,-0.0151,0.174558848411722));
#5490=CARTESIAN_POINT('',(0.005715,-0.0151,0.174558848411722));
#5491=CARTESIAN_POINT('',(0.,2.42480066231176E-18,0.174558848411722));
#5492=CARTESIAN_POINT('',(0.00254,-0.0395184564475891,0.174558848411722));
#5493=CARTESIAN_POINT('',(0.00889,-0.0385892199972998,0.174558848411722));
#5494=CARTESIAN_POINT('',(0.00254,-0.0151,0.174558848411722));
#5495=CARTESIAN_POINT('',(0.00889,-0.0151,0.174558848411722));
#5496=CARTESIAN_POINT('',(-0.0151,-0.005715,0.174558848411722));
#5497=CARTESIAN_POINT('',(0.,2.42480066231176E-18,0.174558848411722));
#5498=CARTESIAN_POINT('',(-0.0395184564475891,-0.00254,0.174558848411722));
#5499=CARTESIAN_POINT('',(-0.0385892199972998,-0.00889,0.174558848411722));
#5500=CARTESIAN_POINT('',(-0.0151,-0.00254,0.174558848411722));
#5501=CARTESIAN_POINT('',(-0.0151,-0.00889,0.174558848411722));
#5502=CARTESIAN_POINT('',(-0.0151,0.005715,0.174558848411722));
#5503=CARTESIAN_POINT('',(0.,2.42480066231176E-18,0.174558848411722));
#5504=CARTESIAN_POINT('',(-0.0385892199972998,0.00889,0.174558848411722));
#5505=CARTESIAN_POINT('',(-0.0395184564475891,0.00254,0.174558848411722));
#5506=CARTESIAN_POINT('',(-0.0151,0.00889,0.174558848411722));
#5507=CARTESIAN_POINT('',(-0.0151,0.00254,0.174558848411722));
#5508=CARTESIAN_POINT('',(0.0151,-0.005715,0.174558848411722));
#5509=CARTESIAN_POINT('',(0.,2.42480066231176E-18,0.174558848411722));
#5510=CARTESIAN_POINT('',(0.0385892199972998,-0.00889,0.174558848411722));
#5511=CARTESIAN_POINT('',(0.0395184564475891,-0.00254,0.174558848411722));
#5512=CARTESIAN_POINT('',(0.0151,-0.00889,0.174558848411722));
#5513=CARTESIAN_POINT('',(0.0151,-0.00254,0.174558848411722));
#5514=CARTESIAN_POINT('',(0.0151,0.005715,0.174558848411722));
#5515=CARTESIAN_POINT('',(0.,2.42480066231176E-18,0.174558848411722));
#5516=CARTESIAN_POINT('',(0.0395184564475891,0.00254,0.174558848411722));
#5517=CARTESIAN_POINT('',(0.0385892199972998,0.00889,0.174558848411722));
#5518=CARTESIAN_POINT('',(0.0151,0.00254,0.174558848411722));
#5519=CARTESIAN_POINT('',(0.0151,0.00889,0.174558848411722));
#5520=CARTESIAN_POINT('',(0.005715,0.0381632,0.174558848411722));
#5521=CARTESIAN_POINT('',(0.000228600000000015,0.0387431335851911,0.174558848411722));
#5522=CARTESIAN_POINT('',(0.00254,0.0381632,0.174558848411722));
#5523=CARTESIAN_POINT('',(-0.005715,-0.0151,0.166938848411722));
#5524=CARTESIAN_POINT('',(-0.00889,-0.0151,0.166938848411722));
#5525=CARTESIAN_POINT('',(-0.00889,-0.0385892199972998,0.166938848411722));
#5526=CARTESIAN_POINT('',(0.,2.42480066231176E-18,0.166938848411722));
#5527=CARTESIAN_POINT('',(-0.00254,-0.0395184564475891,0.166938848411722));
#5528=CARTESIAN_POINT('',(-0.00254,-0.0151,0.166938848411722));
#5529=CARTESIAN_POINT('',(-0.00889,-0.0151,0.170748848411721));
#5530=CARTESIAN_POINT('',(-0.00889,-0.0385892199972998,0.149158848411721));
#5531=CARTESIAN_POINT('',(-0.00254,-0.0151,0.170748848411721));
#5532=CARTESIAN_POINT('',(-0.00254,-0.0395184564475891,0.149158848411721));
#5533=CARTESIAN_POINT('',(0.005715,-0.0151,0.166938848411722));
#5534=CARTESIAN_POINT('',(0.00254,-0.0151,0.166938848411722));
#5535=CARTESIAN_POINT('',(0.00254,-0.0395184564475891,0.166938848411722));
#5536=CARTESIAN_POINT('',(0.,2.42480066231176E-18,0.166938848411722));
#5537=CARTESIAN_POINT('',(0.00889,-0.0385892199972998,0.166938848411722));
#5538=CARTESIAN_POINT('',(0.00889,-0.0151,0.166938848411722));
#5539=CARTESIAN_POINT('',(0.00889,-0.0151,0.170748848411721));
#5540=CARTESIAN_POINT('',(0.00889,-0.0385892199972998,0.149158848411721));
#5541=CARTESIAN_POINT('',(0.00254,-0.0151,0.170748848411721));
#5542=CARTESIAN_POINT('',(0.00254,-0.0395184564475891,0.149158848411721));
#5543=CARTESIAN_POINT('',(-0.0151,-0.005715,0.166938848411722));
#5544=CARTESIAN_POINT('',(-0.0151,-0.00254,0.166938848411722));
#5545=CARTESIAN_POINT('',(-0.0395184564475891,-0.00254,0.166938848411722));
#5546=CARTESIAN_POINT('',(0.,2.42480066231176E-18,0.166938848411722));
#5547=CARTESIAN_POINT('',(-0.0385892199972998,-0.00889,0.166938848411722));
#5548=CARTESIAN_POINT('',(-0.0151,-0.00889,0.166938848411722));
#5549=CARTESIAN_POINT('',(-0.0151,-0.00889,0.170748848411721));
#5550=CARTESIAN_POINT('',(-0.0385892199972998,-0.00889,0.149158848411721));
#5551=CARTESIAN_POINT('',(-0.0151,-0.00254,0.170748848411721));
#5552=CARTESIAN_POINT('',(-0.0395184564475891,-0.00254,0.149158848411721));
#5553=CARTESIAN_POINT('',(-0.0151,0.005715,0.166938848411722));
#5554=CARTESIAN_POINT('',(-0.0151,0.00889,0.166938848411722));
#5555=CARTESIAN_POINT('',(-0.0385892199972998,0.00889,0.166938848411722));
#5556=CARTESIAN_POINT('',(0.,2.42480066231176E-18,0.166938848411722));
#5557=CARTESIAN_POINT('',(-0.0395184564475891,0.00254,0.166938848411722));
#5558=CARTESIAN_POINT('',(-0.0151,0.00254,0.166938848411722));
#5559=CARTESIAN_POINT('',(-0.0151,0.00889,0.170748848411721));
#5560=CARTESIAN_POINT('',(-0.0385892199972998,0.00889,0.149158848411721));
#5561=CARTESIAN_POINT('',(-0.0151,0.00254,0.170748848411721));
#5562=CARTESIAN_POINT('',(-0.0395184564475891,0.00254,0.149158848411721));
#5563=CARTESIAN_POINT('',(0.0151,-0.005715,0.166938848411722));
#5564=CARTESIAN_POINT('',(0.0151,-0.00889,0.166938848411722));
#5565=CARTESIAN_POINT('',(0.0385892199972998,-0.00889,0.166938848411722));
#5566=CARTESIAN_POINT('',(0.,2.42480066231176E-18,0.166938848411722));
#5567=CARTESIAN_POINT('',(0.0395184564475891,-0.00254,0.166938848411722));
#5568=CARTESIAN_POINT('',(0.0151,-0.00254,0.166938848411722));
#5569=CARTESIAN_POINT('',(0.0151,-0.00889,0.170748848411721));
#5570=CARTESIAN_POINT('',(0.0385892199972998,-0.00889,0.149158848411721));
#5571=CARTESIAN_POINT('',(0.0151,-0.00254,0.170748848411721));
#5572=CARTESIAN_POINT('',(0.0395184564475891,-0.00254,0.149158848411721));
#5573=CARTESIAN_POINT('',(0.0151,0.005715,0.166938848411722));
#5574=CARTESIAN_POINT('',(0.0151,0.00254,0.166938848411722));
#5575=CARTESIAN_POINT('',(0.0395184564475891,0.00254,0.166938848411722));
#5576=CARTESIAN_POINT('',(0.,2.42480066231176E-18,0.166938848411722));
#5577=CARTESIAN_POINT('',(0.0385892199972998,0.00889,0.166938848411722));
#5578=CARTESIAN_POINT('',(0.0151,0.00889,0.166938848411722));
#5579=CARTESIAN_POINT('',(0.0151,0.00889,0.170748848411721));
#5580=CARTESIAN_POINT('',(0.0385892199972998,0.00889,0.149158848411721));
#5581=CARTESIAN_POINT('',(0.0151,0.00254,0.170748848411721));
#5582=CARTESIAN_POINT('',(0.0395184564475891,0.00254,0.149158848411721));
#5583=CARTESIAN_POINT('',(0.00254,0.04685,0.170748848411721));
#5584=CARTESIAN_POINT('',(0.00254,0.043675,0.170748848411721));
#5585=CARTESIAN_POINT('',(0.00254,0.043675,0.168348848411721));
#5586=CARTESIAN_POINT('',(0.00254,0.0405,0.170748848411721));
#5587=CARTESIAN_POINT('',(0.00254,0.04558,0.166938848411722));
#5588=CARTESIAN_POINT('',(0.00254,0.04558,0.174558848411722));
#5589=CARTESIAN_POINT('',(0.00254,0.04558,0.154238848411722));
#5590=CARTESIAN_POINT('',(0.00254,0.04558,0.154238848411722));
#5591=CARTESIAN_POINT('',(0.00254,0.04685,0.154238848411722));
#5592=CARTESIAN_POINT('',(0.00254,0.04685,0.174558848411722));
#5593=CARTESIAN_POINT('',(0.00889,0.04685,0.170748848411721));
#5594=CARTESIAN_POINT('',(0.00889,0.0399820335798581,0.170628967611933));
#5595=CARTESIAN_POINT('',(0.00889,0.0400464448500906,0.166938848411722));
#5596=CARTESIAN_POINT('',(0.00889,0.0400464448500906,0.154238848411722));
#5597=CARTESIAN_POINT('',(0.00889,0.0400464448500906,0.154238848411722));
#5598=CARTESIAN_POINT('',(0.00889,0.04685,0.154238848411722));
#5599=CARTESIAN_POINT('',(0.00889,0.0402681241746789,0.154238848411722));
#5600=CARTESIAN_POINT('',(0.00889,0.0401756509526336,0.159536635754569));
#5601=CARTESIAN_POINT('',(0.00889,0.04685,0.154238848411722));
#5602=CARTESIAN_POINT('',(0.00889,0.04558,0.154238848411722));
#5603=CARTESIAN_POINT('',(0.00889,0.04558,0.154238848411722));
#5604=CARTESIAN_POINT('',(0.00889,0.04558,0.166938848411722));
#5605=CARTESIAN_POINT('',(0.00889,0.0405,0.170748848411721));
#5606=CARTESIAN_POINT('',(0.00889,0.04558,0.174558848411722));
#5607=CARTESIAN_POINT('',(0.00889,0.04685,0.174558848411722));
#5608=CARTESIAN_POINT('',(0.00889,0.043675,0.170748848411721));
#5609=CARTESIAN_POINT('',(0.00889,0.043675,0.168348848411721));
#5610=CARTESIAN_POINT('',(0.005715,0.04685,0.174558848411722));
#5611=CARTESIAN_POINT('',(-0.01651,0.04558,0.174558848411722));
#5612=CARTESIAN_POINT('',(-0.01651,0.0405,0.170748848411721));
#5613=CARTESIAN_POINT('',(-0.01651,0.04558,0.166938848411722));
#5614=CARTESIAN_POINT('',(-0.01651,0.043675,0.170748848411721));
#5615=CARTESIAN_POINT('',(0.00254,0.0381632,0.170748848411721));
#5616=CARTESIAN_POINT('',(0.,-0.044945,0.140462));
#5617=CARTESIAN_POINT('',(-0.0202492085574501,-0.044945,0.140462));
#5618=CARTESIAN_POINT('',(-0.0202492085574501,-0.044945,0.14224));
#5619=CARTESIAN_POINT('',(-0.0202492085574501,-0.044945,0.158242));
#5620=CARTESIAN_POINT('',(0.,-0.044945,0.14224));
#5621=CARTESIAN_POINT('',(-0.01397,-0.044945,0.14224));
#5622=CARTESIAN_POINT('',(-0.01397,-0.044945,0.031242));
#5623=CARTESIAN_POINT('',(-0.01397,-0.044945,0.158242));
#5624=CARTESIAN_POINT('',(0.,-0.044945,0.158242));
#5625=CARTESIAN_POINT('',(-0.044945,0.017109604278725,0.140462));
#5626=CARTESIAN_POINT('',(-0.044945,0.017109604278725,0.14224));
#5627=CARTESIAN_POINT('',(-0.044945,-0.0202492085574501,0.14224));
#5628=CARTESIAN_POINT('',(-0.044945,-0.01397,0.14224));
#5629=CARTESIAN_POINT('',(-0.044945,-0.0202492085574501,0.140462));
#5630=CARTESIAN_POINT('',(-0.044945,-0.0202492085574501,0.158242));
#5631=CARTESIAN_POINT('',(-0.044945,0.017109604278725,0.158242));
#5632=CARTESIAN_POINT('',(-0.044945,-0.01397,0.158242));
#5633=CARTESIAN_POINT('',(-0.044945,-0.01397,0.031242));
#5634=CARTESIAN_POINT('',(0.017109604278725,0.044945,0.140462));
#5635=CARTESIAN_POINT('',(0.017109604278725,0.044945,0.14224));
#5636=CARTESIAN_POINT('',(-0.0202492085574501,0.044945,0.14224));
#5637=CARTESIAN_POINT('',(-0.01397,0.044945,0.14224));
#5638=CARTESIAN_POINT('',(-0.0202492085574501,0.044945,0.140462));
#5639=CARTESIAN_POINT('',(-0.01397,0.044945,0.031242));
#5640=CARTESIAN_POINT('',(0.044945,-0.017109604278725,0.140462));
#5641=CARTESIAN_POINT('',(0.044945,-0.017109604278725,0.14224));
#5642=CARTESIAN_POINT('',(0.044945,0.0202492085574501,0.14224));
#5643=CARTESIAN_POINT('',(0.044945,0.01397,0.14224));
#5644=CARTESIAN_POINT('',(0.044945,0.0202492085574501,0.140462));
#5645=CARTESIAN_POINT('',(0.044945,0.01397,0.031242));
#5646=CARTESIAN_POINT('',(0.,-0.044945,0.140462));
#5647=CARTESIAN_POINT('',(0.01397,-0.044945,0.031242));
#5648=CARTESIAN_POINT('',(0.01397,-0.044945,0.14224));
#5649=CARTESIAN_POINT('',(0.01397,-0.044945,0.158242));
#5650=CARTESIAN_POINT('',(0.,-0.044945,0.14224));
#5651=CARTESIAN_POINT('',(0.0202492085574501,-0.044945,0.14224));
#5652=CARTESIAN_POINT('',(0.0202492085574501,-0.044945,0.140462));
#5653=CARTESIAN_POINT('',(0.0202492085574501,-0.044945,0.158242));
#5654=CARTESIAN_POINT('',(0.,-0.044945,0.158242));
#5655=CARTESIAN_POINT('',(-0.024286541360592,-0.042248458639408,0.140462));
#5656=CARTESIAN_POINT('',(-0.0439969172788161,-0.0225380827211841,0.140462));
#5657=CARTESIAN_POINT('',(-0.0439969172788161,-0.0225380827211841,0.14224));
#5658=CARTESIAN_POINT('',(-0.0439969172788161,-0.0225380827211841,0.145542));
#5659=CARTESIAN_POINT('',(-0.024286541360592,-0.042248458639408,0.14224));
#5660=CARTESIAN_POINT('',(-0.0225380827211841,-0.0439969172788161,0.14224));
#5661=CARTESIAN_POINT('',(-0.0225380827211841,-0.0439969172788161,0.140462));
#5662=CARTESIAN_POINT('',(-0.0225380827211841,-0.0439969172788161,0.145542));
#5663=CARTESIAN_POINT('',(-0.024286541360592,-0.042248458639408,0.145542));
#5664=CARTESIAN_POINT('',(-0.044945,0.017109604278725,0.140462));
#5665=CARTESIAN_POINT('',(-0.044945,0.017109604278725,0.14224));
#5666=CARTESIAN_POINT('',(-0.044945,0.01397,0.14224));
#5667=CARTESIAN_POINT('',(-0.044945,0.0202492085574501,0.14224));
#5668=CARTESIAN_POINT('',(-0.044945,0.01397,0.031242));
#5669=CARTESIAN_POINT('',(-0.044945,0.0202492085574501,0.140462));
#5670=CARTESIAN_POINT('',(-0.0274959885309434,0.0390390114690566,0.140462));
#5671=CARTESIAN_POINT('',(-0.0274959885309434,0.0390390114690566,0.14224));
#5672=CARTESIAN_POINT('',(-0.0439969172788161,0.0225380827211841,0.14224));
#5673=CARTESIAN_POINT('',(-0.022538082721184,0.0439969172788161,0.14224));
#5674=CARTESIAN_POINT('',(-0.0439969172788161,0.0225380827211841,0.140462));
#5675=CARTESIAN_POINT('',(-0.0439969172788161,0.0225380827211841,0.145542));
#5676=CARTESIAN_POINT('',(-0.0274959885309434,0.0390390114690566,0.145542));
#5677=CARTESIAN_POINT('',(-0.022538082721184,0.0439969172788161,0.145542));
#5678=CARTESIAN_POINT('',(-0.022538082721184,0.0439969172788161,0.140462));
#5679=CARTESIAN_POINT('',(0.017109604278725,0.044945,0.140462));
#5680=CARTESIAN_POINT('',(0.017109604278725,0.044945,0.14224));
#5681=CARTESIAN_POINT('',(0.01397,0.044945,0.14224));
#5682=CARTESIAN_POINT('',(0.0202492085574501,0.044945,0.14224));
#5683=CARTESIAN_POINT('',(0.01397,0.044945,0.031242));
#5684=CARTESIAN_POINT('',(0.0202492085574501,0.044945,0.140462));
#5685=CARTESIAN_POINT('',(0.0390390114690566,0.0274959885309434,0.140462));
#5686=CARTESIAN_POINT('',(0.0390390114690566,0.0274959885309434,0.14224));
#5687=CARTESIAN_POINT('',(0.022538082721184,0.0439969172788161,0.14224));
#5688=CARTESIAN_POINT('',(0.0439969172788161,0.0225380827211841,0.14224));
#5689=CARTESIAN_POINT('',(0.022538082721184,0.0439969172788161,0.140462));
#5690=CARTESIAN_POINT('',(0.022538082721184,0.0439969172788161,0.145542));
#5691=CARTESIAN_POINT('',(0.0390390114690566,0.0274959885309434,0.145542));
#5692=CARTESIAN_POINT('',(0.0439969172788161,0.0225380827211841,0.145542));
#5693=CARTESIAN_POINT('',(0.0439969172788161,0.0225380827211841,0.140462));
#5694=CARTESIAN_POINT('',(0.044945,-0.017109604278725,0.140462));
#5695=CARTESIAN_POINT('',(0.044945,-0.017109604278725,0.14224));
#5696=CARTESIAN_POINT('',(0.044945,-0.01397,0.14224));
#5697=CARTESIAN_POINT('',(0.044945,-0.0202492085574501,0.14224));
#5698=CARTESIAN_POINT('',(0.044945,-0.01397,0.031242));
#5699=CARTESIAN_POINT('',(0.044945,-0.01397,0.158242));
#5700=CARTESIAN_POINT('',(0.044945,-0.017109604278725,0.158242));
#5701=CARTESIAN_POINT('',(0.044945,-0.0202492085574501,0.158242));
#5702=CARTESIAN_POINT('',(0.044945,-0.0202492085574501,0.140462));
#5703=CARTESIAN_POINT('',(0.0274959885309434,-0.0390390114690566,0.140462));
#5704=CARTESIAN_POINT('',(0.0225380827211841,-0.0439969172788161,0.140462));
#5705=CARTESIAN_POINT('',(0.0225380827211841,-0.0439969172788161,0.14224));
#5706=CARTESIAN_POINT('',(0.0225380827211841,-0.0439969172788161,0.145542));
#5707=CARTESIAN_POINT('',(0.0274959885309434,-0.0390390114690566,0.14224));
#5708=CARTESIAN_POINT('',(0.0439969172788161,-0.0225380827211841,0.14224));
#5709=CARTESIAN_POINT('',(0.0439969172788161,-0.0225380827211841,0.140462));
#5710=CARTESIAN_POINT('',(0.0439969172788161,-0.0225380827211841,0.145542));
#5711=CARTESIAN_POINT('',(0.0274959885309434,-0.0390390114690566,0.145542));
#5712=CARTESIAN_POINT('',(-0.0202492085574501,-0.0417080431150822,0.140462));
#5713=CARTESIAN_POINT('',(-0.0202492085574501,-0.0417080431150822,0.14224));
#5714=CARTESIAN_POINT('',(-0.0202492085574501,-0.0417080431150822,0.158242));
#5715=CARTESIAN_POINT('',(-0.02159,-0.0446542556298886,0.158242));
#5716=CARTESIAN_POINT('',(-0.02159,-0.0446542556298886,0.145542));
#5717=CARTESIAN_POINT('',(-0.02159,-0.0446542556298886,0.145542));
#5718=CARTESIAN_POINT('',(-0.0202492085574501,-0.0417080431150822,0.145542));
#5719=CARTESIAN_POINT('',(-0.041708043115082,-0.02024920855745,0.140462));
#5720=CARTESIAN_POINT('',(-0.041708043115082,-0.02024920855745,0.14224));
#5721=CARTESIAN_POINT('',(-0.041708043115082,-0.02024920855745,0.145542));
#5722=CARTESIAN_POINT('',(-0.0446542556298887,-0.02159,0.145542));
#5723=CARTESIAN_POINT('',(-0.0446542556298887,-0.02159,0.145542));
#5724=CARTESIAN_POINT('',(-0.0446542556298887,-0.02159,0.158242));
#5725=CARTESIAN_POINT('',(-0.041708043115082,-0.02024920855745,0.158242));
#5726=CARTESIAN_POINT('',(-0.0417080431150824,0.0202492085574503,0.140462));
#5727=CARTESIAN_POINT('',(-0.0417080431150824,0.0202492085574503,0.14224));
#5728=CARTESIAN_POINT('',(-0.0446542556298886,0.02159,0.145542));
#5729=CARTESIAN_POINT('',(-0.0446542556298886,0.02159,0.145542));
#5730=CARTESIAN_POINT('',(-0.0417080431150824,0.0202492085574503,0.145542));
#5731=CARTESIAN_POINT('',(-0.0202492085574501,0.0417080431150821,0.140462));
#5732=CARTESIAN_POINT('',(-0.0202492085574501,0.0417080431150821,0.14224));
#5733=CARTESIAN_POINT('',(-0.0202492085574501,0.0417080431150821,0.145542));
#5734=CARTESIAN_POINT('',(-0.02159,0.0446542556298886,0.145542));
#5735=CARTESIAN_POINT('',(-0.02159,0.0446542556298886,0.145542));
#5736=CARTESIAN_POINT('',(0.02024920855745,0.041708043115082,0.140462));
#5737=CARTESIAN_POINT('',(0.02024920855745,0.041708043115082,0.14224));
#5738=CARTESIAN_POINT('',(0.02159,0.0446542556298886,0.145542));
#5739=CARTESIAN_POINT('',(0.02159,0.0446542556298886,0.145542));
#5740=CARTESIAN_POINT('',(0.02024920855745,0.041708043115082,0.145542));
#5741=CARTESIAN_POINT('',(0.041708043115082,0.02024920855745,0.140462));
#5742=CARTESIAN_POINT('',(0.041708043115082,0.02024920855745,0.14224));
#5743=CARTESIAN_POINT('',(0.041708043115082,0.02024920855745,0.145542));
#5744=CARTESIAN_POINT('',(0.0446542556298886,0.02159,0.145542));
#5745=CARTESIAN_POINT('',(0.0446542556298886,0.02159,0.145542));
#5746=CARTESIAN_POINT('',(0.041708043115082,-0.02024920855745,0.140462));
#5747=CARTESIAN_POINT('',(0.041708043115082,-0.02024920855745,0.14224));
#5748=CARTESIAN_POINT('',(0.041708043115082,-0.02024920855745,0.158242));
#5749=CARTESIAN_POINT('',(0.0446542556298886,-0.02159,0.158242));
#5750=CARTESIAN_POINT('',(0.0446542556298886,-0.02159,0.145542));
#5751=CARTESIAN_POINT('',(0.0446542556298886,-0.02159,0.145542));
#5752=CARTESIAN_POINT('',(0.041708043115082,-0.02024920855745,0.145542));
#5753=CARTESIAN_POINT('',(0.0202492085574501,-0.0417080431150822,0.140462));
#5754=CARTESIAN_POINT('',(0.0202492085574501,-0.0417080431150822,0.14224));
#5755=CARTESIAN_POINT('',(0.0202492085574501,-0.0417080431150822,0.145542));
#5756=CARTESIAN_POINT('',(0.02159,-0.0446542556298886,0.145542));
#5757=CARTESIAN_POINT('',(0.02159,-0.0446542556298886,0.145542));
#5758=CARTESIAN_POINT('',(0.02159,-0.0446542556298886,0.158242));
#5759=CARTESIAN_POINT('',(0.0202492085574501,-0.0417080431150822,0.158242));
#5760=CARTESIAN_POINT('',(-0.01397,-0.0427225,0.031242));
#5761=CARTESIAN_POINT('',(-0.01397,0.,0.14224));
#5762=CARTESIAN_POINT('',(-0.01397,-0.0405,0.14224));
#5763=CARTESIAN_POINT('',(-0.01397,-0.0405,0.031242));
#5764=CARTESIAN_POINT('',(-0.01397,-0.0405,0.158242));
#5765=CARTESIAN_POINT('',(-0.01397,-0.0427225,0.158242));
#5766=CARTESIAN_POINT('',(-0.006985,-0.0405,0.031242));
#5767=CARTESIAN_POINT('',(-1.12757025938492E-17,-0.0405,0.146812));
#5768=CARTESIAN_POINT('',(0.00254,-0.0405,0.146812));
#5769=CARTESIAN_POINT('',(-0.00254,-0.0405,0.146812));
#5770=CARTESIAN_POINT('',(-0.00254,-0.0405,0.151430181818182));
#5771=CARTESIAN_POINT('',(-0.00254,-0.0405,0.151892));
#5772=CARTESIAN_POINT('',(0.00127,-0.0405,0.151892));
#5773=CARTESIAN_POINT('',(0.00254,-0.0405,0.151892));
#5774=CARTESIAN_POINT('',(0.00254,-0.0405,0.151430181818182));
#5775=CARTESIAN_POINT('',(0.,-0.0405,0.14224));
#5776=CARTESIAN_POINT('',(0.01397,-0.0405,0.14224));
#5777=CARTESIAN_POINT('',(0.01397,-0.0405,0.031242));
#5778=CARTESIAN_POINT('',(0.01397,-0.0405,0.158242));
#5779=CARTESIAN_POINT('',(-0.006985,-0.0405,0.158242));
#5780=CARTESIAN_POINT('',(-0.006985,-0.0405,0.158242));
#5781=CARTESIAN_POINT('',(0.01397,-0.0427225,0.031242));
#5782=CARTESIAN_POINT('',(0.01397,0.,0.14224));
#5783=CARTESIAN_POINT('',(0.01397,-0.0427225,0.158242));
#5784=CARTESIAN_POINT('',(0.0405,-0.006985,0.031242));
#5785=CARTESIAN_POINT('',(0.0405,0.00254,0.151430181818182));
#5786=CARTESIAN_POINT('',(0.0405,0.00254,0.146812));
#5787=CARTESIAN_POINT('',(0.0405,0.00254,0.151892));
#5788=CARTESIAN_POINT('',(0.0405,-1.47451495458029E-17,0.146812));
#5789=CARTESIAN_POINT('',(0.0405,-0.00254,0.146812));
#5790=CARTESIAN_POINT('',(0.0405,-0.00254,0.151430181818182));
#5791=CARTESIAN_POINT('',(0.0405,-0.00254,0.151892));
#5792=CARTESIAN_POINT('',(0.0405,0.00126999999999999,0.151892));
#5793=CARTESIAN_POINT('',(0.0405,0.,0.14224));
#5794=CARTESIAN_POINT('',(0.0405,-0.01397,0.14224));
#5795=CARTESIAN_POINT('',(0.0405,0.01397,0.14224));
#5796=CARTESIAN_POINT('',(0.0405,0.01397,0.031242));
#5797=CARTESIAN_POINT('',(0.0405,-0.006985,0.158242));
#5798=CARTESIAN_POINT('',(0.0405,-0.01397,0.158242));
#5799=CARTESIAN_POINT('',(0.0405,-0.01397,0.031242));
#5800=CARTESIAN_POINT('',(0.0427225,0.01397,0.031242));
#5801=CARTESIAN_POINT('',(0.,0.01397,0.14224));
#5802=CARTESIAN_POINT('',(0.0427225,-0.01397,0.031242));
#5803=CARTESIAN_POINT('',(0.,-0.01397,0.14224));
#5804=CARTESIAN_POINT('',(0.0427225,-0.01397,0.158242));
#5805=CARTESIAN_POINT('',(-0.0427225,0.01397,0.031242));
#5806=CARTESIAN_POINT('',(0.,0.01397,0.14224));
#5807=CARTESIAN_POINT('',(-0.0405,0.01397,0.14224));
#5808=CARTESIAN_POINT('',(-0.0405,0.01397,0.031242));
#5809=CARTESIAN_POINT('',(-0.0405,0.006985,0.031242));
#5810=CARTESIAN_POINT('',(-0.0405,2.16840434497101E-17,0.146812));
#5811=CARTESIAN_POINT('',(-0.0405,-0.00254,0.146812));
#5812=CARTESIAN_POINT('',(-0.0405,0.00254,0.146812));
#5813=CARTESIAN_POINT('',(-0.0405,0.00254,0.147273818181818));
#5814=CARTESIAN_POINT('',(-0.0405,0.00254,0.151892));
#5815=CARTESIAN_POINT('',(-0.0405,-0.00126999999999998,0.151892));
#5816=CARTESIAN_POINT('',(-0.0405,-0.00254,0.151892));
#5817=CARTESIAN_POINT('',(-0.0405,-0.00254,0.151430181818182));
#5818=CARTESIAN_POINT('',(-0.0405,0.,0.14224));
#5819=CARTESIAN_POINT('',(-0.0405,-0.01397,0.14224));
#5820=CARTESIAN_POINT('',(-0.0405,-0.01397,0.031242));
#5821=CARTESIAN_POINT('',(-0.0405,-0.01397,0.158242));
#5822=CARTESIAN_POINT('',(-0.0405,0.006985,0.158242));
#5823=CARTESIAN_POINT('',(-0.0427225,-0.01397,0.031242));
#5824=CARTESIAN_POINT('',(5.45198806735567E-18,-0.01397,0.14224));
#5825=CARTESIAN_POINT('',(-0.0427225,-0.01397,0.158242));
#5826=CARTESIAN_POINT('',(-0.01397,0.0427225,0.031242));
#5827=CARTESIAN_POINT('',(-0.01397,-5.45198806735564E-18,0.14224));
#5828=CARTESIAN_POINT('',(0.01397,0.0427225,0.031242));
#5829=CARTESIAN_POINT('',(0.01397,-5.45198806735564E-18,0.14224));
#5830=CARTESIAN_POINT('',(0.,0.,0.158242));
#5831=CARTESIAN_POINT('',(-0.00254,0.,0.158242));
#5832=CARTESIAN_POINT('',(0.,0.,0.158242));
#5833=CARTESIAN_POINT('',(-0.0425771278149444,-0.02159,0.158242));
#5834=CARTESIAN_POINT('',(-0.0373374218023448,-0.02159,0.158242));
#5835=CARTESIAN_POINT('',(-0.0355558278208153,-0.0233715939815296,0.158242));
#5836=CARTESIAN_POINT('',(-0.02159,-0.0373374218023448,0.158242));
#5837=CARTESIAN_POINT('',(-0.02159,-0.039484,0.158242));
#5838=CARTESIAN_POINT('',(0.,0.,0.158242));
#5839=CARTESIAN_POINT('',(0.02159,-0.039484,0.158242));
#5840=CARTESIAN_POINT('',(0.02159,-0.0373374218023448,0.158242));
#5841=CARTESIAN_POINT('',(0.0355558278208152,-0.0233715939815296,0.158242));
#5842=CARTESIAN_POINT('',(0.0373374218023448,-0.02159,0.158242));
#5843=CARTESIAN_POINT('',(0.039484,-0.02159,0.158242));
#5844=CARTESIAN_POINT('',(-0.162954,-6.8906734361908E-18,0.149352));
#5845=CARTESIAN_POINT('',(-0.04304,-6.8906734361908E-18,0.149352));
#5846=CARTESIAN_POINT('',(-0.04304,-6.8906734361908E-18,0.150927));
#5847=CARTESIAN_POINT('',(-0.162954,-6.8906734361908E-18,0.149352));
#5848=CARTESIAN_POINT('',(0.04304,-6.8906734361908E-18,0.149352));
#5849=CARTESIAN_POINT('',(0.04304,-6.8906734361908E-18,0.147777));
#5850=CARTESIAN_POINT('',(5.45725204832825E-18,-0.105296,0.149352));
#5851=CARTESIAN_POINT('',(5.45725204832825E-18,0.0403534244309999,0.149352));
#5852=CARTESIAN_POINT('',(5.12317084812992E-18,0.0403809161582619,0.147777));
#5853=CARTESIAN_POINT('',(5.45725204832825E-18,0.04304,0.149352));
#5854=CARTESIAN_POINT('',(5.45725204832825E-18,0.04304,0.150927));
#5855=CARTESIAN_POINT('',(5.45725204832825E-18,-0.105296,0.149352));
#5856=CARTESIAN_POINT('',(5.45725204832825E-18,-0.04304,0.149352));
#5857=CARTESIAN_POINT('',(5.45725204832825E-18,-0.04304,0.147777));
#5858=CARTESIAN_POINT('',(-0.039484,0.02159,0.145542));
#5859=CARTESIAN_POINT('',(-0.0409499437266829,0.02159,0.151892));
#5860=CARTESIAN_POINT('',(-0.0432999437266829,0.02159,0.151892));
#5861=CARTESIAN_POINT('',(-0.037291526812911,0.02159,0.145542));
#5862=CARTESIAN_POINT('',(-0.037291526812911,0.02159,0.145542));
#5863=CARTESIAN_POINT('',(-0.039484,0.02159,0.145542));
#5864=CARTESIAN_POINT('',(-0.0233601202341711,0.0355214065787399,0.145542));
#5865=CARTESIAN_POINT('',(-0.02159,0.0372915268129111,0.145542));
#5866=CARTESIAN_POINT('',(-0.02159,0.0372915268129111,0.145542));
#5867=CARTESIAN_POINT('',(-0.0233601202341711,0.0355214065787399,0.145542));
#5868=CARTESIAN_POINT('',(-0.02159,0.0378797634064556,0.145542));
#5869=CARTESIAN_POINT('',(-0.02159,0.0409958387161167,0.151892));
#5870=CARTESIAN_POINT('',(-0.02159,0.0409958387161167,0.154242));
#5871=CARTESIAN_POINT('',(-0.02159,0.0378797634064556,0.145542));
#5872=CARTESIAN_POINT('',(-1.38777878078145E-17,1.38777878078145E-17,0.145542));
#5873=CARTESIAN_POINT('',(-0.02159,-0.039484,0.145542));
#5874=CARTESIAN_POINT('',(-0.02159,-0.0409958387161167,0.151892));
#5875=CARTESIAN_POINT('',(-0.02159,-0.0409958387161167,0.154242));
#5876=CARTESIAN_POINT('',(-0.02159,-0.0373374218023448,0.145542));
#5877=CARTESIAN_POINT('',(-0.02159,-0.0373374218023448,0.145542));
#5878=CARTESIAN_POINT('',(-0.02159,-0.039484,0.145542));
#5879=CARTESIAN_POINT('',(-0.0355558278208153,-0.0233715939815296,0.145542));
#5880=CARTESIAN_POINT('',(-0.0373374218023448,-0.02159,0.145542));
#5881=CARTESIAN_POINT('',(-0.0373374218023448,-0.02159,0.145542));
#5882=CARTESIAN_POINT('',(-0.0355558278208153,-0.0233715939815296,0.145542));
#5883=CARTESIAN_POINT('',(-0.0425771278149444,-0.02159,0.145542));
#5884=CARTESIAN_POINT('',(-0.0409958387161167,-0.02159,0.151892));
#5885=CARTESIAN_POINT('',(-0.0409958387161167,-0.02159,0.149542));
#5886=CARTESIAN_POINT('',(-0.0425771278149444,-0.02159,0.145542));
#5887=CARTESIAN_POINT('',(-1.38777878078145E-17,1.38777878078145E-17,0.145542));
#5888=CARTESIAN_POINT('',(0.039484,-0.02159,0.145542));
#5889=CARTESIAN_POINT('',(0.0409958387161167,-0.02159,0.151892));
#5890=CARTESIAN_POINT('',(0.0409958387161167,-0.02159,0.149542));
#5891=CARTESIAN_POINT('',(0.0373374218023448,-0.02159,0.145542));
#5892=CARTESIAN_POINT('',(0.0373374218023448,-0.02159,0.145542));
#5893=CARTESIAN_POINT('',(0.039484,-0.02159,0.145542));
#5894=CARTESIAN_POINT('',(0.0355558278208152,-0.0233715939815296,0.145542));
#5895=CARTESIAN_POINT('',(0.02159,-0.0373374218023448,0.145542));
#5896=CARTESIAN_POINT('',(0.02159,-0.0373374218023448,0.145542));
#5897=CARTESIAN_POINT('',(0.0355558278208152,-0.0233715939815296,0.145542));
#5898=CARTESIAN_POINT('',(0.02159,-0.039484,0.145542));
#5899=CARTESIAN_POINT('',(0.02159,-0.0409958387161167,0.151892));
#5900=CARTESIAN_POINT('',(0.02159,-0.0409958387161167,0.149542));
#5901=CARTESIAN_POINT('',(0.02159,-0.039484,0.145542));
#5902=CARTESIAN_POINT('',(-1.38777878078145E-17,1.38777878078145E-17,0.145542));
#5903=CARTESIAN_POINT('',(0.0425771278149444,0.02159,0.145542));
#5904=CARTESIAN_POINT('',(0.0409958387161167,0.02159,0.151892));
#5905=CARTESIAN_POINT('',(0.0409958387161167,0.02159,0.154242));
#5906=CARTESIAN_POINT('',(0.0425771278149444,0.02159,0.145542));
#5907=CARTESIAN_POINT('',(0.0373374218023448,0.02159,0.145542));
#5908=CARTESIAN_POINT('',(0.0373374218023448,0.02159,0.145542));
#5909=CARTESIAN_POINT('',(0.02159,0.039484,0.145542));
#5910=CARTESIAN_POINT('',(0.02159,0.0409958387161167,0.151892));
#5911=CARTESIAN_POINT('',(0.02159,0.0409958387161167,0.149542));
#5912=CARTESIAN_POINT('',(0.02159,0.0373374218023448,0.145542));
#5913=CARTESIAN_POINT('',(0.02159,0.0373374218023448,0.145542));
#5914=CARTESIAN_POINT('',(0.02159,0.039484,0.145542));
#5915=CARTESIAN_POINT('',(0.0355558278208153,0.0233715939815296,0.145542));
#5916=CARTESIAN_POINT('',(0.0355558278208153,0.0233715939815296,0.145542));
#5917=CARTESIAN_POINT('',(-1.38777878078145E-17,1.38777878078145E-17,0.145542));
#5918=CARTESIAN_POINT('',(-0.0409958387161167,-0.01739,0.151892));
#5919=CARTESIAN_POINT('',(-0.0409958387161167,-0.01739,0.151892));
#5920=CARTESIAN_POINT('',(-0.0409958387161167,-0.01739,0.149542));
#5921=CARTESIAN_POINT('',(-0.0409958387161167,-0.01739,0.151892));
#5922=CARTESIAN_POINT('',(-0.01739,-0.0409958387161167,0.151892));
#5923=CARTESIAN_POINT('',(-0.01739,-0.0409958387161167,0.151892));
#5924=CARTESIAN_POINT('',(-0.01739,-0.0409958387161167,0.154242));
#5925=CARTESIAN_POINT('',(-0.01739,-0.0409958387161167,0.151892));
#5926=CARTESIAN_POINT('',(0.01739,-0.0409958387161167,0.151892));
#5927=CARTESIAN_POINT('',(0.01739,-0.0409958387161167,0.151892));
#5928=CARTESIAN_POINT('',(0.01739,-0.0409958387161167,0.149542));
#5929=CARTESIAN_POINT('',(0.01739,-0.0409958387161167,0.151892));
#5930=CARTESIAN_POINT('',(0.0409958387161167,-0.01739,0.151892));
#5931=CARTESIAN_POINT('',(0.0409958387161167,-0.01739,0.151892));
#5932=CARTESIAN_POINT('',(0.0409958387161167,-0.01739,0.149542));
#5933=CARTESIAN_POINT('',(0.0409958387161167,-0.01739,0.151892));
#5934=CARTESIAN_POINT('',(0.0409958387161167,0.01739,0.151892));
#5935=CARTESIAN_POINT('',(0.0409958387161167,0.01739,0.151892));
#5936=CARTESIAN_POINT('',(0.0409958387161167,0.01739,0.154242));
#5937=CARTESIAN_POINT('',(0.0409958387161167,0.01739,0.151892));
#5938=CARTESIAN_POINT('',(0.01739,0.0409958387161167,0.151892));
#5939=CARTESIAN_POINT('',(0.0199884567409754,0.0409958387161167,0.151892));
#5940=CARTESIAN_POINT('',(0.0199884567409754,0.0402700743829363,0.154127121055488));
#5941=CARTESIAN_POINT('',(0.0199884567409754,0.0403485210988642,0.149632911709916));
#5942=CARTESIAN_POINT('',(0.01739,0.0402700743829363,0.154127121055488));
#5943=CARTESIAN_POINT('',(0.01739,0.0402700743829363,0.154127121055488));
#5944=CARTESIAN_POINT('',(0.01739,0.0409958387161167,0.151892));
#5945=CARTESIAN_POINT('',(0.01739,0.0403485210988642,0.149632911709916));
#5946=CARTESIAN_POINT('',(0.01739,0.0403485210988642,0.149632911709916));
#5947=CARTESIAN_POINT('',(0.01739,0.0409958387161167,0.151892));
#5948=CARTESIAN_POINT('',(0.01739,0.0403092977409003,0.151880016382702));
#5949=CARTESIAN_POINT('',(-0.01739,0.0409958387161167,0.151892));
#5950=CARTESIAN_POINT('',(-0.0175718907266856,0.0409958387161167,0.151892));
#5951=CARTESIAN_POINT('',(-0.0175718907266856,0.0402700743829363,0.154127121055488));
#5952=CARTESIAN_POINT('',(-0.0175718907266856,0.0403485210988642,0.149632911709916));
#5953=CARTESIAN_POINT('',(-0.01739,0.0403485210988642,0.149632911709916));
#5954=CARTESIAN_POINT('',(-0.01739,0.0403485210988642,0.149632911709916));
#5955=CARTESIAN_POINT('',(-0.01739,0.0409958387161167,0.151892));
#5956=CARTESIAN_POINT('',(-0.01739,0.0402700743829363,0.154127121055488));
#5957=CARTESIAN_POINT('',(-0.01739,0.0402700743829363,0.154127121055488));
#5958=CARTESIAN_POINT('',(-0.01739,0.0409728912213998,0.151892));
#5959=CARTESIAN_POINT('',(-0.01739,0.0403092907514034,0.15188041681071));
#5960=CARTESIAN_POINT('',(-0.0409499437266829,0.01739,0.151892));
#5961=CARTESIAN_POINT('',(-0.0409499437266829,0.01739,0.151892));
#5962=CARTESIAN_POINT('',(-0.0432999437266829,0.01739,0.151892));
#5963=CARTESIAN_POINT('',(-0.0409728912213998,0.01739,0.151892));
#5964=CARTESIAN_POINT('',(8.67361737988404E-18,0.04304,0.146812));
#5965=CARTESIAN_POINT('',(-0.00254,0.04304,0.146812));
#5966=CARTESIAN_POINT('',(-0.00254,0.04304,0.146812));
#5967=CARTESIAN_POINT('',(8.67361737988404E-18,0.04304,0.146812));
#5968=CARTESIAN_POINT('',(0.00254,0.04304,0.146812));
#5969=CARTESIAN_POINT('',(0.00254,0.04304,0.146812));
#5970=CARTESIAN_POINT('',(-0.00254,0.04304,0.151430181818182));
#5971=CARTESIAN_POINT('',(-0.00254,0.04304,0.151892));
#5972=CARTESIAN_POINT('',(-0.00254,0.04304,0.151892));
#5973=CARTESIAN_POINT('',(-0.00254,0.04304,0.151430181818182));
#5974=CARTESIAN_POINT('',(-0.00127,0.04304,0.151892));
#5975=CARTESIAN_POINT('',(0.00254,0.04304,0.151892));
#5976=CARTESIAN_POINT('',(0.00254,0.04304,0.151892));
#5977=CARTESIAN_POINT('',(-0.00127,0.04304,0.151892));
#5978=CARTESIAN_POINT('',(0.00254,0.04304,0.151430181818182));
#5979=CARTESIAN_POINT('',(0.00254,0.04304,0.151430181818182));
#5980=CARTESIAN_POINT('',(3.46944695195361E-18,0.04304,0.149352));
#5981=CARTESIAN_POINT('',(-0.04304,2.16840434497101E-17,0.146812));
#5982=CARTESIAN_POINT('',(-0.04304,-0.00254,0.146812));
#5983=CARTESIAN_POINT('',(-0.04304,-0.00254,0.146812));
#5984=CARTESIAN_POINT('',(-0.04304,2.16840434497101E-17,0.146812));
#5985=CARTESIAN_POINT('',(-0.04304,0.00254,0.146812));
#5986=CARTESIAN_POINT('',(-0.04304,0.00254,0.146812));
#5987=CARTESIAN_POINT('',(-0.04304,-0.00254,0.151430181818182));
#5988=CARTESIAN_POINT('',(-0.04304,-0.00254,0.151892));
#5989=CARTESIAN_POINT('',(-0.04304,-0.00254,0.151892));
#5990=CARTESIAN_POINT('',(-0.04304,-0.00254,0.151430181818182));
#5991=CARTESIAN_POINT('',(-0.04304,-0.00126999999999998,0.151892));
#5992=CARTESIAN_POINT('',(-0.04304,0.00254,0.151892));
#5993=CARTESIAN_POINT('',(-0.04304,0.00254,0.151892));
#5994=CARTESIAN_POINT('',(-0.04304,-0.00126999999999998,0.151892));
#5995=CARTESIAN_POINT('',(-0.04304,0.00254,0.147273818181818));
#5996=CARTESIAN_POINT('',(-0.04304,0.00254,0.147273818181818));
#5997=CARTESIAN_POINT('',(-0.04304,1.04083408558608E-17,0.149352));
#5998=CARTESIAN_POINT('',(-1.12757025938492E-17,-0.04304,0.146812));
#5999=CARTESIAN_POINT('',(0.00254,-0.04304,0.146812));
#6000=CARTESIAN_POINT('',(0.00254,-0.04304,0.146812));
#6001=CARTESIAN_POINT('',(-1.12757025938492E-17,-0.04304,0.146812));
#6002=CARTESIAN_POINT('',(-0.00254,-0.04304,0.146812));
#6003=CARTESIAN_POINT('',(-0.00254,-0.04304,0.146812));
#6004=CARTESIAN_POINT('',(0.00254,-0.04304,0.151430181818182));
#6005=CARTESIAN_POINT('',(0.00254,-0.04304,0.151892));
#6006=CARTESIAN_POINT('',(0.00254,-0.04304,0.151892));
#6007=CARTESIAN_POINT('',(0.00254,-0.04304,0.151430181818182));
#6008=CARTESIAN_POINT('',(0.00127,-0.04304,0.151892));
#6009=CARTESIAN_POINT('',(-0.00254,-0.04304,0.151892));
#6010=CARTESIAN_POINT('',(-0.00254,-0.04304,0.151892));
#6011=CARTESIAN_POINT('',(0.00127,-0.04304,0.151892));
#6012=CARTESIAN_POINT('',(-0.00254,-0.04304,0.151430181818182));
#6013=CARTESIAN_POINT('',(-0.00254,-0.04304,0.151430181818182));
#6014=CARTESIAN_POINT('',(-3.46944695195361E-18,-0.04304,0.149352));
#6015=CARTESIAN_POINT('',(0.04304,-1.47451495458029E-17,0.146812));
#6016=CARTESIAN_POINT('',(0.04304,0.00254,0.146812));
#6017=CARTESIAN_POINT('',(0.04304,0.00254,0.146812));
#6018=CARTESIAN_POINT('',(0.04304,-1.47451495458029E-17,0.146812));
#6019=CARTESIAN_POINT('',(0.04304,-0.00254,0.146812));
#6020=CARTESIAN_POINT('',(0.04304,-0.00254,0.146812));
#6021=CARTESIAN_POINT('',(0.04304,0.00254,0.151430181818182));
#6022=CARTESIAN_POINT('',(0.04304,0.00254,0.151892));
#6023=CARTESIAN_POINT('',(0.04304,0.00254,0.151892));
#6024=CARTESIAN_POINT('',(0.04304,0.00254,0.151430181818182));
#6025=CARTESIAN_POINT('',(0.04304,0.00126999999999999,0.151892));
#6026=CARTESIAN_POINT('',(0.04304,-0.00254,0.151892));
#6027=CARTESIAN_POINT('',(0.04304,-0.00254,0.151892));
#6028=CARTESIAN_POINT('',(0.04304,0.00126999999999999,0.151892));
#6029=CARTESIAN_POINT('',(0.04304,-0.00254,0.151430181818182));
#6030=CARTESIAN_POINT('',(0.04304,-0.00254,0.151430181818182));
#6031=CARTESIAN_POINT('',(0.04304,-8.67361737988404E-18,0.149352));
#6032=CARTESIAN_POINT('',(-1.38777878078145E-17,0.,0.176022));
#6033=CARTESIAN_POINT('',(0.,0.,0.14224));
#6034=CARTESIAN_POINT('',(-0.00254,0.0151,0.170748848411721));
#6035=CARTESIAN_POINT('',(-0.00254,0.0151,0.154238848411722));
#6036=CARTESIAN_POINT('',(-0.00254,0.04558,0.154238848411722));
#6037=CARTESIAN_POINT('',(-0.00254,0.04558,0.154238848411722));
#6038=CARTESIAN_POINT('',(-0.00254,0.04558,0.166938848411722));
#6039=CARTESIAN_POINT('',(-0.00254,0.0405,0.170748848411721));
#6040=CARTESIAN_POINT('',(-0.00254,0.04558,0.174558848411722));
#6041=CARTESIAN_POINT('',(-0.00254,0.0151,0.174558848411722));
#6042=CARTESIAN_POINT('',(-0.00254,0.043675,0.170748848411721));
#6043=CARTESIAN_POINT('',(-0.00254,0.043675,0.168348848411721));
#6044=CARTESIAN_POINT('',(-0.00889,0.0151,0.170748848411721));
#6045=CARTESIAN_POINT('',(-0.00889,0.0399723629587862,0.171182997122086));
#6046=CARTESIAN_POINT('',(-0.00889,0.0400464448500906,0.166938848411722));
#6047=CARTESIAN_POINT('',(-0.00889,0.0151,0.174558848411722));
#6048=CARTESIAN_POINT('',(-0.00889,0.04558,0.174558848411722));
#6049=CARTESIAN_POINT('',(-0.00889,0.0405,0.170748848411721));
#6050=CARTESIAN_POINT('',(-0.00889,0.04558,0.166938848411722));
#6051=CARTESIAN_POINT('',(-0.00889,0.04558,0.154238848411722));
#6052=CARTESIAN_POINT('',(-0.00889,0.04558,0.154238848411722));
#6053=CARTESIAN_POINT('',(-0.00889,0.0151,0.154238848411722));
#6054=CARTESIAN_POINT('',(-0.00889,0.0401756509526336,0.159536635754569));
#6055=CARTESIAN_POINT('',(-0.00889,0.0402681241746789,0.154238848411722));
#6056=CARTESIAN_POINT('',(-0.00889,0.0151,0.154238848411722));
#6057=CARTESIAN_POINT('',(-0.00889,0.0400464448500906,0.154238848411722));
#6058=CARTESIAN_POINT('',(-0.00889,0.0400464448500906,0.154238848411722));
#6059=CARTESIAN_POINT('',(-0.00889,0.043675,0.170748848411721));
#6060=CARTESIAN_POINT('',(-0.00889,0.043675,0.173148848411722));
#6061=CARTESIAN_POINT('',(-0.005715,0.0151,0.174558848411722));
#6062=CARTESIAN_POINT('',(0.01651,0.04558,0.174558848411722));
#6063=CARTESIAN_POINT('',(0.01651,0.0405,0.170748848411721));
#6064=CARTESIAN_POINT('',(0.01651,0.04558,0.166938848411722));
#6065=CARTESIAN_POINT('',(0.01651,0.043675,0.170748848411721));
#6066=CARTESIAN_POINT('',(0.0151,0.00254,0.170748848411721));
#6067=CARTESIAN_POINT('',(0.0151,0.00254,0.166938848411722));
#6068=CARTESIAN_POINT('',(0.04558,0.00254,0.166938848411722));
#6069=CARTESIAN_POINT('',(0.0405,0.00254,0.170748848411721));
#6070=CARTESIAN_POINT('',(0.04558,0.00254,0.174558848411722));
#6071=CARTESIAN_POINT('',(0.0151,0.00254,0.174558848411722));
#6072=CARTESIAN_POINT('',(0.043675,0.00254,0.170748848411721));
#6073=CARTESIAN_POINT('',(0.043675,0.00254,0.168348848411721));
#6074=CARTESIAN_POINT('',(0.0151,0.005715,0.166938848411722));
#6075=CARTESIAN_POINT('',(0.0151,0.00889,0.166938848411722));
#6076=CARTESIAN_POINT('',(0.04558,0.00889,0.166938848411722));
#6077=CARTESIAN_POINT('',(0.04558,-0.01651,0.166938848411722));
#6078=CARTESIAN_POINT('',(0.0151,0.00889,0.170748848411721));
#6079=CARTESIAN_POINT('',(0.0151,0.00889,0.174558848411722));
#6080=CARTESIAN_POINT('',(0.04558,0.00889,0.174558848411722));
#6081=CARTESIAN_POINT('',(0.0405,0.00889,0.170748848411721));
#6082=CARTESIAN_POINT('',(0.043675,0.00889,0.170748848411721));
#6083=CARTESIAN_POINT('',(0.043675,0.00889,0.173148848411722));
#6084=CARTESIAN_POINT('',(0.0151,0.005715,0.174558848411722));
#6085=CARTESIAN_POINT('',(0.04558,-0.01651,0.174558848411722));
#6086=CARTESIAN_POINT('',(0.0405,-0.01651,0.170748848411721));
#6087=CARTESIAN_POINT('',(0.043675,-0.01651,0.170748848411721));
#6088=CARTESIAN_POINT('',(0.0151,-0.00254,0.170748848411721));
#6089=CARTESIAN_POINT('',(0.0151,-0.00254,0.166938848411722));
#6090=CARTESIAN_POINT('',(0.04558,-0.00254,0.166938848411722));
#6091=CARTESIAN_POINT('',(0.0151,-0.00254,0.174558848411722));
#6092=CARTESIAN_POINT('',(0.04558,-0.00254,0.174558848411722));
#6093=CARTESIAN_POINT('',(0.0405,-0.00254,0.170748848411721));
#6094=CARTESIAN_POINT('',(0.043675,-0.00254,0.170748848411721));
#6095=CARTESIAN_POINT('',(0.043675,-0.00254,0.168348848411721));
#6096=CARTESIAN_POINT('',(0.0151,-0.005715,0.174558848411722));
#6097=CARTESIAN_POINT('',(0.0151,-0.00889,0.174558848411722));
#6098=CARTESIAN_POINT('',(0.04558,-0.00889,0.174558848411722));
#6099=CARTESIAN_POINT('',(0.04558,0.01651,0.174558848411722));
#6100=CARTESIAN_POINT('',(0.0151,-0.00889,0.170748848411721));
#6101=CARTESIAN_POINT('',(0.0151,-0.00889,0.166938848411722));
#6102=CARTESIAN_POINT('',(0.04558,-0.00889,0.166938848411722));
#6103=CARTESIAN_POINT('',(0.0405,-0.00889,0.170748848411721));
#6104=CARTESIAN_POINT('',(0.043675,-0.00889,0.170748848411721));
#6105=CARTESIAN_POINT('',(0.043675,-0.00889,0.168348848411721));
#6106=CARTESIAN_POINT('',(0.0151,-0.005715,0.166938848411722));
#6107=CARTESIAN_POINT('',(0.04558,0.01651,0.166938848411722));
#6108=CARTESIAN_POINT('',(0.0405,0.01651,0.170748848411721));
#6109=CARTESIAN_POINT('',(0.043675,0.01651,0.170748848411721));
#6110=CARTESIAN_POINT('',(-0.0151,0.00254,0.170748848411721));
#6111=CARTESIAN_POINT('',(-0.0151,0.00254,0.166938848411722));
#6112=CARTESIAN_POINT('',(-0.04558,0.00254,0.166938848411722));
#6113=CARTESIAN_POINT('',(-0.0151,0.00254,0.174558848411722));
#6114=CARTESIAN_POINT('',(-0.04558,0.00254,0.174558848411722));
#6115=CARTESIAN_POINT('',(-0.0405,0.00254,0.170748848411721));
#6116=CARTESIAN_POINT('',(-0.043675,0.00254,0.170748848411721));
#6117=CARTESIAN_POINT('',(-0.043675,0.00254,0.168348848411721));
#6118=CARTESIAN_POINT('',(-0.0151,0.005715,0.174558848411722));
#6119=CARTESIAN_POINT('',(-0.0151,0.00889,0.174558848411722));
#6120=CARTESIAN_POINT('',(-0.04558,0.00889,0.174558848411722));
#6121=CARTESIAN_POINT('',(-0.04558,-0.01651,0.174558848411722));
#6122=CARTESIAN_POINT('',(-0.0151,0.00889,0.170748848411721));
#6123=CARTESIAN_POINT('',(-0.0151,0.00889,0.166938848411722));
#6124=CARTESIAN_POINT('',(-0.04558,0.00889,0.166938848411722));
#6125=CARTESIAN_POINT('',(-0.0405,0.00889,0.170748848411721));
#6126=CARTESIAN_POINT('',(-0.043675,0.00889,0.170748848411721));
#6127=CARTESIAN_POINT('',(-0.043675,0.00889,0.168348848411721));
#6128=CARTESIAN_POINT('',(-0.0151,0.005715,0.166938848411722));
#6129=CARTESIAN_POINT('',(-0.04558,-0.01651,0.166938848411722));
#6130=CARTESIAN_POINT('',(-0.0405,-0.01651,0.170748848411721));
#6131=CARTESIAN_POINT('',(-0.043675,-0.01651,0.170748848411721));
#6132=CARTESIAN_POINT('',(-0.0151,-0.00254,0.170748848411721));
#6133=CARTESIAN_POINT('',(-0.0151,-0.00254,0.166938848411722));
#6134=CARTESIAN_POINT('',(-0.04558,-0.00254,0.166938848411722));
#6135=CARTESIAN_POINT('',(-0.0405,-0.00254,0.170748848411721));
#6136=CARTESIAN_POINT('',(-0.04558,-0.00254,0.174558848411722));
#6137=CARTESIAN_POINT('',(-0.0151,-0.00254,0.174558848411722));
#6138=CARTESIAN_POINT('',(-0.043675,-0.00254,0.170748848411721));
#6139=CARTESIAN_POINT('',(-0.043675,-0.00254,0.168348848411721));
#6140=CARTESIAN_POINT('',(-0.0151,-0.005715,0.166938848411722));
#6141=CARTESIAN_POINT('',(-0.0151,-0.00889,0.166938848411722));
#6142=CARTESIAN_POINT('',(-0.04558,-0.00889,0.166938848411722));
#6143=CARTESIAN_POINT('',(-0.04558,0.01651,0.166938848411722));
#6144=CARTESIAN_POINT('',(-0.0151,-0.00889,0.170748848411721));
#6145=CARTESIAN_POINT('',(-0.0151,-0.00889,0.174558848411722));
#6146=CARTESIAN_POINT('',(-0.04558,-0.00889,0.174558848411722));
#6147=CARTESIAN_POINT('',(-0.0405,-0.00889,0.170748848411721));
#6148=CARTESIAN_POINT('',(-0.043675,-0.00889,0.170748848411721));
#6149=CARTESIAN_POINT('',(-0.043675,-0.00889,0.173148848411722));
#6150=CARTESIAN_POINT('',(-0.0151,-0.005715,0.174558848411722));
#6151=CARTESIAN_POINT('',(-0.04558,0.01651,0.174558848411722));
#6152=CARTESIAN_POINT('',(-0.0405,0.01651,0.170748848411721));
#6153=CARTESIAN_POINT('',(-0.043675,0.01651,0.170748848411721));
#6154=CARTESIAN_POINT('',(0.00254,-0.0151,0.170748848411721));
#6155=CARTESIAN_POINT('',(0.00254,-0.0151,0.166938848411722));
#6156=CARTESIAN_POINT('',(0.00254,-0.04558,0.166938848411722));
#6157=CARTESIAN_POINT('',(0.00254,-0.0405,0.170748848411721));
#6158=CARTESIAN_POINT('',(0.00254,-0.04558,0.174558848411722));
#6159=CARTESIAN_POINT('',(0.00254,-0.0151,0.174558848411722));
#6160=CARTESIAN_POINT('',(0.00254,-0.043675,0.170748848411721));
#6161=CARTESIAN_POINT('',(0.00254,-0.043675,0.168348848411721));
#6162=CARTESIAN_POINT('',(0.005715,-0.0151,0.166938848411722));
#6163=CARTESIAN_POINT('',(0.00889,-0.0151,0.166938848411722));
#6164=CARTESIAN_POINT('',(0.00889,-0.04558,0.166938848411722));
#6165=CARTESIAN_POINT('',(-0.01651,-0.04558,0.166938848411722));
#6166=CARTESIAN_POINT('',(0.00889,-0.0151,0.170748848411721));
#6167=CARTESIAN_POINT('',(0.00889,-0.0151,0.174558848411722));
#6168=CARTESIAN_POINT('',(0.00889,-0.04558,0.174558848411722));
#6169=CARTESIAN_POINT('',(0.00889,-0.0405,0.170748848411721));
#6170=CARTESIAN_POINT('',(0.00889,-0.043675,0.170748848411721));
#6171=CARTESIAN_POINT('',(0.00889,-0.043675,0.173148848411722));
#6172=CARTESIAN_POINT('',(0.005715,-0.0151,0.174558848411722));
#6173=CARTESIAN_POINT('',(-0.01651,-0.04558,0.174558848411722));
#6174=CARTESIAN_POINT('',(-0.01651,-0.0405,0.170748848411721));
#6175=CARTESIAN_POINT('',(-0.01651,-0.043675,0.170748848411721));
#6176=CARTESIAN_POINT('',(0.01651,-0.0405,0.170748848411721));
#6177=CARTESIAN_POINT('',(-0.00254,-0.0405,0.170748848411721));
#6178=CARTESIAN_POINT('',(-0.00254,-0.04558,0.166938848411722));
#6179=CARTESIAN_POINT('',(-0.00254,-0.04558,0.174558848411722));
#6180=CARTESIAN_POINT('',(0.01651,-0.04558,0.174558848411722));
#6181=CARTESIAN_POINT('',(-0.00889,-0.04558,0.174558848411722));
#6182=CARTESIAN_POINT('',(-0.00889,-0.0405,0.170748848411721));
#6183=CARTESIAN_POINT('',(-0.00889,-0.04558,0.166938848411722));
#6184=CARTESIAN_POINT('',(0.01651,-0.04558,0.166938848411722));
#6185=CARTESIAN_POINT('',(0.01651,-0.043675,0.170748848411721));
#6186=CARTESIAN_POINT('',(-0.00889,-0.043675,0.170748848411721));
#6187=CARTESIAN_POINT('',(-0.00889,-0.043675,0.168348848411721));
#6188=CARTESIAN_POINT('',(-0.00254,-0.043675,0.170748848411721));
#6189=CARTESIAN_POINT('',(-0.00254,-0.043675,0.168348848411721));
#6190=CARTESIAN_POINT('',(-0.00254,-0.0151,0.170748848411721));
#6191=CARTESIAN_POINT('',(-0.00254,-0.0151,0.166938848411722));
#6192=CARTESIAN_POINT('',(-0.00254,-0.0151,0.174558848411722));
#6193=CARTESIAN_POINT('',(-0.005715,-0.0151,0.174558848411722));
#6194=CARTESIAN_POINT('',(-0.00889,-0.0151,0.174558848411722));
#6195=CARTESIAN_POINT('',(-0.00889,-0.0151,0.170748848411721));
#6196=CARTESIAN_POINT('',(-0.00889,-0.0151,0.166938848411722));
#6197=CARTESIAN_POINT('',(-0.005715,-0.0151,0.166938848411722));
#6198=CARTESIAN_POINT('',(0.,2.42480066231176E-18,0.149158848411721));
#6199=CARTESIAN_POINT('',(0.,2.42480066231176E-18,0.149158848411721));
#6200=CARTESIAN_POINT('',(0.,2.42480066231176E-18,0.149158848411721));
#6201=CARTESIAN_POINT('',(0.,2.42480066231176E-18,0.149158848411721));
#6202=CARTESIAN_POINT('',(0.,2.42480066231176E-18,0.149158848411721));
#6203=CARTESIAN_POINT('',(0.,2.42480066231176E-18,0.149158848411721));
#6204=CARTESIAN_POINT('',(0.0202492085574501,0.019545,0.166046583014488));
#6205=CARTESIAN_POINT('',(-0.0175718907266856,0.0401756509526336,0.159536635754569));
#6206=CARTESIAN_POINT('',(-0.0175718907266856,0.040389002743068,0.147313719866736));
#6207=CARTESIAN_POINT('',(-0.0175718907266856,0.040389002743068,0.147313719866736));
#6208=CARTESIAN_POINT('',(-0.0175718907266856,0.0401756509526336,0.159536635754569));
#6209=CARTESIAN_POINT('',(-0.0175718907266856,0.0401756509526336,0.159536635754569));
#6210=CARTESIAN_POINT('',(0.00120828300714493,0.0401756509526336,0.159536635754569));
#6211=CARTESIAN_POINT('',(0.00120828300714493,0.0402681241746789,0.154238848411722));
#6212=CARTESIAN_POINT('',(0.00432760620350541,0.0402681241746789,0.154238848411722));
#6213=CARTESIAN_POINT('',(-7.1893116043637E-18,-1.04083408558608E-16,2.46119813732165));
#6214=CARTESIAN_POINT('',(0.00604419182923874,0.0400464448500906,0.166938848411722));
#6215=CARTESIAN_POINT('',(0.005715,0.0400464448500906,0.166938848411722));
#6216=CARTESIAN_POINT('',(-0.005715,0.0400464448500906,0.166938848411722));
#6217=CARTESIAN_POINT('',(-0.00604419182923875,0.0400464448500906,0.166938848411722));
#6218=CARTESIAN_POINT('',(-7.1893116043637E-18,-1.04083408558608E-16,2.46119813732165));
#6219=CARTESIAN_POINT('',(-0.0043276062035055,0.0402681241746789,0.154238848411722));
#6220=CARTESIAN_POINT('',(0.0012082830071449,0.0402681241746789,0.154238848411722));
#6221=CARTESIAN_POINT('',(0.00120828300714493,0.040389002743068,0.147313719866736));
#6222=CARTESIAN_POINT('',(0.0199884567409754,0.040389002743068,0.147313719866736));
#6223=CARTESIAN_POINT('',(0.0199884567409754,0.0401756509526336,0.159536635754569));
#6224=CARTESIAN_POINT('',(0.0199884567409754,0.0401756509526336,0.159536635754569));
#6225=CARTESIAN_POINT('',(0.0199884567409754,0.0401756509526336,0.159536635754569));
#6226=CARTESIAN_POINT('',(0.0199884567409754,0.040389002743068,0.147313719866736));
#6227=CARTESIAN_POINT('',(0.00120828300714493,0.040389002743068,0.147313719866736));
#6228=CARTESIAN_POINT('',(-0.005715,0.0151,0.154238848411722));
#6229=CARTESIAN_POINT('',(0.01651,0.04558,0.154238848411722));
#6230=CARTESIAN_POINT('',(-0.005715,0.0151,0.154238848411722));
#6231=CARTESIAN_POINT('',(-7.1893116043637E-18,-1.04083408558608E-16,0.154238848411722));
#6232=CARTESIAN_POINT('',(-0.00604419182923875,0.0400464448500906,0.154238848411722));
#6233=CARTESIAN_POINT('',(-0.005715,0.0400464448500906,0.154238848411722));
#6234=CARTESIAN_POINT('',(-7.1893116043637E-18,-1.04083408558608E-16,0.154238848411722));
#6235=CARTESIAN_POINT('',(-0.00604419182923875,0.0400464448500906,0.154238848411722));
#6236=CARTESIAN_POINT('',(-0.005715,0.0400464448500906,0.154238848411722));
#6237=CARTESIAN_POINT('',(0.01651,0.04558,0.154238848411722));
#6238=CARTESIAN_POINT('',(-7.1893116043637E-18,-1.04083408558608E-16,0.154238848411722));
#6239=CARTESIAN_POINT('',(0.00604419182923874,0.0400464448500906,0.154238848411722));
#6240=CARTESIAN_POINT('',(0.00604419182923874,0.0400464448500906,0.154238848411722));
#6241=CARTESIAN_POINT('',(-7.1893116043637E-18,-1.04083408558608E-16,0.154238848411722));
#6242=CARTESIAN_POINT('',(0.005715,0.04685,0.154238848411722));
#6243=CARTESIAN_POINT('',(-0.01651,0.04558,0.154238848411722));
#6244=CARTESIAN_POINT('',(0.005715,0.04685,0.154238848411722));
#6245=CARTESIAN_POINT('',(0.005715,0.0400464448500906,0.154238848411722));
#6246=CARTESIAN_POINT('',(0.005715,0.0400464448500906,0.154238848411722));
#6247=CARTESIAN_POINT('',(-0.01651,0.04558,0.154238848411722));
#6248=CARTESIAN_POINT('',(-0.000584199999999991,0.0395002439618111,0.172283224761486));
#6249=CARTESIAN_POINT('',(-0.000584199999999991,0.0395002439618111,0.172913193702698));
#6250=CARTESIAN_POINT('',(0.00889,0.0395001154392957,0.172913193702698));
#6251=CARTESIAN_POINT('',(-0.000584199999999991,0.0395002439618111,0.172913193702698));
#6252=CARTESIAN_POINT('',(0.0446786,0.0372974257916211,0.173234581947326));
#6253=CARTESIAN_POINT('',(0.0446786,0.0350948646664619,0.173234581947326));
#6254=CARTESIAN_POINT('',(0.000228600000000009,0.0387431335851911,0.173234581947326));
#6255=CARTESIAN_POINT('',(0.0446786,0.0394999869167804,0.173234581947326));
#6256=CARTESIAN_POINT('',(0.0446786,0.0350948646664619,0.172358304262162));
#6257=CARTESIAN_POINT('',(0.0446786,0.0394999869167804,0.172358304262162));
#6258=CARTESIAN_POINT('',(0.000228600000000009,0.0387431335851911,0.140462));
#6259=MECHANICAL_DESIGN_GEOMETRIC_PRESENTATION_REPRESENTATION('',(#3743),
#6260);
#6260=(
GEOMETRIC_REPRESENTATION_CONTEXT(3)
GLOBAL_UNCERTAINTY_ASSIGNED_CONTEXT((#6261))
GLOBAL_UNIT_ASSIGNED_CONTEXT((#6264,#6263,#6262))
REPRESENTATION_CONTEXT('Landing Mount','TOP_LEVEL_ASSEMBLY_PART')
);
#6261=UNCERTAINTY_MEASURE_WITH_UNIT(LENGTH_MEASURE(2.E-5),#6264,
'DISTANCE_ACCURACY_VALUE','Maximum Tolerance applied to model');
#6262=(
NAMED_UNIT(*)
SI_UNIT($,.STERADIAN.)
SOLID_ANGLE_UNIT()
);
#6263=(
NAMED_UNIT(*)
PLANE_ANGLE_UNIT()
SI_UNIT($,.RADIAN.)
);
#6264=(
LENGTH_UNIT()
NAMED_UNIT(*)
SI_UNIT($,.METRE.)
);
#6265=PRODUCT_DEFINITION_SHAPE('','',#6266);
#6266=PRODUCT_DEFINITION('','',#6268,#6267);
#6267=PRODUCT_DEFINITION_CONTEXT('',#6274,'design');
#6268=PRODUCT_DEFINITION_FORMATION_WITH_SPECIFIED_SOURCE('','',#6270,
 .NOT_KNOWN.);
#6269=PRODUCT_RELATED_PRODUCT_CATEGORY('','',(#6270));
#6270=PRODUCT('Landing Mount','Landing Mount','Landing Mount',(#6272));
#6271=PRODUCT_CATEGORY('','');
#6272=PRODUCT_CONTEXT('',#6274,'mechanical');
#6273=APPLICATION_PROTOCOL_DEFINITION('international standard',
'ap242_managed_model_based_3d_engineering',2020,#6274);
#6274=APPLICATION_CONTEXT('managed model based 3d engineering');
ENDSEC;
END-ISO-10303-21;
